order_id,date,channel,customer_email,items,subtotal,promo_code,discount,tax,total,tender,cash_received
CL-0001,2026-09-01,counter,customer023@example.com,1 x Seasonal Pie @ 32.00,32.00,,0.00,2.56,34.56,card,
CL-0002,2026-09-01,counter,customer120@example.com,3 x Cinnamon Roll @ 3.25; 3 x Blueberry Scone @ 3.75; 1 x Birthday Cake @ 48.00,69.00,,0.00,5.52,74.52,cash,
CL-0003,2026-09-01,counter,customer116@example.com,1 x Birthday Cake @ 48.00,48.00,,0.00,3.84,51.84,card,
CL-0004,2026-09-01,counter,,1 x Cinnamon Roll @ 3.25,3.25,,0.00,0.26,3.51,card,
CL-0005,2026-09-01,counter,customer126@example.com,1 x Seasonal Pie @ 32.00; 2 x Coffee Beans @ 18.00,68.00,,0.00,5.44,73.44,cash,
CL-0006,2026-09-01,counter,customer090@example.com,3 x Cookie Box (12) @ 12.00,36.00,,0.00,2.88,38.88,card,
CL-0007,2026-09-01,counter,customer065@example.com,3 x Baguette @ 5.00,15.00,,0.00,1.20,16.20,cash,
CL-0008,2026-09-01,counter,,1 x Croissant Box (6) @ 21.00; 1 x Baguette @ 5.00; 1 x Coffee Beans @ 18.00,44.00,,0.00,3.52,47.52,cash,
CL-0009,2026-09-01,counter,customer111@example.com,3 x Coffee Beans @ 18.00,54.00,,0.00,4.32,58.32,cash,
CL-0010,2026-09-01,online,,3 x Croissant Box (6) @ 21.00,63.00,,0.00,5.04,68.04,card,
CL-0011,2026-09-01,counter,customer049@example.com,1 x Blueberry Scone @ 3.75; 3 x Cookie Box (12) @ 12.00,39.75,,0.00,3.18,42.93,card,
CL-0012,2026-09-01,counter,customer143@example.com,3 x Blueberry Scone @ 3.75; 1 x Coffee Beans @ 18.00,29.25,,0.00,2.34,31.59,card,
CL-0013,2026-09-01,online,customer155@example.com,1 x Blueberry Scone @ 3.75,3.75,,0.00,0.30,4.05,card,
CL-0014,2026-09-01,counter,customer017@example.com,2 x Baguette @ 5.00; 3 x Blueberry Scone @ 3.75,21.25,,0.00,1.70,22.95,cash,
CL-0015,2026-09-01,counter,customer056@example.com,1 x Cookie Box (12) @ 12.00,12.00,,0.00,0.96,12.96,cash,
CL-0016,2026-09-01,counter,,1 x Croissant Box (6) @ 21.00; 1 x Blueberry Scone @ 3.75,24.75,,0.00,1.98,26.73,card,
CL-0017,2026-09-01,online,,2 x Cinnamon Roll @ 3.25,6.50,,0.00,0.52,7.02,card,
CL-0018,2026-09-01,counter,customer078@example.com,3 x Croissant Box (6) @ 21.00; 3 x Cinnamon Roll @ 3.25; 1 x Birthday Cake @ 48.00,120.75,,0.00,9.66,130.41,cash,
CL-0019,2026-09-01,online,customer002@example.com,3 x Croissant Box (6) @ 21.00; 2 x Sourdough Loaf @ 9.00; 1 x Coffee Beans @ 18.00,99.00,,0.00,7.92,106.92,cash,
CL-0020,2026-09-01,counter,customer049@example.com,3 x Croissant Box (6) @ 21.00,63.00,,0.00,5.04,68.04,card,
CL-0021,2026-09-01,counter,,1 x Croissant Box (6) @ 21.00,21.00,,0.00,1.68,22.68,card,
CL-0022,2026-09-01,counter,customer108@example.com,2 x Blueberry Scone @ 3.75; 3 x Sourdough Loaf @ 9.00,34.50,,0.00,2.76,37.26,card,
CL-0023,2026-09-01,counter,,1 x Seasonal Pie @ 32.00; 2 x Cinnamon Roll @ 3.25; 3 x Coffee Beans @ 18.00,92.50,,0.00,7.40,99.90,cash,
CL-0024,2026-09-01,online,customer087@example.com,1 x Cinnamon Roll @ 3.25,3.25,,0.00,0.26,3.51,card,
CL-0025,2026-09-01,counter,customer142@example.com,2 x Croissant Box (6) @ 21.00; 2 x Baguette @ 5.00,52.00,,0.00,4.16,56.16,card,
CL-0026,2026-09-01,counter,customer056@example.com,3 x Croissant Box (6) @ 21.00,63.00,,0.00,5.04,68.04,card,
CL-0027,2026-09-01,counter,customer152@example.com,2 x Croissant Box (6) @ 21.00; 1 x Blueberry Scone @ 3.75,45.75,,0.00,3.66,49.41,cash,
CL-0028,2026-09-01,online,customer137@example.com,1 x Seasonal Pie @ 32.00; 3 x Cookie Box (12) @ 12.00; 2 x Sourdough Loaf @ 9.00,86.00,,0.00,6.88,92.88,card,
CL-0029,2026-09-01,counter,,2 x Blueberry Scone @ 3.75; 3 x Cookie Box (12) @ 12.00; 3 x Croissant Box (6) @ 21.00,106.50,,0.00,8.52,115.02,card,
CL-0030,2026-09-01,counter,customer141@example.com,2 x Cookie Box (12) @ 12.00,24.00,,0.00,1.92,25.92,card,
CL-0031,2026-09-01,counter,customer055@example.com,3 x Cinnamon Roll @ 3.25,9.75,,0.00,0.78,10.53,card,
CL-0032,2026-09-01,counter,customer030@example.com,1 x Coffee Beans @ 18.00; 2 x Sourdough Loaf @ 9.00; 1 x Baguette @ 5.00,41.00,,0.00,3.28,44.28,cash,
CL-0033,2026-09-01,counter,,1 x Seasonal Pie @ 32.00; 1 x Cookie Box (12) @ 12.00,44.00,,0.00,3.52,47.52,card,
CL-0034,2026-09-01,counter,customer039@example.com,1 x Birthday Cake @ 48.00; 1 x Seasonal Pie @ 32.00,80.00,,0.00,6.40,86.40,cash,
CL-0035,2026-09-01,counter,customer040@example.com,2 x Blueberry Scone @ 3.75,7.50,,0.00,0.60,8.10,card,
CL-0036,2026-09-01,counter,customer092@example.com,1 x Birthday Cake @ 48.00,48.00,,0.00,3.84,51.84,card,
CL-0037,2026-09-01,counter,,1 x Blueberry Scone @ 3.75,3.75,,0.00,0.30,4.05,card,
CL-0038,2026-09-01,counter,customer147@example.com,3 x Coffee Beans @ 18.00; 1 x Birthday Cake @ 48.00; 1 x Seasonal Pie @ 32.00,134.00,,0.00,10.72,144.72,card,
CL-0039,2026-09-01,counter,,1 x Seasonal Pie @ 32.00; 1 x Blueberry Scone @ 3.75; 3 x Sourdough Loaf @ 9.00,62.75,,0.00,5.02,67.77,card,
CL-0040,2026-09-01,counter,,1 x Blueberry Scone @ 3.75; 1 x Cinnamon Roll @ 3.25; 3 x Baguette @ 5.00,22.00,,0.00,1.76,23.76,card,
CL-0041,2026-09-01,online,,1 x Seasonal Pie @ 32.00; 2 x Baguette @ 5.00; 2 x Coffee Beans @ 18.00,78.00,,0.00,6.24,84.24,card,
CL-0042,2026-09-01,online,,3 x Coffee Beans @ 18.00; 3 x Cinnamon Roll @ 3.25,63.75,,0.00,5.10,68.85,card,
CL-0043,2026-09-01,counter,customer027@example.com,1 x Croissant Box (6) @ 21.00; 1 x Coffee Beans @ 18.00; 1 x Cinnamon Roll @ 3.25,42.25,,0.00,3.38,45.63,cash,
CL-0044,2026-09-01,counter,customer033@example.com,2 x Coffee Beans @ 18.00; 2 x Sourdough Loaf @ 9.00,54.00,,0.00,4.32,58.32,card,
CL-0045,2026-09-01,counter,customer083@example.com,2 x Cookie Box (12) @ 12.00,24.00,,0.00,1.92,25.92,card,
CL-0046,2026-09-01,online,customer060@example.com,2 x Cinnamon Roll @ 3.25; 1 x Croissant Box (6) @ 21.00,27.50,,0.00,2.20,29.70,card,
CL-0047,2026-09-01,online,customer040@example.com,3 x Cinnamon Roll @ 3.25,9.75,,0.00,0.78,10.53,cash,
CL-0048,2026-09-01,counter,,1 x Birthday Cake @ 48.00; 1 x Sourdough Loaf @ 9.00; 1 x Seasonal Pie @ 32.00,89.00,,0.00,7.12,96.12,card,
CL-0049,2026-09-01,counter,customer025@example.com,3 x Croissant Box (6) @ 21.00; 1 x Blueberry Scone @ 3.75,66.75,,0.00,5.34,72.09,card,
CL-0050,2026-09-02,online,customer136@example.com,3 x Sourdough Loaf @ 9.00; 1 x Seasonal Pie @ 32.00; 2 x Croissant Box (6) @ 21.00,101.00,,0.00,8.08,109.08,card,
CL-0051,2026-09-02,counter,customer039@example.com,1 x Blueberry Scone @ 3.75; 1 x Coffee Beans @ 18.00; 3 x Sourdough Loaf @ 9.00,48.75,,0.00,3.90,52.65,card,
CL-0052,2026-09-02,counter,customer053@example.com,1 x Coffee Beans @ 18.00,18.00,,0.00,1.44,19.44,card,
CL-0053,2026-09-02,online,customer146@example.com,1 x Baguette @ 5.00; 1 x Croissant Box (6) @ 21.00,26.00,,0.00,2.08,28.08,card,
CL-0054,2026-09-02,online,customer099@example.com,1 x Seasonal Pie @ 32.00,32.00,,0.00,2.56,34.56,card,
CL-0055,2026-09-02,online,customer109@example.com,1 x Cinnamon Roll @ 3.25; 1 x Seasonal Pie @ 32.00,35.25,,0.00,2.82,38.07,cash,
CL-0056,2026-09-02,online,customer147@example.com,1 x Blueberry Scone @ 3.75; 1 x Birthday Cake @ 48.00; 3 x Sourdough Loaf @ 9.00,78.75,,0.00,6.30,85.05,cash,
CL-0057,2026-09-02,online,,1 x Seasonal Pie @ 32.00; 1 x Croissant Box (6) @ 21.00,53.00,,0.00,4.24,57.24,card,
CL-0058,2026-09-02,online,customer085@example.com,1 x Cookie Box (12) @ 12.00,12.00,,0.00,0.96,12.96,card,
CL-0059,2026-09-02,counter,customer154@example.com,1 x Cookie Box (12) @ 12.00,12.00,,0.00,0.96,12.96,cash,
CL-0060,2026-09-02,counter,,3 x Croissant Box (6) @ 21.00; 3 x Baguette @ 5.00,78.00,,0.00,6.24,84.24,card,
CL-0061,2026-09-02,counter,customer096@example.com,3 x Cinnamon Roll @ 3.25,9.75,,0.00,0.78,10.53,card,
CL-0062,2026-09-02,counter,customer007@example.com,3 x Sourdough Loaf @ 9.00,27.00,,0.00,2.16,29.16,card,
CL-0063,2026-09-02,online,customer143@example.com,2 x Sourdough Loaf @ 9.00,18.00,,0.00,1.44,19.44,card,
CL-0064,2026-09-02,online,customer028@example.com,1 x Seasonal Pie @ 32.00,32.00,,0.00,2.56,34.56,card,
CL-0065,2026-09-02,counter,customer033@example.com,3 x Sourdough Loaf @ 9.00; 1 x Coffee Beans @ 18.00; 1 x Cinnamon Roll @ 3.25,48.25,,0.00,3.86,52.11,card,
CL-0066,2026-09-02,counter,,3 x Baguette @ 5.00; 1 x Birthday Cake @ 48.00,63.00,,0.00,5.04,68.04,card,
CL-0067,2026-09-02,online,,3 x Blueberry Scone @ 3.75; 1 x Baguette @ 5.00; 3 x Croissant Box (6) @ 21.00,79.25,,0.00,6.34,85.59,card,
CL-0068,2026-09-02,counter,customer022@example.com,1 x Baguette @ 5.00; 3 x Cinnamon Roll @ 3.25,14.75,,0.00,1.18,15.93,card,
CL-0069,2026-09-02,online,customer088@example.com,1 x Seasonal Pie @ 32.00; 2 x Blueberry Scone @ 3.75,39.50,,0.00,3.16,42.66,cash,
CL-0070,2026-09-02,online,customer020@example.com,2 x Croissant Box (6) @ 21.00; 2 x Baguette @ 5.00,52.00,,0.00,4.16,56.16,card,
CL-0071,2026-09-02,counter,customer098@example.com,3 x Cookie Box (12) @ 12.00,36.00,,0.00,2.88,38.88,card,
CL-0072,2026-09-02,counter,customer084@example.com,3 x Sourdough Loaf @ 9.00; 1 x Croissant Box (6) @ 21.00,48.00,,0.00,3.84,51.84,card,
CL-0073,2026-09-02,online,customer030@example.com,1 x Baguette @ 5.00,5.00,,0.00,0.40,5.40,card,
CL-0074,2026-09-02,counter,customer093@example.com,2 x Baguette @ 5.00; 1 x Seasonal Pie @ 32.00; 2 x Cookie Box (12) @ 12.00,66.00,,0.00,5.28,71.28,cash,
CL-0075,2026-09-02,counter,,3 x Cinnamon Roll @ 3.25,9.75,,0.00,0.78,10.53,card,
CL-0076,2026-09-02,counter,,2 x Baguette @ 5.00; 1 x Cinnamon Roll @ 3.25,13.25,,0.00,1.06,14.31,card,
CL-0077,2026-09-02,counter,,3 x Blueberry Scone @ 3.75; 3 x Baguette @ 5.00; 2 x Croissant Box (6) @ 21.00,68.25,,0.00,5.46,73.71,card,
CL-0078,2026-09-02,online,,1 x Seasonal Pie @ 32.00,32.00,,0.00,2.56,34.56,card,
CL-0079,2026-09-02,counter,customer140@example.com,3 x Cookie Box (12) @ 12.00; 2 x Baguette @ 5.00; 1 x Sourdough Loaf @ 9.00,55.00,,0.00,4.40,59.40,card,
CL-0080,2026-09-02,counter,customer083@example.com,3 x Cinnamon Roll @ 3.25; 2 x Coffee Beans @ 18.00,45.75,,0.00,3.66,49.41,card,
CL-0081,2026-09-02,counter,,3 x Blueberry Scone @ 3.75; 1 x Coffee Beans @ 18.00,29.25,,0.00,2.34,31.59,cash,
CL-0082,2026-09-02,counter,,1 x Cinnamon Roll @ 3.25; 1 x Cookie Box (12) @ 12.00; 2 x Sourdough Loaf @ 9.00,33.25,,0.00,2.66,35.91,card,
CL-0083,2026-09-02,counter,,1 x Baguette @ 5.00,5.00,,0.00,0.40,5.40,card,
CL-0084,2026-09-02,counter,,2 x Croissant Box (6) @ 21.00,42.00,,0.00,3.36,45.36,cash,
CL-0085,2026-09-02,counter,customer146@example.com,1 x Croissant Box (6) @ 21.00,21.00,,0.00,1.68,22.68,card,
CL-0086,2026-09-02,counter,customer030@example.com,3 x Cinnamon Roll @ 3.25; 2 x Coffee Beans @ 18.00; 3 x Sourdough Loaf @ 9.00,72.75,,0.00,5.82,78.57,card,
CL-0087,2026-09-02,counter,customer146@example.com,1 x Seasonal Pie @ 32.00; 3 x Blueberry Scone @ 3.75,43.25,,0.00,3.46,46.71,card,
CL-0088,2026-09-02,counter,customer027@example.com,1 x Croissant Box (6) @ 21.00,21.00,,0.00,1.68,22.68,card,
CL-0089,2026-09-02,online,customer151@example.com,2 x Sourdough Loaf @ 9.00; 1 x Baguette @ 5.00; 2 x Cinnamon Roll @ 3.25,29.50,,0.00,2.36,31.86,card,
CL-0090,2026-09-02,counter,,3 x Croissant Box (6) @ 21.00; 3 x Coffee Beans @ 18.00; 3 x Baguette @ 5.00,132.00,,0.00,10.56,142.56,card,
CL-0091,2026-09-02,counter,customer114@example.com,3 x Croissant Box (6) @ 21.00; 1 x Birthday Cake @ 48.00,111.00,,0.00,8.88,119.88,card,
CL-0092,2026-09-03,counter,customer068@example.com,1 x Seasonal Pie @ 32.00,32.00,,0.00,2.56,34.56,cash,
CL-0093,2026-09-03,counter,,1 x Birthday Cake @ 48.00,48.00,,0.00,3.84,51.84,card,
CL-0094,2026-09-03,counter,customer018@example.com,2 x Coffee Beans @ 18.00; 1 x Seasonal Pie @ 32.00,68.00,,0.00,5.44,73.44,card,
CL-0095,2026-09-03,counter,,2 x Cinnamon Roll @ 3.25; 1 x Seasonal Pie @ 32.00,38.50,,0.00,3.08,41.58,cash,
CL-0096,2026-09-03,counter,,2 x Blueberry Scone @ 3.75; 2 x Cinnamon Roll @ 3.25,14.00,,0.00,1.12,15.12,card,
CL-0097,2026-09-03,counter,,1 x Blueberry Scone @ 3.75,3.75,,0.00,0.30,4.05,card,
CL-0098,2026-09-03,counter,,1 x Cookie Box (12) @ 12.00; 1 x Blueberry Scone @ 3.75,15.75,,0.00,1.26,17.01,card,
CL-0099,2026-09-03,counter,customer156@example.com,1 x Birthday Cake @ 48.00; 2 x Blueberry Scone @ 3.75; 2 x Baguette @ 5.00,65.50,,0.00,5.24,70.74,card,
CL-0100,2026-09-03,counter,customer074@example.com,2 x Baguette @ 5.00,10.00,,0.00,0.80,10.80,cash,
CL-0101,2026-09-03,counter,,3 x Sourdough Loaf @ 9.00,27.00,,0.00,2.16,29.16,card,
CL-0102,2026-09-03,counter,,1 x Cinnamon Roll @ 3.25; 2 x Blueberry Scone @ 3.75,10.75,,0.00,0.86,11.61,card,
CL-0103,2026-09-03,online,customer099@example.com,1 x Birthday Cake @ 48.00; 3 x Cookie Box (12) @ 12.00; 2 x Baguette @ 5.00,94.00,,0.00,7.52,101.52,card,
CL-0104,2026-09-03,counter,,1 x Birthday Cake @ 48.00,48.00,,0.00,3.84,51.84,card,
CL-0105,2026-09-03,counter,customer155@example.com,3 x Baguette @ 5.00,15.00,,0.00,1.20,16.20,card,
CL-0106,2026-09-03,counter,customer062@example.com,3 x Cinnamon Roll @ 3.25,9.75,,0.00,0.78,10.53,card,
CL-0107,2026-09-03,counter,customer055@example.com,3 x Cinnamon Roll @ 3.25; 1 x Cookie Box (12) @ 12.00,21.75,,0.00,1.74,23.49,card,
CL-0108,2026-09-03,online,,2 x Cookie Box (12) @ 12.00,24.00,,0.00,1.92,25.92,card,
CL-0109,2026-09-03,counter,,2 x Blueberry Scone @ 3.75,7.50,,0.00,0.60,8.10,cash,
CL-0110,2026-09-03,online,customer036@example.com,1 x Birthday Cake @ 48.00,48.00,,0.00,3.84,51.84,card,
CL-0111,2026-09-03,online,customer051@example.com,1 x Birthday Cake @ 48.00,48.00,,0.00,3.84,51.84,card,
CL-0112,2026-09-03,counter,customer011@example.com,1 x Blueberry Scone @ 3.75; 2 x Coffee Beans @ 18.00,39.75,,0.00,3.18,42.93,card,
CL-0113,2026-09-03,counter,,1 x Cinnamon Roll @ 3.25,3.25,,0.00,0.26,3.51,card,
CL-0114,2026-09-03,online,customer006@example.com,1 x Coffee Beans @ 18.00; 1 x Seasonal Pie @ 32.00,50.00,,0.00,4.00,54.00,cash,
CL-0115,2026-09-03,online,customer135@example.com,3 x Baguette @ 5.00; 1 x Seasonal Pie @ 32.00; 1 x Coffee Beans @ 18.00,65.00,,0.00,5.20,70.20,cash,
CL-0116,2026-09-03,counter,customer058@example.com,1 x Seasonal Pie @ 32.00; 3 x Baguette @ 5.00,47.00,,0.00,3.76,50.76,card,
CL-0117,2026-09-03,counter,customer131@example.com,1 x Birthday Cake @ 48.00; 2 x Coffee Beans @ 18.00,84.00,,0.00,6.72,90.72,cash,
CL-0118,2026-09-03,online,customer067@example.com,2 x Croissant Box (6) @ 21.00; 1 x Blueberry Scone @ 3.75; 1 x Sourdough Loaf @ 9.00,54.75,,0.00,4.38,59.13,card,
CL-0119,2026-09-03,counter,customer095@example.com,1 x Seasonal Pie @ 32.00,32.00,,0.00,2.56,34.56,card,
CL-0120,2026-09-03,counter,customer086@example.com,3 x Baguette @ 5.00,15.00,,0.00,1.20,16.20,card,
CL-0121,2026-09-03,counter,customer084@example.com,2 x Cinnamon Roll @ 3.25,6.50,,0.00,0.52,7.02,card,
CL-0122,2026-09-03,counter,customer052@example.com,2 x Coffee Beans @ 18.00; 1 x Sourdough Loaf @ 9.00; 1 x Baguette @ 5.00,50.00,,0.00,4.00,54.00,cash,
CL-0123,2026-09-03,counter,,1 x Seasonal Pie @ 32.00; 1 x Cookie Box (12) @ 12.00,44.00,,0.00,3.52,47.52,cash,
CL-0124,2026-09-03,counter,customer126@example.com,1 x Sourdough Loaf @ 9.00; 3 x Cinnamon Roll @ 3.25,18.75,,0.00,1.50,20.25,card,
CL-0125,2026-09-03,counter,customer042@example.com,3 x Croissant Box (6) @ 21.00,63.00,,0.00,5.04,68.04,cash,
CL-0126,2026-09-03,counter,customer015@example.com,1 x Birthday Cake @ 48.00,48.00,,0.00,3.84,51.84,card,
CL-0127,2026-09-03,counter,customer118@example.com,1 x Baguette @ 5.00,5.00,,0.00,0.40,5.40,card,
CL-0128,2026-09-03,online,customer107@example.com,1 x Seasonal Pie @ 32.00; 1 x Birthday Cake @ 48.00; 1 x Coffee Beans @ 18.00,98.00,,0.00,7.84,105.84,cash,
CL-0129,2026-09-03,counter,,1 x Seasonal Pie @ 32.00,32.00,,0.00,2.56,34.56,card,
CL-0130,2026-09-03,counter,customer100@example.com,1 x Seasonal Pie @ 32.00,32.00,,0.00,2.56,34.56,card,
CL-0131,2026-09-03,counter,,3 x Baguette @ 5.00; 1 x Birthday Cake @ 48.00; 3 x Sourdough Loaf @ 9.00,90.00,,0.00,7.20,97.20,card,
CL-0132,2026-09-03,online,,2 x Coffee Beans @ 18.00; 1 x Cookie Box (12) @ 12.00,48.00,,0.00,3.84,51.84,card,
CL-0133,2026-09-03,counter,customer143@example.com,2 x Sourdough Loaf @ 9.00; 1 x Baguette @ 5.00,23.00,,0.00,1.84,24.84,cash,
CL-0134,2026-09-03,counter,customer118@example.com,3 x Baguette @ 5.00,15.00,,0.00,1.20,16.20,card,
CL-0135,2026-09-03,counter,,3 x Sourdough Loaf @ 9.00; 1 x Cookie Box (12) @ 12.00,39.00,,0.00,3.12,42.12,card,
CL-0136,2026-09-03,counter,customer132@example.com,2 x Cookie Box (12) @ 12.00; 3 x Sourdough Loaf @ 9.00,51.00,,0.00,4.08,55.08,card,
CL-0137,2026-09-03,counter,,3 x Cookie Box (12) @ 12.00; 3 x Blueberry Scone @ 3.75,47.25,,0.00,3.78,51.03,card,
CL-0138,2026-09-03,counter,customer111@example.com,3 x Coffee Beans @ 18.00; 3 x Cookie Box (12) @ 12.00; 2 x Sourdough Loaf @ 9.00,108.00,,0.00,8.64,116.64,card,
CL-0139,2026-09-03,online,customer008@example.com,3 x Sourdough Loaf @ 9.00; 2 x Cookie Box (12) @ 12.00,51.00,,0.00,4.08,55.08,card,
CL-0140,2026-09-04,counter,customer030@example.com,3 x Sourdough Loaf @ 9.00,27.00,,0.00,2.16,29.16,card,
CL-0141,2026-09-04,counter,,2 x Cinnamon Roll @ 3.25; 2 x Baguette @ 5.00,16.50,,0.00,1.32,17.82,card,
CL-0142,2026-09-04,counter,,1 x Sourdough Loaf @ 9.00; 3 x Blueberry Scone @ 3.75; 1 x Birthday Cake @ 48.00,68.25,,0.00,5.46,73.71,card,
CL-0143,2026-09-04,counter,customer060@example.com,1 x Birthday Cake @ 48.00; 1 x Seasonal Pie @ 32.00,80.00,,0.00,6.40,86.40,card,
CL-0144,2026-09-04,counter,,1 x Baguette @ 5.00; 1 x Seasonal Pie @ 32.00,37.00,,0.00,2.96,39.96,card,
CL-0145,2026-09-04,online,customer053@example.com,2 x Baguette @ 5.00,10.00,,0.00,0.80,10.80,card,
CL-0146,2026-09-04,counter,customer113@example.com,3 x Baguette @ 5.00; 1 x Birthday Cake @ 48.00; 2 x Coffee Beans @ 18.00,99.00,,0.00,7.92,106.92,card,
CL-0147,2026-09-04,online,customer086@example.com,3 x Cookie Box (12) @ 12.00,36.00,,0.00,2.88,38.88,card,
CL-0148,2026-09-04,counter,,1 x Croissant Box (6) @ 21.00; 3 x Coffee Beans @ 18.00; 1 x Baguette @ 5.00,80.00,,0.00,6.40,86.40,cash,
CL-0149,2026-09-04,counter,,1 x Cookie Box (12) @ 12.00; 3 x Baguette @ 5.00,27.00,,0.00,2.16,29.16,card,
CL-0150,2026-09-04,online,,1 x Seasonal Pie @ 32.00; 1 x Sourdough Loaf @ 9.00; 2 x Croissant Box (6) @ 21.00,83.00,,0.00,6.64,89.64,card,
CL-0151,2026-09-04,counter,,1 x Sourdough Loaf @ 9.00,9.00,,0.00,0.72,9.72,card,
CL-0152,2026-09-04,online,customer092@example.com,3 x Croissant Box (6) @ 21.00; 3 x Sourdough Loaf @ 9.00,90.00,,0.00,7.20,97.20,cash,
CL-0153,2026-09-04,counter,customer061@example.com,1 x Baguette @ 5.00; 3 x Blueberry Scone @ 3.75; 2 x Cinnamon Roll @ 3.25,22.75,,0.00,1.82,24.57,card,
CL-0154,2026-09-04,online,,1 x Croissant Box (6) @ 21.00,21.00,,0.00,1.68,22.68,card,
CL-0155,2026-09-04,online,,1 x Birthday Cake @ 48.00; 2 x Cookie Box (12) @ 12.00; 3 x Sourdough Loaf @ 9.00,99.00,,0.00,7.92,106.92,card,
CL-0156,2026-09-04,online,customer096@example.com,3 x Baguette @ 5.00,15.00,,0.00,1.20,16.20,card,
CL-0157,2026-09-04,online,customer149@example.com,1 x Croissant Box (6) @ 21.00; 3 x Baguette @ 5.00,36.00,,0.00,2.88,38.88,card,
CL-0158,2026-09-04,counter,customer083@example.com,1 x Birthday Cake @ 48.00,48.00,,0.00,3.84,51.84,card,
CL-0159,2026-09-04,counter,customer021@example.com,1 x Cookie Box (12) @ 12.00; 1 x Coffee Beans @ 18.00,30.00,,0.00,2.40,32.40,cash,
CL-0160,2026-09-04,online,customer142@example.com,2 x Cookie Box (12) @ 12.00; 3 x Cinnamon Roll @ 3.25; 2 x Croissant Box (6) @ 21.00,75.75,,0.00,6.06,81.81,card,
CL-0161,2026-09-04,counter,customer005@example.com,1 x Birthday Cake @ 48.00; 1 x Blueberry Scone @ 3.75,51.75,,0.00,4.14,55.89,card,
CL-0162,2026-09-04,counter,customer077@example.com,1 x Seasonal Pie @ 32.00; 1 x Birthday Cake @ 48.00; 3 x Cookie Box (12) @ 12.00,116.00,,0.00,9.28,125.28,card,
CL-0163,2026-09-04,online,customer074@example.com,1 x Croissant Box (6) @ 21.00; 2 x Blueberry Scone @ 3.75; 1 x Baguette @ 5.00,33.50,,0.00,2.68,36.18,cash,
CL-0164,2026-09-04,online,customer149@example.com,2 x Cinnamon Roll @ 3.25; 1 x Blueberry Scone @ 3.75,10.25,,0.00,0.82,11.07,card,
CL-0165,2026-09-04,online,,1 x Baguette @ 5.00; 2 x Coffee Beans @ 18.00,41.00,,0.00,3.28,44.28,card,
CL-0166,2026-09-04,online,,1 x Coffee Beans @ 18.00,18.00,,0.00,1.44,19.44,card,
CL-0167,2026-09-04,counter,customer051@example.com,1 x Sourdough Loaf @ 9.00,9.00,,0.00,0.72,9.72,card,
CL-0168,2026-09-04,counter,customer037@example.com,1 x Baguette @ 5.00; 2 x Cookie Box (12) @ 12.00,29.00,,0.00,2.32,31.32,cash,
CL-0169,2026-09-04,online,,1 x Birthday Cake @ 48.00,48.00,,0.00,3.84,51.84,card,
CL-0170,2026-09-04,online,customer015@example.com,2 x Blueberry Scone @ 3.75,7.50,,0.00,0.60,8.10,card,
CL-0171,2026-09-04,online,customer071@example.com,3 x Croissant Box (6) @ 21.00; 3 x Baguette @ 5.00,78.00,,0.00,6.24,84.24,card,
CL-0172,2026-09-04,counter,customer079@example.com,3 x Coffee Beans @ 18.00,54.00,,0.00,4.32,58.32,cash,
CL-0173,2026-09-04,online,,2 x Blueberry Scone @ 3.75; 1 x Birthday Cake @ 48.00; 1 x Coffee Beans @ 18.00,73.50,,0.00,5.88,79.38,card,
CL-0174,2026-09-04,counter,,2 x Coffee Beans @ 18.00,36.00,,0.00,2.88,38.88,card,
CL-0175,2026-09-04,counter,,3 x Croissant Box (6) @ 21.00,63.00,,0.00,5.04,68.04,card,
CL-0176,2026-09-04,counter,customer006@example.com,3 x Baguette @ 5.00; 3 x Croissant Box (6) @ 21.00; 2 x Cookie Box (12) @ 12.00,102.00,,0.00,8.16,110.16,card,
CL-0177,2026-09-04,counter,customer025@example.com,3 x Sourdough Loaf @ 9.00,27.00,,0.00,2.16,29.16,card,
CL-0178,2026-09-04,online,,1 x Birthday Cake @ 48.00,48.00,,0.00,3.84,51.84,card,
CL-0179,2026-09-04,counter,customer104@example.com,1 x Seasonal Pie @ 32.00; 3 x Coffee Beans @ 18.00,86.00,,0.00,6.88,92.88,cash,
CL-0180,2026-09-04,counter,,2 x Cinnamon Roll @ 3.25,6.50,,0.00,0.52,7.02,card,
CL-0181,2026-09-04,online,customer035@example.com,1 x Birthday Cake @ 48.00; 2 x Cinnamon Roll @ 3.25; 1 x Seasonal Pie @ 32.00,86.50,,0.00,6.92,93.42,card,
CL-0182,2026-09-04,counter,,1 x Coffee Beans @ 18.00; 3 x Cinnamon Roll @ 3.25; 2 x Croissant Box (6) @ 21.00,69.75,,0.00,5.58,75.33,cash,
CL-0183,2026-09-04,online,customer134@example.com,2 x Blueberry Scone @ 3.75,7.50,,0.00,0.60,8.10,card,
CL-0184,2026-09-04,online,customer122@example.com,1 x Blueberry Scone @ 3.75; 3 x Croissant Box (6) @ 21.00,66.75,,0.00,5.34,72.09,cash,
CL-0185,2026-09-05,online,,1 x Baguette @ 5.00,5.00,,0.00,0.40,5.40,cash,
CL-0186,2026-09-05,counter,customer155@example.com,1 x Birthday Cake @ 48.00,48.00,,0.00,3.84,51.84,card,
CL-0187,2026-09-05,online,,3 x Coffee Beans @ 18.00; 3 x Cookie Box (12) @ 12.00,90.00,,0.00,7.20,97.20,card,
CL-0188,2026-09-05,online,customer008@example.com,2 x Cinnamon Roll @ 3.25; 2 x Blueberry Scone @ 3.75; 1 x Birthday Cake @ 48.00,62.00,,0.00,4.96,66.96,card,
CL-0189,2026-09-05,online,,1 x Birthday Cake @ 48.00,48.00,,0.00,3.84,51.84,card,
CL-0190,2026-09-05,counter,customer009@example.com,1 x Cinnamon Roll @ 3.25; 1 x Seasonal Pie @ 32.00; 1 x Birthday Cake @ 48.00,83.25,,0.00,6.66,89.91,cash,
CL-0191,2026-09-05,counter,,3 x Sourdough Loaf @ 9.00,27.00,,0.00,2.16,29.16,card,
CL-0192,2026-09-05,counter,,3 x Sourdough Loaf @ 9.00; 2 x Cinnamon Roll @ 3.25,33.50,,0.00,2.68,36.18,cash,
CL-0193,2026-09-05,online,customer114@example.com,1 x Birthday Cake @ 48.00; 1 x Seasonal Pie @ 32.00; 2 x Cookie Box (12) @ 12.00,104.00,,0.00,8.32,112.32,card,
CL-0194,2026-09-05,counter,customer125@example.com,1 x Cookie Box (12) @ 12.00; 2 x Sourdough Loaf @ 9.00,30.00,,0.00,2.40,32.40,card,
CL-0195,2026-09-05,online,customer145@example.com,3 x Croissant Box (6) @ 21.00,63.00,,0.00,5.04,68.04,card,
CL-0196,2026-09-05,online,,3 x Croissant Box (6) @ 21.00; 1 x Baguette @ 5.00; 1 x Seasonal Pie @ 32.00,100.00,,0.00,8.00,108.00,card,
CL-0197,2026-09-05,online,,1 x Birthday Cake @ 48.00; 1 x Croissant Box (6) @ 21.00; 2 x Sourdough Loaf @ 9.00,87.00,,0.00,6.96,93.96,card,
CL-0198,2026-09-05,counter,,1 x Sourdough Loaf @ 9.00,9.00,,0.00,0.72,9.72,card,
CL-0199,2026-09-05,online,customer051@example.com,1 x Cinnamon Roll @ 3.25; 3 x Sourdough Loaf @ 9.00; 1 x Croissant Box (6) @ 21.00,51.25,,0.00,4.10,55.35,card,
CL-0200,2026-09-05,online,,3 x Cookie Box (12) @ 12.00,36.00,,0.00,2.88,38.88,card,
CL-0201,2026-09-05,counter,customer111@example.com,1 x Birthday Cake @ 48.00,48.00,,0.00,3.84,51.84,card,
CL-0202,2026-09-05,counter,customer018@example.com,1 x Seasonal Pie @ 32.00; 1 x Birthday Cake @ 48.00,80.00,,0.00,6.40,86.40,card,
CL-0203,2026-09-05,counter,,1 x Croissant Box (6) @ 21.00; 2 x Baguette @ 5.00; 1 x Seasonal Pie @ 32.00,63.00,,0.00,5.04,68.04,card,
CL-0204,2026-09-05,online,customer040@example.com,1 x Croissant Box (6) @ 21.00,21.00,,0.00,1.68,22.68,card,
CL-0205,2026-09-05,counter,customer036@example.com,3 x Blueberry Scone @ 3.75; 3 x Sourdough Loaf @ 9.00,38.25,,0.00,3.06,41.31,card,
CL-0206,2026-09-05,counter,,3 x Sourdough Loaf @ 9.00,27.00,,0.00,2.16,29.16,card,
CL-0207,2026-09-05,online,customer003@example.com,1 x Cinnamon Roll @ 3.25; 1 x Birthday Cake @ 48.00,51.25,,0.00,4.10,55.35,cash,
CL-0208,2026-09-05,online,customer063@example.com,1 x Sourdough Loaf @ 9.00,9.00,,0.00,0.72,9.72,cash,
CL-0209,2026-09-05,counter,,3 x Cookie Box (12) @ 12.00; 2 x Sourdough Loaf @ 9.00; 1 x Seasonal Pie @ 32.00,86.00,,0.00,6.88,92.88,card,
CL-0210,2026-09-05,online,customer024@example.com,3 x Blueberry Scone @ 3.75; 2 x Coffee Beans @ 18.00; 1 x Seasonal Pie @ 32.00,79.25,,0.00,6.34,85.59,card,
CL-0211,2026-09-05,online,customer065@example.com,2 x Coffee Beans @ 18.00; 1 x Blueberry Scone @ 3.75; 2 x Cinnamon Roll @ 3.25,46.25,,0.00,3.70,49.95,card,
CL-0212,2026-09-05,counter,customer136@example.com,1 x Seasonal Pie @ 32.00,32.00,,0.00,2.56,34.56,cash,
CL-0213,2026-09-05,counter,customer150@example.com,1 x Seasonal Pie @ 32.00,32.00,,0.00,2.56,34.56,cash,
CL-0214,2026-09-05,counter,customer028@example.com,1 x Croissant Box (6) @ 21.00,21.00,,0.00,1.68,22.68,card,
CL-0215,2026-09-05,counter,,2 x Coffee Beans @ 18.00; 1 x Sourdough Loaf @ 9.00,45.00,,0.00,3.60,48.60,card,
CL-0216,2026-09-05,counter,customer019@example.com,2 x Coffee Beans @ 18.00,36.00,,0.00,2.88,38.88,card,
CL-0217,2026-09-05,counter,customer141@example.com,1 x Sourdough Loaf @ 9.00,9.00,,0.00,0.72,9.72,card,
CL-0218,2026-09-05,counter,customer002@example.com,3 x Sourdough Loaf @ 9.00,27.00,,0.00,2.16,29.16,card,
CL-0219,2026-09-05,online,,1 x Birthday Cake @ 48.00; 1 x Seasonal Pie @ 32.00; 1 x Blueberry Scone @ 3.75,83.75,,0.00,6.70,90.45,card,
CL-0220,2026-09-05,online,,1 x Seasonal Pie @ 32.00; 1 x Cookie Box (12) @ 12.00; 2 x Sourdough Loaf @ 9.00,62.00,,0.00,4.96,66.96,cash,
CL-0221,2026-09-05,online,customer140@example.com,1 x Seasonal Pie @ 32.00,32.00,,0.00,2.56,34.56,card,
CL-0222,2026-09-05,counter,,1 x Seasonal Pie @ 32.00; 2 x Croissant Box (6) @ 21.00,74.00,,0.00,5.92,79.92,card,
CL-0223,2026-09-05,counter,customer087@example.com,3 x Sourdough Loaf @ 9.00; 3 x Cookie Box (12) @ 12.00; 3 x Blueberry Scone @ 3.75,74.25,,0.00,5.94,80.19,card,
CL-0224,2026-09-05,counter,customer082@example.com,3 x Sourdough Loaf @ 9.00,27.00,,0.00,2.16,29.16,card,
CL-0225,2026-09-05,counter,,3 x Blueberry Scone @ 3.75,11.25,,0.00,0.90,12.15,cash,
CL-0226,2026-09-05,counter,customer153@example.com,1 x Seasonal Pie @ 32.00; 3 x Cinnamon Roll @ 3.25,41.75,,0.00,3.34,45.09,card,
CL-0227,2026-09-05,online,customer032@example.com,1 x Sourdough Loaf @ 9.00; 1 x Cookie Box (12) @ 12.00,21.00,,0.00,1.68,22.68,card,
CL-0228,2026-09-05,counter,customer082@example.com,2 x Cookie Box (12) @ 12.00; 1 x Seasonal Pie @ 32.00; 3 x Sourdough Loaf @ 9.00,83.00,,0.00,6.64,89.64,card,
CL-0229,2026-09-05,counter,,1 x Birthday Cake @ 48.00; 2 x Cookie Box (12) @ 12.00; 3 x Sourdough Loaf @ 9.00,99.00,,0.00,7.92,106.92,card,
CL-0230,2026-09-06,counter,customer031@example.com,1 x Birthday Cake @ 48.00; 1 x Cinnamon Roll @ 3.25,51.25,,0.00,4.10,55.35,card,
CL-0231,2026-09-06,counter,customer098@example.com,2 x Croissant Box (6) @ 21.00,42.00,,0.00,3.36,45.36,card,
CL-0232,2026-09-06,counter,customer018@example.com,3 x Baguette @ 5.00; 1 x Birthday Cake @ 48.00,63.00,,0.00,5.04,68.04,cash,
CL-0233,2026-09-06,counter,,1 x Coffee Beans @ 18.00; 3 x Sourdough Loaf @ 9.00; 1 x Birthday Cake @ 48.00,93.00,,0.00,7.44,100.44,cash,
CL-0234,2026-09-06,online,customer026@example.com,2 x Sourdough Loaf @ 9.00,18.00,,0.00,1.44,19.44,cash,
CL-0235,2026-09-06,counter,,2 x Baguette @ 5.00,10.00,,0.00,0.80,10.80,card,
CL-0236,2026-09-06,online,customer158@example.com,2 x Baguette @ 5.00; 1 x Birthday Cake @ 48.00; 1 x Seasonal Pie @ 32.00,90.00,,0.00,7.20,97.20,cash,
CL-0237,2026-09-06,counter,customer021@example.com,1 x Cookie Box (12) @ 12.00,12.00,,0.00,0.96,12.96,card,
CL-0238,2026-09-06,counter,,1 x Cinnamon Roll @ 3.25; 3 x Baguette @ 5.00,18.25,,0.00,1.46,19.71,cash,
CL-0239,2026-09-06,counter,,2 x Coffee Beans @ 18.00; 3 x Blueberry Scone @ 3.75,47.25,,0.00,3.78,51.03,card,
CL-0240,2026-09-06,online,customer149@example.com,2 x Sourdough Loaf @ 9.00,18.00,,0.00,1.44,19.44,card,
CL-0241,2026-09-06,counter,jamie@cornerloaf.example,1 x Sourdough Loaf @ 9.00,9.00,STAFF50,4.50,0.36,4.86,card,
CL-0242,2026-09-06,online,customer148@example.com,2 x Coffee Beans @ 18.00,36.00,,0.00,2.88,38.88,cash,
CL-0243,2026-09-06,counter,customer134@example.com,3 x Croissant Box (6) @ 21.00; 2 x Coffee Beans @ 18.00,99.00,,0.00,7.92,106.92,card,
CL-0244,2026-09-06,online,customer148@example.com,1 x Baguette @ 5.00; 3 x Sourdough Loaf @ 9.00; 3 x Cookie Box (12) @ 12.00,68.00,,0.00,5.44,73.44,card,
CL-0245,2026-09-06,online,customer013@example.com,2 x Baguette @ 5.00; 1 x Seasonal Pie @ 32.00,42.00,,0.00,3.36,45.36,card,
CL-0246,2026-09-06,online,customer095@example.com,3 x Sourdough Loaf @ 9.00; 3 x Blueberry Scone @ 3.75,38.25,,0.00,3.06,41.31,cash,
CL-0247,2026-09-06,counter,,1 x Seasonal Pie @ 32.00; 1 x Cookie Box (12) @ 12.00,44.00,,0.00,3.52,47.52,card,
CL-0248,2026-09-06,counter,,1 x Cookie Box (12) @ 12.00,12.00,,0.00,0.96,12.96,cash,
CL-0249,2026-09-06,online,customer023@example.com,3 x Cookie Box (12) @ 12.00; 1 x Seasonal Pie @ 32.00,68.00,,0.00,5.44,73.44,card,
CL-0250,2026-09-06,online,,2 x Cinnamon Roll @ 3.25; 1 x Cookie Box (12) @ 12.00; 3 x Croissant Box (6) @ 21.00,81.50,,0.00,6.52,88.02,card,
CL-0251,2026-09-06,online,,1 x Baguette @ 5.00; 1 x Seasonal Pie @ 32.00; 3 x Croissant Box (6) @ 21.00,100.00,,0.00,8.00,108.00,card,
CL-0252,2026-09-06,counter,customer076@example.com,2 x Croissant Box (6) @ 21.00,42.00,,0.00,3.36,45.36,card,
CL-0253,2026-09-06,counter,customer136@example.com,3 x Cinnamon Roll @ 3.25; 3 x Cookie Box (12) @ 12.00; 1 x Birthday Cake @ 48.00,93.75,,0.00,7.50,101.25,card,
CL-0254,2026-09-06,counter,,1 x Coffee Beans @ 18.00,18.00,,0.00,1.44,19.44,card,
CL-0255,2026-09-06,online,customer038@example.com,3 x Sourdough Loaf @ 9.00; 1 x Seasonal Pie @ 32.00; 1 x Cinnamon Roll @ 3.25,62.25,,0.00,4.98,67.23,card,
CL-0256,2026-09-06,online,,2 x Sourdough Loaf @ 9.00,18.00,,0.00,1.44,19.44,cash,
CL-0257,2026-09-06,online,,1 x Cookie Box (12) @ 12.00; 1 x Cinnamon Roll @ 3.25,15.25,,0.00,1.22,16.47,card,
CL-0258,2026-09-06,counter,,1 x Baguette @ 5.00; 1 x Cinnamon Roll @ 3.25; 3 x Cookie Box (12) @ 12.00,44.25,,0.00,3.54,47.79,cash,
CL-0259,2026-09-06,counter,customer147@example.com,2 x Coffee Beans @ 18.00; 2 x Cinnamon Roll @ 3.25; 2 x Cookie Box (12) @ 12.00,66.50,,0.00,5.32,71.82,card,
CL-0260,2026-09-06,counter,customer061@example.com,1 x Cinnamon Roll @ 3.25,3.25,,0.00,0.26,3.51,cash,
CL-0261,2026-09-06,counter,customer007@example.com,1 x Seasonal Pie @ 32.00; 1 x Sourdough Loaf @ 9.00; 1 x Birthday Cake @ 48.00,89.00,,0.00,7.12,96.12,card,
CL-0262,2026-09-06,counter,,1 x Sourdough Loaf @ 9.00; 1 x Birthday Cake @ 48.00,57.00,,0.00,4.56,61.56,card,
CL-0263,2026-09-06,online,customer048@example.com,2 x Blueberry Scone @ 3.75; 3 x Cinnamon Roll @ 3.25; 3 x Coffee Beans @ 18.00,71.25,,0.00,5.70,76.95,cash,
CL-0264,2026-09-06,counter,customer064@example.com,1 x Seasonal Pie @ 32.00; 1 x Blueberry Scone @ 3.75; 2 x Baguette @ 5.00,45.75,,0.00,3.66,49.41,card,
CL-0265,2026-09-06,online,,2 x Blueberry Scone @ 3.75; 2 x Baguette @ 5.00; 1 x Cinnamon Roll @ 3.25,20.75,,0.00,1.66,22.41,cash,
CL-0266,2026-09-06,counter,customer089@example.com,3 x Croissant Box (6) @ 21.00,63.00,,0.00,5.04,68.04,cash,
CL-0267,2026-09-06,counter,customer128@example.com,3 x Croissant Box (6) @ 21.00; 1 x Seasonal Pie @ 32.00; 1 x Birthday Cake @ 48.00,143.00,,0.00,11.44,154.44,card,
CL-0268,2026-09-06,counter,,1 x Seasonal Pie @ 32.00,32.00,,0.00,2.56,34.56,card,
CL-0269,2026-09-06,counter,customer061@example.com,1 x Sourdough Loaf @ 9.00; 1 x Seasonal Pie @ 32.00; 3 x Cinnamon Roll @ 3.25,50.75,,0.00,4.06,54.81,cash,
CL-0270,2026-09-06,counter,customer034@example.com,3 x Blueberry Scone @ 3.75; 3 x Croissant Box (6) @ 21.00,74.25,,0.00,5.94,80.19,card,
CL-0271,2026-09-06,counter,customer107@example.com,2 x Croissant Box (6) @ 21.00; 2 x Baguette @ 5.00; 1 x Blueberry Scone @ 3.75,55.75,,0.00,4.46,60.21,card,
CL-0272,2026-09-06,counter,,1 x Cookie Box (12) @ 12.00; 1 x Birthday Cake @ 48.00; 3 x Sourdough Loaf @ 9.00,87.00,,0.00,6.96,93.96,card,
CL-0273,2026-09-06,online,,3 x Cookie Box (12) @ 12.00; 2 x Sourdough Loaf @ 9.00,54.00,,0.00,4.32,58.32,cash,
CL-0274,2026-09-06,online,,1 x Seasonal Pie @ 32.00,32.00,,0.00,2.56,34.56,card,
CL-0275,2026-09-06,counter,customer082@example.com,2 x Sourdough Loaf @ 9.00; 3 x Coffee Beans @ 18.00; 2 x Blueberry Scone @ 3.75,79.50,,0.00,6.36,85.86,card,
CL-0276,2026-09-06,counter,,1 x Baguette @ 5.00; 1 x Cinnamon Roll @ 3.25; 1 x Birthday Cake @ 48.00,56.25,,0.00,4.50,60.75,cash,
CL-0277,2026-09-06,online,,3 x Coffee Beans @ 18.00; 2 x Sourdough Loaf @ 9.00; 1 x Birthday Cake @ 48.00,120.00,,0.00,9.60,129.60,card,
CL-0278,2026-09-06,counter,,1 x Cookie Box (12) @ 12.00,12.00,,0.00,0.96,12.96,card,
CL-0279,2026-09-06,counter,,1 x Birthday Cake @ 48.00; 2 x Croissant Box (6) @ 21.00,90.00,,0.00,7.20,97.20,card,
CL-0280,2026-09-06,counter,customer104@example.com,2 x Croissant Box (6) @ 21.00,42.00,,0.00,3.36,45.36,card,
CL-0281,2026-09-06,online,customer038@example.com,2 x Sourdough Loaf @ 9.00,18.00,,0.00,1.44,19.44,cash,
CL-0282,2026-09-06,online,customer144@example.com,1 x Baguette @ 5.00; 2 x Blueberry Scone @ 3.75,12.50,,0.00,1.00,13.50,cash,
CL-0283,2026-09-08,online,,2 x Cookie Box (12) @ 12.00; 1 x Birthday Cake @ 48.00; 1 x Seasonal Pie @ 32.00,104.00,,0.00,8.32,112.32,card,
CL-0284,2026-09-08,online,,1 x Blueberry Scone @ 3.75; 2 x Croissant Box (6) @ 21.00,45.75,,0.00,3.66,49.41,card,
CL-0285,2026-09-08,counter,customer071@example.com,1 x Seasonal Pie @ 32.00; 2 x Sourdough Loaf @ 9.00; 3 x Coffee Beans @ 18.00,104.00,,0.00,8.32,112.32,card,
CL-0286,2026-09-08,online,customer151@example.com,3 x Sourdough Loaf @ 9.00; 3 x Cookie Box (12) @ 12.00; 1 x Cinnamon Roll @ 3.25,66.25,,0.00,5.30,71.55,card,
CL-0287,2026-09-08,counter,customer137@example.com,1 x Birthday Cake @ 48.00; 2 x Cinnamon Roll @ 3.25; 1 x Croissant Box (6) @ 21.00,75.50,,0.00,6.04,81.54,card,
CL-0288,2026-09-08,counter,,2 x Sourdough Loaf @ 9.00; 3 x Cookie Box (12) @ 12.00; 1 x Birthday Cake @ 48.00,102.00,,0.00,8.16,110.16,card,
CL-0289,2026-09-08,counter,,3 x Croissant Box (6) @ 21.00; 2 x Coffee Beans @ 18.00,99.00,,0.00,7.92,106.92,card,
CL-0290,2026-09-08,counter,customer126@example.com,2 x Cinnamon Roll @ 3.25; 1 x Cookie Box (12) @ 12.00,18.50,,0.00,1.48,19.98,card,
CL-0291,2026-09-08,online,customer156@example.com,1 x Birthday Cake @ 48.00; 2 x Sourdough Loaf @ 9.00,66.00,,0.00,5.28,71.28,card,
CL-0292,2026-09-08,online,,2 x Croissant Box (6) @ 21.00; 3 x Cinnamon Roll @ 3.25,51.75,,0.00,4.14,55.89,card,
CL-0293,2026-09-08,counter,customer024@example.com,1 x Birthday Cake @ 48.00; 1 x Sourdough Loaf @ 9.00,57.00,,0.00,4.56,61.56,card,
CL-0294,2026-09-08,counter,customer043@example.com,2 x Croissant Box (6) @ 21.00; 1 x Birthday Cake @ 48.00; 2 x Cinnamon Roll @ 3.25,96.50,,0.00,7.72,104.22,card,
CL-0295,2026-09-08,online,,3 x Cookie Box (12) @ 12.00; 2 x Sourdough Loaf @ 9.00; 3 x Blueberry Scone @ 3.75,65.25,,0.00,5.22,70.47,card,
CL-0296,2026-09-08,online,,1 x Blueberry Scone @ 3.75,3.75,,0.00,0.30,4.05,cash,
CL-0297,2026-09-08,counter,customer081@example.com,3 x Blueberry Scone @ 3.75; 3 x Cinnamon Roll @ 3.25; 3 x Sourdough Loaf @ 9.00,48.00,,0.00,3.84,51.84,card,
CL-0298,2026-09-08,counter,customer124@example.com,2 x Coffee Beans @ 18.00; 3 x Cookie Box (12) @ 12.00; 1 x Birthday Cake @ 48.00,120.00,,0.00,9.60,129.60,cash,
CL-0299,2026-09-08,counter,customer158@example.com,3 x Coffee Beans @ 18.00; 3 x Blueberry Scone @ 3.75; 2 x Sourdough Loaf @ 9.00,83.25,,0.00,6.66,89.91,card,
CL-0300,2026-09-08,online,customer033@example.com,1 x Croissant Box (6) @ 21.00; 3 x Baguette @ 5.00; 1 x Seasonal Pie @ 32.00,68.00,,0.00,5.44,73.44,card,
CL-0301,2026-09-08,online,,2 x Blueberry Scone @ 3.75,7.50,,0.00,0.60,8.10,card,
CL-0302,2026-09-08,counter,customer097@example.com,1 x Seasonal Pie @ 32.00; 3 x Cookie Box (12) @ 12.00; 3 x Croissant Box (6) @ 21.00,131.00,,0.00,10.48,141.48,card,
CL-0303,2026-09-08,counter,customer058@example.com,1 x Baguette @ 5.00; 1 x Cookie Box (12) @ 12.00,17.00,,0.00,1.36,18.36,card,
CL-0304,2026-09-08,online,,1 x Seasonal Pie @ 32.00; 1 x Croissant Box (6) @ 21.00,53.00,,0.00,4.24,57.24,card,
CL-0305,2026-09-08,counter,,2 x Cookie Box (12) @ 12.00,24.00,,0.00,1.92,25.92,card,
CL-0306,2026-09-08,online,customer159@example.com,2 x Blueberry Scone @ 3.75,7.50,,0.00,0.60,8.10,card,
CL-0307,2026-09-08,online,,3 x Coffee Beans @ 18.00; 3 x Croissant Box (6) @ 21.00,117.00,,0.00,9.36,126.36,card,
CL-0308,2026-09-08,counter,customer013@example.com,2 x Cookie Box (12) @ 12.00; 2 x Coffee Beans @ 18.00,60.00,,0.00,4.80,64.80,card,
CL-0309,2026-09-08,online,,1 x Seasonal Pie @ 32.00; 2 x Cookie Box (12) @ 12.00; 1 x Birthday Cake @ 48.00,104.00,,0.00,8.32,112.32,card,
CL-0310,2026-09-08,counter,customer001@example.com,3 x Cinnamon Roll @ 3.52; 1 x Birthday Cake @ 48.00,58.56,,0.00,4.68,63.24,card,
CL-0311,2026-09-08,counter,,1 x Sourdough Loaf @ 9.00,9.00,,0.00,0.72,9.72,cash,
CL-0312,2026-09-08,counter,,2 x Croissant Box (6) @ 21.00,42.00,,0.00,3.36,45.36,card,
CL-0313,2026-09-08,online,customer056@example.com,1 x Coffee Beans @ 18.00,18.00,,0.00,1.44,19.44,card,
CL-0314,2026-09-08,counter,customer090@example.com,1 x Cinnamon Roll @ 3.25,3.25,,0.00,0.26,3.51,cash,
CL-0315,2026-09-08,counter,,1 x Seasonal Pie @ 32.00,32.00,,0.00,2.56,34.56,card,
CL-0316,2026-09-08,counter,customer145@example.com,1 x Seasonal Pie @ 32.00,32.00,,0.00,2.56,34.56,card,
CL-0317,2026-09-08,counter,customer044@example.com,3 x Cinnamon Roll @ 3.25; 3 x Baguette @ 5.00,24.75,,0.00,1.98,26.73,card,
CL-0318,2026-09-08,online,customer104@example.com,1 x Cinnamon Roll @ 3.25; 1 x Cookie Box (12) @ 12.00,15.25,,0.00,1.22,16.47,card,
CL-0319,2026-09-08,online,customer129@example.com,3 x Blueberry Scone @ 3.75; 1 x Seasonal Pie @ 32.00; 1 x Birthday Cake @ 48.00,91.25,,0.00,7.30,98.55,card,
CL-0320,2026-09-08,counter,,1 x Birthday Cake @ 48.00,48.00,,0.00,3.84,51.84,cash,
CL-0321,2026-09-08,counter,,1 x Baguette @ 5.00; 1 x Croissant Box (6) @ 21.00; 2 x Sourdough Loaf @ 9.00,44.00,,0.00,3.52,47.52,card,
CL-0322,2026-09-08,online,,3 x Coffee Beans @ 18.00,54.00,,0.00,4.32,58.32,card,
CL-0323,2026-09-08,counter,customer109@example.com,2 x Croissant Box (6) @ 21.00; 1 x Baguette @ 5.00; 1 x Coffee Beans @ 18.00,65.00,,0.00,5.20,70.20,card,
CL-0324,2026-09-08,counter,,1 x Cinnamon Roll @ 3.25; 3 x Cookie Box (12) @ 12.00,39.25,,0.00,3.14,42.39,card,
CL-0325,2026-09-08,counter,,2 x Sourdough Loaf @ 9.00,18.00,,0.00,1.44,19.44,card,
CL-0326,2026-09-08,online,customer149@example.com,1 x Croissant Box (6) @ 21.00; 1 x Birthday Cake @ 48.00; 2 x Coffee Beans @ 18.00,105.00,,0.00,8.40,113.40,card,
CL-0327,2026-09-08,online,,1 x Baguette @ 5.00,5.00,,0.00,0.40,5.40,card,
CL-0328,2026-09-08,online,customer018@example.com,2 x Coffee Beans @ 18.00,36.00,,0.00,2.88,38.88,card,
CL-0329,2026-09-08,counter,customer083@example.com,2 x Blueberry Scone @ 3.75,7.50,,0.00,0.60,8.10,card,
CL-0330,2026-09-08,counter,customer135@example.com,2 x Croissant Box (6) @ 21.00,42.00,,0.00,3.36,45.36,card,
CL-0331,2026-09-08,online,customer007@example.com,3 x Baguette @ 5.00,15.00,,0.00,1.50,16.50,card,
CL-0332,2026-09-08,counter,,1 x Seasonal Pie @ 32.00,32.00,,0.00,2.56,34.56,card,
CL-0333,2026-09-08,counter,customer128@example.com,1 x Birthday Cake @ 48.00; 1 x Seasonal Pie @ 32.00,80.00,,0.00,6.40,86.40,cash,
CL-0334,2026-09-08,online,,1 x Birthday Cake @ 48.00; 1 x Seasonal Pie @ 32.00; 2 x Coffee Beans @ 18.00,116.00,,0.00,9.28,125.28,cash,
CL-0335,2026-09-08,online,,1 x Cinnamon Roll @ 3.25; 1 x Baguette @ 5.00,8.25,,0.00,0.66,8.91,card,
CL-0336,2026-09-08,online,customer064@example.com,3 x Cookie Box (12) @ 12.00,36.00,,0.00,2.88,38.88,cash,
CL-0337,2026-09-09,online,,1 x Croissant Box (6) @ 21.00; 1 x Baguette @ 5.00,26.00,,0.00,2.08,28.08,card,
CL-0338,2026-09-09,counter,,1 x Birthday Cake @ 48.00,48.00,,0.00,3.84,51.84,card,
CL-0339,2026-09-09,counter,,1 x Seasonal Pie @ 32.00; 3 x Coffee Beans @ 18.00,86.00,,0.00,6.88,92.88,card,
CL-0340,2026-09-09,online,customer137@example.com,1 x Birthday Cake @ 48.00,48.00,,0.00,3.84,51.84,card,
CL-0341,2026-09-09,counter,,3 x Blueberry Scone @ 3.75; 1 x Cookie Box (12) @ 12.00; 1 x Birthday Cake @ 48.00,71.25,,0.00,5.70,76.95,card,
CL-0342,2026-09-09,counter,customer028@example.com,1 x Seasonal Pie @ 32.00; 3 x Baguette @ 5.00; 1 x Croissant Box (6) @ 21.00,68.00,,0.00,5.44,73.44,card,
CL-0343,2026-09-09,counter,customer106@example.com,2 x Croissant Box (6) @ 21.00; 3 x Sourdough Loaf @ 9.00; 1 x Cookie Box (12) @ 12.00,81.00,,0.00,6.48,87.48,card,
CL-0344,2026-09-09,counter,,1 x Cinnamon Roll @ 3.25; 1 x Sourdough Loaf @ 9.00,12.25,,0.00,0.98,13.23,cash,
CL-0345,2026-09-09,counter,customer030@example.com,2 x Croissant Box (6) @ 21.00; 3 x Cinnamon Roll @ 3.25,51.75,,0.00,4.14,55.89,card,
CL-0346,2026-09-09,online,customer019@example.com,3 x Coffee Beans @ 18.00; 2 x Cookie Box (12) @ 12.00; 2 x Sourdough Loaf @ 9.00,96.00,,0.00,7.68,103.68,card,
CL-0347,2026-09-09,online,,1 x Coffee Beans @ 18.00; 2 x Baguette @ 5.00,28.00,,0.00,2.24,30.24,cash,
CL-0348,2026-09-09,counter,customer158@example.com,2 x Sourdough Loaf @ 9.00,18.00,,0.00,1.44,19.44,cash,
CL-0349,2026-09-09,online,,2 x Baguette @ 5.00,10.00,,0.00,0.80,10.80,card,
CL-0350,2026-09-09,counter,customer060@example.com,2 x Baguette @ 5.00; 3 x Blueberry Scone @ 3.75,21.25,,0.00,1.70,22.95,card,
CL-0351,2026-09-09,counter,,2 x Croissant Box (6) @ 21.00; 1 x Cookie Box (12) @ 12.00; 1 x Seasonal Pie @ 32.00,86.00,,0.00,6.88,92.88,cash,
CL-0352,2026-09-09,online,customer107@example.com,2 x Cookie Box (12) @ 12.00; 3 x Coffee Beans @ 18.00,78.00,,0.00,6.24,84.24,card,
CL-0353,2026-09-09,online,,1 x Blueberry Scone @ 3.75; 1 x Sourdough Loaf @ 9.00,12.75,,0.00,1.02,13.77,card,
CL-0354,2026-09-09,counter,customer157@example.com,1 x Birthday Cake @ 48.00; 3 x Cookie Box (12) @ 12.00,84.00,,0.00,6.72,90.72,card,
CL-0355,2026-09-09,counter,customer020@example.com,3 x Sourdough Loaf @ 9.00; 1 x Birthday Cake @ 48.00,75.00,,0.00,6.00,81.00,card,
CL-0356,2026-09-09,counter,customer027@example.com,1 x Cinnamon Roll @ 3.25,3.25,,0.00,0.26,3.51,card,
CL-0357,2026-09-09,online,customer066@example.com,2 x Coffee Beans @ 18.00; 3 x Blueberry Scone @ 3.75,47.25,,0.00,3.78,51.03,card,
CL-0358,2026-09-09,counter,customer096@example.com,3 x Coffee Beans @ 18.00; 3 x Baguette @ 5.00,69.00,,0.00,5.52,74.52,cash,
CL-0359,2026-09-09,counter,,2 x Blueberry Scone @ 3.75; 3 x Coffee Beans @ 18.00,61.50,,0.00,4.92,66.42,card,
CL-0360,2026-09-09,online,,2 x Cookie Box (12) @ 12.00,24.00,,0.00,1.92,25.92,card,
CL-0361,2026-09-09,online,,1 x Birthday Cake @ 48.00,48.00,,0.00,3.84,51.84,card,
CL-0362,2026-09-09,counter,customer064@example.com,1 x Cinnamon Roll @ 3.25; 3 x Croissant Box (6) @ 21.00,66.25,,0.00,5.30,71.55,card,
CL-0363,2026-09-09,online,,1 x Cookie Box (12) @ 12.00; 2 x Coffee Beans @ 18.00,48.00,,0.00,3.84,51.84,card,
CL-0364,2026-09-09,counter,customer020@example.com,1 x Seasonal Pie @ 32.00,32.00,,0.00,2.56,34.56,card,
CL-0365,2026-09-09,online,customer107@example.com,3 x Cookie Box (12) @ 12.00; 3 x Baguette @ 5.00,51.00,,0.00,4.08,55.08,card,
CL-0366,2026-09-09,counter,customer034@example.com,1 x Cookie Box (12) @ 12.00; 1 x Blueberry Scone @ 3.75,15.75,,0.00,1.26,17.01,card,
CL-0367,2026-09-09,online,customer077@example.com,2 x Baguette @ 5.00; 1 x Birthday Cake @ 48.00,58.00,,0.00,4.64,62.64,cash,
CL-0368,2026-09-09,counter,customer125@example.com,1 x Cookie Box (12) @ 12.00,12.00,,0.00,0.96,12.96,card,
CL-0369,2026-09-09,online,customer018@example.com,3 x Coffee Beans @ 18.00,54.00,,0.00,4.32,58.32,card,
CL-0370,2026-09-09,counter,customer053@example.com,1 x Coffee Beans @ 18.00,18.00,,0.00,1.44,19.44,card,
CL-0371,2026-09-09,online,customer023@example.com,1 x Seasonal Pie @ 32.00; 2 x Cinnamon Roll @ 3.25; 3 x Baguette @ 5.00,53.50,,0.00,4.28,57.78,cash,
CL-0372,2026-09-09,counter,customer155@example.com,1 x Birthday Cake @ 48.00; 1 x Seasonal Pie @ 32.00; 1 x Blueberry Scone @ 3.75,83.75,STAFF50,41.88,3.35,45.22,card,
CL-0373,2026-09-09,counter,,1 x Blueberry Scone @ 3.75,3.75,,0.00,0.30,4.05,card,
CL-0374,2026-09-09,counter,customer068@example.com,1 x Seasonal Pie @ 32.00; 2 x Sourdough Loaf @ 9.00; 1 x Cookie Box (12) @ 12.00,62.00,,0.00,4.96,66.96,card,
CL-0375,2026-09-09,online,customer004@example.com,3 x Croissant Box (6) @ 21.00; 1 x Seasonal Pie @ 32.00; 1 x Blueberry Scone @ 3.75,98.75,,0.00,7.90,106.65,card,
CL-0376,2026-09-09,counter,customer035@example.com,2 x Coffee Beans @ 18.00; 3 x Croissant Box (6) @ 21.00; 2 x Blueberry Scone @ 3.75,106.50,,0.00,8.52,115.02,card,
CL-0377,2026-09-09,counter,customer044@example.com,1 x Baguette @ 5.00,5.00,,0.00,0.40,5.40,card,
CL-0378,2026-09-09,online,,3 x Coffee Beans @ 18.00; 3 x Croissant Box (6) @ 21.00,117.00,,0.00,9.36,126.36,card,
CL-0379,2026-09-09,counter,customer094@example.com,3 x Coffee Beans @ 18.00; 1 x Cookie Box (12) @ 12.00; 2 x Cinnamon Roll @ 3.25,72.50,,0.00,5.80,78.30,cash,
CL-0380,2026-09-09,online,,2 x Sourdough Loaf @ 9.00; 3 x Croissant Box (6) @ 21.00; 1 x Seasonal Pie @ 32.00,113.00,,0.00,9.04,122.04,cash,
CL-0381,2026-09-09,online,,2 x Baguette @ 5.00,10.00,,0.00,0.80,10.80,card,
CL-0382,2026-09-09,counter,customer022@example.com,1 x Seasonal Pie @ 32.00,32.00,,0.00,2.56,34.56,card,
CL-0383,2026-09-09,online,customer139@example.com,1 x Seasonal Pie @ 32.00; 3 x Blueberry Scone @ 3.75,43.25,,0.00,3.46,46.71,card,
CL-0384,2026-09-09,counter,,1 x Sourdough Loaf @ 9.00,9.00,,0.00,0.72,9.72,card,
CL-0385,2026-09-09,counter,,2 x Sourdough Loaf @ 9.00,18.00,,0.00,1.44,19.44,cash,
CL-0386,2026-09-09,counter,customer141@example.com,2 x Blueberry Scone @ 3.75,7.50,,0.00,0.60,8.10,card,
CL-0387,2026-09-09,online,,2 x Coffee Beans @ 18.00; 2 x Croissant Box (6) @ 21.00,78.00,,0.00,6.24,84.24,card,
CL-0388,2026-09-10,online,customer051@example.com,1 x Seasonal Pie @ 32.00; 3 x Sourdough Loaf @ 9.00; 1 x Birthday Cake @ 48.00,107.00,,0.00,8.56,115.56,card,
CL-0389,2026-09-10,counter,,2 x Coffee Beans @ 18.00,36.00,,0.00,2.88,38.88,card,
CL-0390,2026-09-10,counter,customer029@example.com,2 x Sourdough Loaf @ 9.00,18.00,,0.00,1.44,19.44,card,
CL-0391,2026-09-10,counter,customer083@example.com,2 x Blueberry Scone @ 3.75; 1 x Seasonal Pie @ 32.00; 3 x Coffee Beans @ 18.00,93.50,,0.00,7.48,100.98,card,
CL-0392,2026-09-10,counter,customer086@example.com,2 x Cinnamon Roll @ 3.25; 2 x Cookie Box (12) @ 12.00,30.50,,0.00,2.44,32.94,card,
CL-0393,2026-09-10,counter,customer140@example.com,3 x Coffee Beans @ 18.00; 1 x Blueberry Scone @ 3.75,57.75,,0.00,4.62,62.37,card,
CL-0394,2026-09-10,counter,customer013@example.com,1 x Seasonal Pie @ 32.00; 1 x Cinnamon Roll @ 3.25,35.25,,0.00,2.82,38.07,card,
CL-0395,2026-09-10,online,,3 x Coffee Beans @ 18.00; 2 x Croissant Box (6) @ 21.00,96.00,,0.00,7.68,103.68,card,
CL-0396,2026-09-10,counter,customer130@example.com,1 x Coffee Beans @ 18.00,18.00,,0.00,1.44,19.44,card,
CL-0397,2026-09-10,counter,customer036@example.com,1 x Cookie Box (12) @ 12.00,12.00,,0.00,0.96,12.96,card,
CL-0398,2026-09-10,counter,,3 x Coffee Beans @ 18.00; 2 x Croissant Box (6) @ 21.00; 1 x Seasonal Pie @ 32.00,128.00,,0.00,10.24,138.24,card,
CL-0399,2026-09-10,counter,customer137@example.com,3 x Cinnamon Roll @ 3.25,9.75,,0.00,0.78,10.53,card,
CL-0400,2026-09-10,counter,,1 x Seasonal Pie @ 32.00; 1 x Cookie Box (12) @ 12.00; 1 x Sourdough Loaf @ 9.00,53.00,,0.00,4.24,57.24,card,
CL-0401,2026-09-10,online,customer109@example.com,2 x Cinnamon Roll @ 3.25,6.50,,0.00,0.52,7.02,card,
CL-0402,2026-09-10,counter,,1 x Birthday Cake @ 48.00; 1 x Sourdough Loaf @ 9.00,57.00,,0.00,4.56,61.56,card,
CL-0403,2026-09-10,counter,,3 x Sourdough Loaf @ 9.00; 3 x Croissant Box (6) @ 21.00; 2 x Cinnamon Roll @ 3.25,96.50,,0.00,7.72,104.22,cash,
CL-0404,2026-09-10,online,customer113@example.com,3 x Baguette @ 5.00; 1 x Birthday Cake @ 48.00,63.00,,0.00,5.04,68.04,card,
CL-0405,2026-09-10,counter,,1 x Blueberry Scone @ 3.75,3.75,,0.00,0.30,4.05,card,
CL-0406,2026-09-10,online,customer074@example.com,3 x Croissant Box (6) @ 21.00; 1 x Birthday Cake @ 48.00,111.00,,0.00,8.88,119.88,card,
CL-0407,2026-09-10,counter,,3 x Baguette @ 5.00; 2 x Coffee Beans @ 18.00; 3 x Sourdough Loaf @ 9.00,78.00,,0.00,6.24,84.24,card,
CL-0408,2026-09-10,counter,customer139@example.com,2 x Croissant Box (6) @ 21.00,42.00,,0.00,3.36,45.36,cash,
CL-0409,2026-09-10,counter,,2 x Sourdough Loaf @ 9.00,18.00,,0.00,1.44,19.44,card,
CL-0410,2026-09-10,counter,customer118@example.com,1 x Seasonal Pie @ 32.00; 3 x Coffee Beans @ 18.00; 3 x Cinnamon Roll @ 3.25,95.75,,0.00,7.66,103.41,card,
CL-0411,2026-09-10,counter,,1 x Croissant Box (6) @ 21.00; 3 x Blueberry Scone @ 3.75; 1 x Sourdough Loaf @ 9.00,41.25,,0.00,3.30,44.55,card,
CL-0412,2026-09-10,counter,,2 x Croissant Box (6) @ 21.00; 3 x Coffee Beans @ 18.00; 1 x Seasonal Pie @ 32.00,128.00,,0.00,10.24,138.24,cash,
CL-0413,2026-09-10,counter,customer159@example.com,2 x Blueberry Scone @ 3.75; 2 x Croissant Box (6) @ 21.00; 3 x Cookie Box (12) @ 12.00,85.50,,0.00,6.84,92.34,cash,
CL-0414,2026-09-10,counter,customer155@example.com,1 x Seasonal Pie @ 32.00,32.00,,0.00,2.56,34.56,card,
CL-0415,2026-09-10,online,customer071@example.com,3 x Blueberry Scone @ 3.75; 1 x Birthday Cake @ 48.00,59.25,,0.00,4.74,63.99,card,
CL-0416,2026-09-10,counter,,2 x Baguette @ 5.00; 3 x Blueberry Scone @ 3.75; 3 x Cookie Box (12) @ 12.00,57.25,,0.00,4.58,61.83,card,
CL-0417,2026-09-10,counter,,3 x Coffee Beans @ 18.00,54.00,,0.00,4.32,58.32,cash,
CL-0418,2026-09-10,counter,customer133@example.com,1 x Seasonal Pie @ 32.00; 1 x Baguette @ 5.00,37.00,,0.00,2.96,39.96,card,
CL-0419,2026-09-10,online,customer070@example.com,2 x Croissant Box (6) @ 21.00; 1 x Birthday Cake @ 48.00; 3 x Cookie Box (12) @ 12.00,126.00,,0.00,10.08,136.08,card,
CL-0420,2026-09-10,counter,,1 x Cookie Box (12) @ 12.00; 2 x Blueberry Scone @ 3.75; 3 x Sourdough Loaf @ 9.00,46.50,,0.00,3.72,50.22,card,
CL-0421,2026-09-10,online,customer047@example.com,3 x Cinnamon Roll @ 3.25,9.75,,0.00,0.78,10.53,card,
CL-0422,2026-09-10,counter,,1 x Blueberry Scone @ 3.75,3.75,,0.00,0.30,4.05,card,
CL-0423,2026-09-10,counter,customer147@example.com,1 x Cinnamon Roll @ 3.25; 1 x Birthday Cake @ 48.00,51.25,,0.00,4.10,55.35,cash,
CL-0424,2026-09-10,counter,,3 x Coffee Beans @ 18.00,54.00,,0.00,4.32,58.32,card,
CL-0425,2026-09-10,counter,,3 x Baguette @ 5.00; 2 x Blueberry Scone @ 3.75,22.50,,0.00,1.80,24.30,cash,
CL-0426,2026-09-10,online,customer142@example.com,1 x Blueberry Scone @ 3.75,3.75,,0.00,0.30,4.05,cash,
CL-0427,2026-09-10,counter,,2 x Cookie Box (12) @ 12.00; 3 x Baguette @ 5.00; 2 x Croissant Box (6) @ 21.00,81.00,,0.00,6.48,87.48,card,
CL-0428,2026-09-10,counter,,1 x Birthday Cake @ 48.00,48.00,,0.00,3.84,51.84,card,
CL-0429,2026-09-10,online,customer044@example.com,1 x Birthday Cake @ 48.00; 3 x Sourdough Loaf @ 9.00,75.00,,0.00,6.00,81.00,card,
CL-0430,2026-09-10,counter,,2 x Croissant Box (6) @ 21.00; 3 x Baguette @ 5.00; 1 x Sourdough Loaf @ 9.00,66.00,,0.00,5.28,71.28,card,
CL-0431,2026-09-10,counter,customer038@example.com,2 x Blueberry Scone @ 3.75; 1 x Seasonal Pie @ 32.00,39.50,,0.00,3.16,42.66,card,
CL-0432,2026-09-11,counter,customer066@example.com,1 x Baguette @ 5.00,5.00,,0.00,0.40,5.40,card,
CL-0433,2026-09-11,counter,customer105@example.com,2 x Baguette @ 5.00; 1 x Birthday Cake @ 48.00; 1 x Cookie Box (12) @ 12.00,70.00,,0.00,5.60,75.60,card,
CL-0434,2026-09-11,counter,customer038@example.com,1 x Blueberry Scone @ 3.75; 3 x Baguette @ 5.00; 1 x Birthday Cake @ 48.00,66.75,,0.00,5.34,72.09,card,
CL-0435,2026-09-11,online,,2 x Cinnamon Roll @ 3.25; 3 x Baguette @ 5.00,21.50,,0.00,1.72,23.22,card,
CL-0436,2026-09-11,counter,,1 x Cookie Box (12) @ 12.00; 3 x Baguette @ 5.00; 1 x Coffee Beans @ 18.00,45.00,,0.00,3.60,48.60,card,
CL-0437,2026-09-11,counter,,2 x Cookie Box (12) @ 12.00; 1 x Seasonal Pie @ 32.00; 2 x Cinnamon Roll @ 3.25,62.50,,0.00,5.00,67.50,cash,
CL-0438,2026-09-11,online,customer058@example.com,2 x Blueberry Scone @ 3.75; 3 x Cinnamon Roll @ 3.25; 1 x Cookie Box (12) @ 12.00,29.25,,0.00,2.34,31.59,card,
CL-0439,2026-09-11,counter,,1 x Birthday Cake @ 48.00,48.00,,0.00,3.84,51.84,card,
CL-0440,2026-09-11,online,,1 x Sourdough Loaf @ 9.00,9.00,,0.00,0.72,9.72,card,
CL-0441,2026-09-11,online,,3 x Sourdough Loaf @ 9.00; 1 x Blueberry Scone @ 3.75; 1 x Coffee Beans @ 18.00,48.75,,0.00,3.90,52.65,card,
CL-0442,2026-09-11,online,,3 x Coffee Beans @ 18.00; 1 x Baguette @ 5.00; 2 x Cookie Box (12) @ 12.00,83.00,,0.00,6.64,89.64,card,
CL-0443,2026-09-11,counter,,1 x Croissant Box (6) @ 21.00; 1 x Seasonal Pie @ 32.00,53.00,,0.00,4.24,57.24,card,
CL-0444,2026-09-11,counter,customer133@example.com,1 x Birthday Cake @ 48.00,48.00,,0.00,3.84,51.84,cash,
CL-0445,2026-09-11,counter,customer117@example.com,2 x Cinnamon Roll @ 3.25; 1 x Coffee Beans @ 18.00,24.50,,0.00,1.96,26.46,card,
CL-0446,2026-09-11,counter,customer063@example.com,1 x Birthday Cake @ 48.00,48.00,,0.00,3.84,51.84,card,
CL-0447,2026-09-11,counter,customer050@example.com,3 x Sourdough Loaf @ 9.00; 1 x Croissant Box (6) @ 21.00; 2 x Cinnamon Roll @ 3.25,54.50,,0.00,4.36,58.86,cash,
CL-0448,2026-09-11,counter,,3 x Cinnamon Roll @ 3.25,9.75,,0.00,0.78,10.53,card,
CL-0449,2026-09-11,counter,,2 x Sourdough Loaf @ 9.00; 2 x Coffee Beans @ 18.00; 1 x Seasonal Pie @ 32.00,86.00,,0.00,6.88,92.88,card,
CL-0450,2026-09-11,counter,customer018@example.com,1 x Seasonal Pie @ 32.00; 1 x Sourdough Loaf @ 9.00,41.00,,0.00,3.28,44.28,card,
CL-0451,2026-09-11,counter,customer042@example.com,3 x Croissant Box (6) @ 21.00,63.00,,0.00,5.04,68.04,cash,
CL-0452,2026-09-11,online,,1 x Sourdough Loaf @ 9.00,9.00,,0.00,0.72,9.72,card,
CL-0453,2026-09-11,counter,,2 x Sourdough Loaf @ 9.00; 1 x Birthday Cake @ 48.00; 3 x Cookie Box (12) @ 12.00,102.00,,0.00,8.16,110.16,card,
CL-0454,2026-09-11,counter,customer012@example.com,1 x Birthday Cake @ 48.00,48.00,,0.00,3.84,51.84,cash,
CL-0455,2026-09-11,counter,,1 x Croissant Box (6) @ 21.00; 1 x Cinnamon Roll @ 3.25; 2 x Sourdough Loaf @ 9.00,42.25,,0.00,3.38,45.63,card,
CL-0456,2026-09-11,counter,,1 x Birthday Cake @ 48.00,48.00,,0.00,3.84,51.84,card,
CL-0457,2026-09-11,counter,,3 x Coffee Beans @ 18.00,54.00,,0.00,4.32,58.32,card,
CL-0458,2026-09-11,counter,,1 x Birthday Cake @ 48.00,48.00,,0.00,3.84,51.84,cash,
CL-0459,2026-09-11,online,customer046@example.com,2 x Coffee Beans @ 18.00; 1 x Seasonal Pie @ 32.00; 2 x Sourdough Loaf @ 9.00,86.00,,0.00,6.88,92.88,card,
CL-0460,2026-09-11,counter,customer112@example.com,3 x Cookie Box (12) @ 12.00; 3 x Blueberry Scone @ 3.75,47.25,,0.00,3.78,51.03,card,
CL-0461,2026-09-11,counter,customer120@example.com,3 x Baguette @ 5.00; 3 x Blueberry Scone @ 3.75; 3 x Croissant Box (6) @ 21.00,89.25,,0.00,7.14,96.39,cash,
CL-0462,2026-09-11,counter,customer060@example.com,2 x Croissant Box (6) @ 21.00; 1 x Sourdough Loaf @ 9.00,51.00,,0.00,4.08,55.08,card,
CL-0463,2026-09-11,online,customer114@example.com,1 x Cookie Box (12) @ 12.00; 1 x Sourdough Loaf @ 9.00,21.00,,0.00,1.68,22.68,card,
CL-0464,2026-09-11,counter,,1 x Seasonal Pie @ 32.00; 1 x Birthday Cake @ 48.00; 3 x Blueberry Scone @ 3.75,91.25,,0.00,7.30,98.55,cash,
CL-0465,2026-09-11,counter,customer045@example.com,3 x Sourdough Loaf @ 9.00; 3 x Cinnamon Roll @ 3.25; 1 x Birthday Cake @ 48.00,84.75,,0.00,6.78,91.53,card,
CL-0466,2026-09-11,online,customer096@example.com,1 x Baguette @ 5.00; 1 x Cookie Box (12) @ 12.00,17.00,,0.00,1.36,18.36,card,
CL-0467,2026-09-11,online,customer121@example.com,2 x Blueberry Scone @ 3.75; 1 x Baguette @ 5.00; 1 x Cookie Box (12) @ 12.00,24.50,,0.00,1.96,26.46,card,
CL-0468,2026-09-11,online,customer075@example.com,1 x Seasonal Pie @ 32.00,32.00,,0.00,2.56,34.56,card,
CL-0469,2026-09-11,counter,,3 x Croissant Box (6) @ 21.00; 2 x Sourdough Loaf @ 9.00; 1 x Seasonal Pie @ 32.00,113.00,,0.00,9.04,122.04,card,
CL-0470,2026-09-11,counter,customer091@example.com,1 x Seasonal Pie @ 32.00; 2 x Blueberry Scone @ 3.75,39.50,,0.00,3.16,42.66,cash,
CL-0471,2026-09-11,counter,customer147@example.com,2 x Cookie Box (12) @ 12.00; 1 x Baguette @ 5.00,29.00,,0.00,2.32,31.32,card,
CL-0472,2026-09-11,counter,,3 x Blueberry Scone @ 3.75; 1 x Coffee Beans @ 18.00,29.25,,0.00,2.34,31.59,card,
CL-0473,2026-09-11,counter,customer129@example.com,1 x Seasonal Pie @ 32.00; 1 x Coffee Beans @ 18.00; 3 x Sourdough Loaf @ 9.00,77.00,,0.00,6.16,83.16,card,
CL-0474,2026-09-11,counter,customer036@example.com,2 x Blueberry Scone @ 3.75,7.50,,0.00,0.60,8.10,card,
CL-0475,2026-09-11,counter,,2 x Croissant Box (6) @ 21.00; 1 x Baguette @ 5.00; 2 x Cinnamon Roll @ 3.25,53.50,,0.00,4.28,57.78,card,
CL-0476,2026-09-11,online,,2 x Croissant Box (6) @ 21.00,42.00,,0.00,3.36,45.36,card,
CL-0477,2026-09-11,counter,,1 x Birthday Cake @ 48.00,48.00,,0.00,3.84,51.84,card,
CL-0478,2026-09-11,counter,customer064@example.com,1 x Blueberry Scone @ 3.75; 3 x Coffee Beans @ 18.00; 1 x Seasonal Pie @ 32.00,89.75,,0.00,7.18,96.93,card,
CL-0479,2026-09-11,counter,,1 x Coffee Beans @ 18.00,18.00,,0.00,1.44,19.44,card,
CL-0480,2026-09-11,counter,,2 x Sourdough Loaf @ 9.00; 1 x Seasonal Pie @ 32.00,50.00,,0.00,4.00,54.00,card,
CL-0481,2026-09-12,counter,,1 x Birthday Cake @ 48.00; 1 x Seasonal Pie @ 32.00; 1 x Baguette @ 5.00,85.00,,0.00,6.80,91.80,cash,
CL-0482,2026-09-12,counter,customer076@example.com,2 x Croissant Box (6) @ 21.00; 2 x Blueberry Scone @ 3.75,49.50,,0.00,3.96,53.46,cash,
CL-0483,2026-09-12,counter,,1 x Birthday Cake @ 48.00,48.00,,0.00,3.84,51.84,card,
CL-0484,2026-09-12,online,customer043@example.com,1 x Seasonal Pie @ 32.00; 2 x Sourdough Loaf @ 9.00,50.00,,0.00,4.00,54.00,card,
CL-0485,2026-09-12,counter,,2 x Cinnamon Roll @ 3.25; 1 x Croissant Box (6) @ 21.00; 1 x Blueberry Scone @ 3.75,31.25,,0.00,2.50,33.75,card,
CL-0486,2026-09-12,counter,,1 x Croissant Box (6) @ 21.00; 1 x Sourdough Loaf @ 9.00,30.00,,0.00,2.40,32.40,card,
CL-0487,2026-09-12,online,customer150@example.com,1 x Blueberry Scone @ 3.75; 2 x Cookie Box (12) @ 12.00; 1 x Birthday Cake @ 48.00,75.75,,0.00,6.06,81.81,card,
CL-0488,2026-09-12,counter,customer111@example.com,3 x Sourdough Loaf @ 9.00,27.00,,0.00,2.16,29.16,cash,
CL-0489,2026-09-12,counter,,1 x Cinnamon Roll @ 3.25; 1 x Sourdough Loaf @ 9.00,12.25,,0.00,0.98,13.23,card,
CL-0490,2026-09-12,online,customer057@example.com,1 x Birthday Cake @ 48.00; 1 x Seasonal Pie @ 32.00,80.00,,0.00,6.40,86.40,cash,
CL-0491,2026-09-12,counter,customer119@example.com,3 x Cookie Box (12) @ 12.00; 2 x Coffee Beans @ 18.00; 2 x Blueberry Scone @ 3.75,79.50,,0.00,6.36,85.86,cash,
CL-0492,2026-09-12,counter,,2 x Cinnamon Roll @ 3.25; 3 x Sourdough Loaf @ 9.00; 2 x Coffee Beans @ 18.00,69.50,,0.00,5.56,75.06,card,
CL-0493,2026-09-12,counter,customer054@example.com,2 x Baguette @ 5.00; 3 x Cookie Box (12) @ 12.00; 2 x Sourdough Loaf @ 9.00,64.00,,0.00,5.12,69.12,card,
CL-0494,2026-09-12,counter,,1 x Cinnamon Roll @ 3.25,3.25,,0.00,0.26,3.51,card,
CL-0495,2026-09-12,counter,customer128@example.com,1 x Seasonal Pie @ 32.00; 3 x Croissant Box (6) @ 21.00; 3 x Blueberry Scone @ 3.75,106.25,,0.00,8.50,114.75,card,
CL-0496,2026-09-12,counter,customer015@example.com,1 x Birthday Cake @ 48.00,48.00,,0.00,3.84,51.84,card,
CL-0497,2026-09-12,counter,customer127@example.com,1 x Seasonal Pie @ 32.00,32.00,,0.00,2.56,34.56,card,
CL-0498,2026-09-12,counter,,3 x Sourdough Loaf @ 9.00; 3 x Blueberry Scone @ 3.75,38.25,,0.00,3.06,41.31,cash,
CL-0499,2026-09-12,counter,,2 x Croissant Box (6) @ 21.00; 1 x Cookie Box (12) @ 12.00; 3 x Baguette @ 5.00,69.00,,0.00,5.52,74.52,card,
CL-0500,2026-09-12,online,,1 x Birthday Cake @ 48.00,48.00,,0.00,3.84,51.84,card,
CL-0501,2026-09-12,online,,3 x Coffee Beans @ 18.00; 3 x Croissant Box (6) @ 21.00,117.00,,0.00,9.36,126.36,cash,
CL-0502,2026-09-12,counter,,3 x Cookie Box (12) @ 12.00,36.00,,0.00,2.88,38.88,card,
CL-0503,2026-09-12,counter,customer023@example.com,1 x Cookie Box (12) @ 12.00; 2 x Sourdough Loaf @ 9.00; 2 x Coffee Beans @ 18.00,66.00,,0.00,5.28,71.28,card,
CL-0504,2026-09-12,counter,customer117@example.com,1 x Cookie Box (12) @ 12.00; 2 x Sourdough Loaf @ 9.00; 3 x Blueberry Scone @ 3.75,41.25,,0.00,3.30,44.55,cash,
CL-0505,2026-09-12,online,,1 x Sourdough Loaf @ 9.00; 3 x Croissant Box (6) @ 21.00,72.00,,0.00,5.76,77.76,card,
CL-0506,2026-09-12,counter,customer134@example.com,2 x Croissant Box (6) @ 21.00; 1 x Coffee Beans @ 18.00,60.00,,0.00,4.80,64.80,card,
CL-0507,2026-09-12,online,customer050@example.com,3 x Blueberry Scone @ 3.75,11.25,,0.00,0.90,12.15,card,
CL-0508,2026-09-12,counter,,2 x Sourdough Loaf @ 9.00,18.00,,0.00,1.44,19.44,card,
CL-0509,2026-09-12,online,customer072@example.com,2 x Sourdough Loaf @ 9.00,18.00,,0.00,1.44,19.44,cash,
CL-0510,2026-09-12,counter,,3 x Sourdough Loaf @ 9.00,27.00,,0.00,2.16,29.16,card,
CL-0511,2026-09-12,counter,customer043@example.com,1 x Seasonal Pie @ 32.00; 2 x Sourdough Loaf @ 9.00,50.00,,0.00,4.00,54.00,cash,
CL-0512,2026-09-12,counter,,3 x Sourdough Loaf @ 9.00,27.00,,0.00,2.16,29.16,card,
CL-0513,2026-09-12,counter,customer150@example.com,3 x Cinnamon Roll @ 3.25; 3 x Cookie Box (12) @ 12.00; 2 x Croissant Box (6) @ 21.00,87.75,,0.00,7.02,94.77,cash,
CL-0514,2026-09-12,counter,,3 x Baguette @ 5.00; 1 x Sourdough Loaf @ 9.00,24.00,,0.00,1.92,25.92,card,
CL-0515,2026-09-12,online,,1 x Birthday Cake @ 48.00; 1 x Coffee Beans @ 18.00; 2 x Baguette @ 5.00,76.00,,0.00,6.08,82.08,card,
CL-0516,2026-09-12,online,customer083@example.com,2 x Cookie Box (12) @ 12.00,24.00,,0.00,1.92,25.92,cash,
CL-0517,2026-09-12,counter,,2 x Blueberry Scone @ 3.75,7.50,,0.00,0.60,8.10,card,
CL-0518,2026-09-12,online,customer043@example.com,2 x Cookie Box (12) @ 12.00; 3 x Blueberry Scone @ 3.75; 3 x Croissant Box (6) @ 21.00,98.25,,0.00,7.86,106.11,card,
CL-0519,2026-09-12,online,,1 x Birthday Cake @ 48.00; 3 x Blueberry Scone @ 3.75,59.25,,0.00,4.74,63.99,card,
CL-0520,2026-09-12,online,customer100@example.com,1 x Sourdough Loaf @ 9.00; 2 x Cookie Box (12) @ 12.00; 3 x Coffee Beans @ 18.00,87.00,,0.00,6.96,93.96,card,
CL-0521,2026-09-12,online,customer005@example.com,3 x Cookie Box (12) @ 12.00; 1 x Seasonal Pie @ 32.00,68.00,,0.00,5.44,73.44,card,
CL-0522,2026-09-12,counter,,2 x Sourdough Loaf @ 9.00,18.00,,0.00,1.44,19.44,card,
CL-0523,2026-09-12,counter,customer070@example.com,3 x Cookie Box (12) @ 12.00; 3 x Croissant Box (6) @ 21.00,99.00,,0.00,7.92,106.92,card,
CL-0524,2026-09-12,counter,,3 x Coffee Beans @ 18.00; 2 x Sourdough Loaf @ 9.00,72.00,,0.00,5.76,77.76,card,
CL-0525,2026-09-14,online,customer149@example.com,2 x Cinnamon Roll @ 3.25,6.50,,0.00,0.52,7.02,card,
CL-0526,2026-09-12,counter,,1 x Birthday Cake @ 48.00; 2 x Croissant Box (6) @ 21.00; 2 x Sourdough Loaf @ 9.00,108.00,,0.00,8.64,116.64,card,
CL-0527,2026-09-12,online,customer037@example.com,1 x Baguette @ 5.00,5.00,,0.00,0.40,5.40,cash,
CL-0528,2026-09-12,counter,customer058@example.com,1 x Blueberry Scone @ 3.75; 1 x Croissant Box (6) @ 21.00; 3 x Cinnamon Roll @ 3.25,34.50,,0.00,2.76,37.26,card,
CL-0529,2026-09-12,counter,customer072@example.com,1 x Birthday Cake @ 48.00; 2 x Cinnamon Roll @ 3.25,54.50,,0.00,4.36,58.86,card,
CL-0530,2026-09-12,counter,,3 x Baguette @ 5.00,15.00,,0.00,1.20,16.20,card,
CL-0531,2026-09-12,online,customer027@example.com,3 x Cinnamon Roll @ 3.25; 3 x Baguette @ 5.00,24.75,,0.00,1.98,26.73,card,
CL-0532,2026-09-12,counter,customer047@example.com,1 x Birthday Cake @ 48.00; 2 x Croissant Box (6) @ 21.00; 1 x Cinnamon Roll @ 3.25,93.25,,0.00,7.46,100.71,card,
CL-0533,2026-09-13,counter,,3 x Croissant Box (6) @ 21.00; 1 x Baguette @ 5.00; 1 x Seasonal Pie @ 32.00,100.00,,0.00,8.00,108.00,cash,
CL-0534,2026-09-13,counter,customer038@example.com,1 x Croissant Box (6) @ 21.00,21.00,,0.00,1.68,22.68,card,
CL-0535,2026-09-13,counter,customer090@example.com,1 x Cookie Box (12) @ 12.00,12.00,,0.00,0.96,12.96,card,
CL-0536,2026-09-13,counter,customer094@example.com,1 x Croissant Box (6) @ 21.00; 1 x Seasonal Pie @ 32.00; 2 x Blueberry Scone @ 3.75,60.50,,0.00,4.84,65.34,card,
CL-0537,2026-09-13,counter,customer117@example.com,1 x Birthday Cake @ 48.00,48.00,,0.00,3.84,51.84,cash,
CL-0538,2026-09-13,online,,2 x Cookie Box (12) @ 12.00,24.00,,0.00,1.92,25.92,card,
CL-0539,2026-09-13,online,,2 x Baguette @ 5.00; 3 x Croissant Box (6) @ 21.00,73.00,,0.00,5.84,78.84,card,
CL-0540,2026-09-13,online,,1 x Coffee Beans @ 18.00; 1 x Blueberry Scone @ 3.75,21.75,,0.00,1.74,23.49,card,
CL-0541,2026-09-13,online,customer057@example.com,3 x Blueberry Scone @ 3.75,11.25,,0.00,0.90,12.15,cash,
CL-0542,2026-09-13,online,customer135@example.com,1 x Baguette @ 5.00; 3 x Cookie Box (12) @ 12.00; 2 x Croissant Box (6) @ 21.00,83.00,,0.00,6.64,89.64,cash,
CL-0543,2026-09-13,counter,customer132@example.com,2 x Sourdough Loaf @ 9.00,18.00,,0.00,1.44,19.44,card,
CL-0544,2026-09-13,counter,customer043@example.com,3 x Baguette @ 5.00; 2 x Sourdough Loaf @ 9.00; 1 x Seasonal Pie @ 32.00,65.00,,0.00,5.20,70.20,card,
CL-0545,2026-09-13,counter,customer148@example.com,2 x Cookie Box (12) @ 12.00; 1 x Coffee Beans @ 18.00,42.00,,0.00,3.36,45.36,card,
CL-0546,2026-09-13,counter,customer152@example.com,3 x Blueberry Scone @ 3.75,11.25,,0.00,0.90,12.15,card,
CL-0547,2026-09-13,online,customer003@example.com,3 x Sourdough Loaf @ 9.00; 2 x Baguette @ 5.00,37.00,,0.00,2.96,39.96,card,
CL-0548,2026-09-13,online,,1 x Cinnamon Roll @ 3.25,3.25,,0.00,0.26,3.51,card,
CL-0549,2026-09-13,online,,1 x Coffee Beans @ 18.00; 2 x Cinnamon Roll @ 3.25,24.50,,0.00,1.96,26.46,cash,
CL-0550,2026-09-13,counter,customer144@example.com,3 x Cinnamon Roll @ 3.25,9.75,,0.00,0.78,10.53,card,
CL-0551,2026-09-13,online,,1 x Birthday Cake @ 48.00,48.00,,0.00,3.84,51.84,card,
CL-0552,2026-09-13,counter,,2 x Cookie Box (12) @ 12.00,24.00,,0.00,1.92,25.92,card,
CL-0553,2026-09-13,counter,,3 x Coffee Beans @ 18.00,54.00,,0.00,4.32,58.32,cash,
CL-0554,2026-09-13,counter,,3 x Coffee Beans @ 18.00,54.00,,0.00,4.32,58.32,card,
CL-0555,2026-09-13,counter,customer029@example.com,2 x Croissant Box (6) @ 21.00; 1 x Cinnamon Roll @ 3.25,45.25,,0.00,3.62,48.87,card,
CL-0556,2026-09-13,counter,customer023@example.com,2 x Croissant Box (6) @ 21.00; 3 x Sourdough Loaf @ 9.00; 2 x Baguette @ 5.00,79.00,,0.00,6.32,85.32,card,
CL-0557,2026-09-13,counter,customer134@example.com,3 x Coffee Beans @ 18.00; 2 x Baguette @ 5.00; 2 x Blueberry Scone @ 3.75,71.50,,0.00,5.72,77.22,card,
CL-0558,2026-09-13,online,,2 x Blueberry Scone @ 3.75; 1 x Birthday Cake @ 48.00; 1 x Cookie Box (12) @ 12.00,67.50,,0.00,5.40,72.90,cash,
CL-0559,2026-09-13,counter,,1 x Birthday Cake @ 48.00; 2 x Cinnamon Roll @ 3.25; 2 x Baguette @ 5.00,64.50,,0.00,5.16,69.66,card,
CL-0560,2026-09-13,counter,,2 x Coffee Beans @ 18.00; 1 x Blueberry Scone @ 3.75,39.75,,0.00,3.18,42.93,card,
CL-0561,2026-09-13,counter,customer132@example.com,3 x Coffee Beans @ 18.00,54.00,,0.00,4.32,58.32,card,
CL-0562,2026-09-13,counter,customer068@example.com,1 x Coffee Beans @ 18.00; 1 x Croissant Box (6) @ 21.00,39.00,,0.00,3.12,42.12,card,
CL-0563,2026-09-13,online,,3 x Cinnamon Roll @ 3.25; 2 x Blueberry Scone @ 3.75,17.25,,0.00,1.38,18.63,card,
CL-0564,2026-09-13,online,customer104@example.com,1 x Birthday Cake @ 48.00; 1 x Baguette @ 5.00; 1 x Blueberry Scone @ 3.75,56.75,,0.00,4.54,61.29,card,
CL-0565,2026-09-13,counter,customer070@example.com,2 x Coffee Beans @ 18.00; 3 x Croissant Box (6) @ 21.00,99.00,,0.00,7.92,106.92,card,
CL-0566,2026-09-13,counter,customer091@example.com,2 x Blueberry Scone @ 3.75; 2 x Cookie Box (12) @ 12.00,31.50,,0.00,2.52,34.02,card,
CL-0567,2026-09-13,counter,,2 x Baguette @ 5.00; 2 x Coffee Beans @ 18.00,46.00,,0.00,3.68,49.68,card,
CL-0568,2026-09-13,counter,customer020@example.com,1 x Seasonal Pie @ 32.00; 2 x Coffee Beans @ 18.00; 3 x Blueberry Scone @ 3.75,79.25,,0.00,6.34,85.59,card,
CL-0569,2026-09-13,counter,customer032@example.com,1 x Seasonal Pie @ 32.00; 2 x Sourdough Loaf @ 9.00; 3 x Blueberry Scone @ 3.75,61.25,,0.00,4.90,66.15,card,
CL-0570,2026-09-13,counter,,3 x Cookie Box (12) @ 12.00; 1 x Croissant Box (6) @ 21.00; 2 x Cinnamon Roll @ 3.25,63.50,,0.00,5.08,68.58,cash,
CL-0571,2026-09-13,counter,,1 x Cinnamon Roll @ 3.25,3.25,,0.00,0.26,3.51,card,
CL-0572,2026-09-13,counter,customer057@example.com,1 x Seasonal Pie @ 32.00; 1 x Croissant Box (6) @ 21.00,53.00,,0.00,4.24,57.24,card,
CL-0573,2026-09-13,counter,customer117@example.com,1 x Cinnamon Roll @ 3.25,3.25,,0.00,0.26,3.51,card,
CL-0574,2026-09-15,online,customer079@example.com,2 x Croissant Box (6) @ 21.00,42.00,,0.00,3.36,45.36,card,
CL-0575,2026-09-15,counter,,1 x Sourdough Loaf @ 9.00,9.00,,0.00,0.72,9.72,card,
CL-0576,2026-09-15,counter,,1 x Blueberry Scone @ 3.75,3.75,,0.00,0.30,4.05,card,
CL-0577,2026-09-15,online,,2 x Blueberry Scone @ 3.75; 2 x Baguette @ 5.00; 1 x Cinnamon Roll @ 3.25,20.75,,0.00,1.66,22.41,card,
CL-0578,2026-09-15,online,,1 x Seasonal Pie @ 32.00; 2 x Cinnamon Roll @ 3.25; 1 x Birthday Cake @ 48.00,86.50,,0.00,6.92,93.42,cash,
CL-0579,2026-09-15,online,customer053@example.com,1 x Seasonal Pie @ 32.00; 2 x Cookie Box (12) @ 12.00; 3 x Baguette @ 5.00,71.00,,0.00,5.68,76.68,card,
CL-0580,2026-09-15,counter,customer121@example.com,1 x Sourdough Loaf @ 9.00,9.00,,0.00,0.72,9.72,card,
CL-0581,2026-09-15,counter,customer055@example.com,1 x Seasonal Pie @ 32.00; 2 x Sourdough Loaf @ 9.00,50.00,,0.00,4.00,54.00,card,
CL-0582,2026-09-15,online,,1 x Blueberry Scone @ 3.75; 1 x Cinnamon Roll @ 3.25; 2 x Baguette @ 5.00,17.00,,0.00,1.36,18.36,card,
CL-0583,2026-09-15,counter,customer020@example.com,2 x Cookie Box (12) @ 12.00,24.00,,0.00,1.92,25.92,card,
CL-0584,2026-09-15,counter,,3 x Croissant Box (6) @ 21.00; 3 x Coffee Beans @ 18.00; 3 x Sourdough Loaf @ 9.00,144.00,,0.00,11.52,155.52,card,
CL-0585,2026-09-15,counter,,3 x Blueberry Scone @ 3.75; 1 x Seasonal Pie @ 32.00,43.25,,0.00,3.46,46.71,card,
CL-0586,2026-09-15,counter,customer074@example.com,1 x Seasonal Pie @ 32.00,32.00,,0.00,2.56,34.56,card,
CL-0587,2026-09-15,counter,customer085@example.com,3 x Baguette @ 5.00; 2 x Sourdough Loaf @ 9.00; 2 x Blueberry Scone @ 3.75,40.50,,0.00,3.24,43.74,card,
CL-0588,2026-09-15,online,,1 x Croissant Box (6) @ 21.00,21.00,,0.00,1.68,22.68,card,
CL-0589,2026-09-15,online,,1 x Croissant Box (6) @ 21.00; 1 x Birthday Cake @ 48.00,69.00,,0.00,5.52,74.52,card,
CL-0590,2026-09-15,counter,customer135@example.com,3 x Coffee Beans @ 18.00,54.00,,0.00,4.32,58.32,card,
CL-0591,2026-09-15,online,customer143@example.com,1 x Seasonal Pie @ 32.00; 2 x Sourdough Loaf @ 9.00,50.00,,0.00,4.00,54.00,card,
CL-0592,2026-09-15,counter,customer072@example.com,1 x Birthday Cake @ 48.00; 2 x Baguette @ 5.00; 2 x Coffee Beans @ 18.00,94.00,,0.00,7.52,101.52,cash,
CL-0593,2026-09-15,counter,,1 x Sourdough Loaf @ 9.00; 3 x Croissant Box (6) @ 21.00,72.00,,0.00,5.76,77.76,card,
CL-0594,2026-09-15,counter,customer055@example.com,1 x Birthday Cake @ 48.00; 1 x Blueberry Scone @ 3.75; 2 x Cinnamon Roll @ 3.25,58.25,,0.00,4.66,62.91,cash,
CL-0595,2026-09-15,counter,customer081@example.com,1 x Croissant Box (6) @ 21.00; 2 x Cinnamon Roll @ 3.25; 1 x Birthday Cake @ 48.00,75.50,,0.00,6.04,81.54,card,
CL-0596,2026-09-15,counter,customer048@example.com,3 x Blueberry Scone @ 3.75; 3 x Croissant Box (6) @ 21.00; 1 x Cinnamon Roll @ 3.25,77.50,,0.00,6.20,83.70,card,
CL-0597,2026-09-15,counter,,1 x Seasonal Pie @ 32.00,32.00,,0.00,2.56,34.56,cash,
CL-0598,2026-09-15,online,customer055@example.com,3 x Sourdough Loaf @ 9.00; 1 x Seasonal Pie @ 32.00; 3 x Cookie Box (12) @ 12.00,95.00,,0.00,7.60,102.60,card,
CL-0599,2026-09-15,counter,,1 x Croissant Box (6) @ 21.00; 1 x Blueberry Scone @ 3.75; 1 x Birthday Cake @ 48.00,72.75,,0.00,5.82,78.57,card,
CL-0600,2026-09-15,online,customer142@example.com,1 x Birthday Cake @ 48.00; 1 x Blueberry Scone @ 3.75,51.75,,0.00,4.14,55.89,cash,
CL-0601,2026-09-15,counter,customer062@example.com,3 x Coffee Beans @ 18.00,54.00,,0.00,4.32,58.32,card,
CL-0602,2026-09-15,counter,,2 x Blueberry Scone @ 3.75; 2 x Cookie Box (12) @ 12.00,31.50,,0.00,2.52,34.02,card,
CL-0603,2026-09-15,online,,2 x Coffee Beans @ 18.00,36.00,,0.00,2.88,38.88,card,
CL-0604,2026-09-15,online,customer121@example.com,1 x Birthday Cake @ 48.00; 1 x Baguette @ 5.00; 1 x Cookie Box (12) @ 12.00,53.00,,0.00,4.24,57.24,card,
CL-0605,2026-09-15,counter,customer029@example.com,1 x Sourdough Loaf @ 9.00; 3 x Cinnamon Roll @ 3.25,18.75,,0.00,1.50,20.25,cash,
CL-0606,2026-09-15,counter,,1 x Birthday Cake @ 48.00; 1 x Seasonal Pie @ 32.00; 2 x Cookie Box (12) @ 12.00,104.00,,0.00,8.32,112.32,card,
CL-0607,2026-09-15,counter,,2 x Baguette @ 5.00; 2 x Cookie Box (12) @ 12.00; 1 x Seasonal Pie @ 32.00,66.00,,0.00,5.28,71.28,card,
CL-0608,2026-09-15,counter,customer066@example.com,2 x Baguette @ 5.00,10.00,,0.00,0.80,10.80,card,
CL-0609,2026-09-15,counter,customer124@example.com,1 x Baguette @ 5.00; 1 x Sourdough Loaf @ 9.00; 2 x Blueberry Scone @ 3.75,21.50,,0.00,1.72,23.22,card,
CL-0610,2026-09-15,online,customer078@example.com,2 x Croissant Box (6) @ 21.00,42.00,,0.00,3.36,45.36,card,
CL-0611,2026-09-15,counter,customer087@example.com,3 x Blueberry Scone @ 3.75; 1 x Seasonal Pie @ 32.00,43.25,,0.00,3.46,46.71,card,
CL-0612,2026-09-15,counter,,2 x Coffee Beans @ 18.00; 1 x Birthday Cake @ 48.00,84.00,,0.00,6.72,90.72,card,
CL-0613,2026-09-15,counter,customer115@example.com,1 x Baguette @ 5.00; 1 x Seasonal Pie @ 32.00; 2 x Coffee Beans @ 18.00,73.00,,0.00,5.84,78.84,card,
CL-0614,2026-09-15,counter,customer071@example.com,2 x Blueberry Scone @ 3.75; 1 x Seasonal Pie @ 32.00,39.50,,0.00,3.16,42.66,card,
CL-0615,2026-09-15,counter,customer009@example.com,1 x Birthday Cake @ 48.00; 3 x Sourdough Loaf @ 9.00; 3 x Baguette @ 5.00,90.00,,0.00,7.20,97.20,card,
CL-0616,2026-09-15,counter,customer091@example.com,1 x Blueberry Scone @ 3.75,3.75,,0.00,0.30,4.05,card,
CL-0617,2026-09-16,counter,,1 x Cinnamon Roll @ 3.25; 1 x Seasonal Pie @ 32.00,35.25,,0.00,2.82,38.07,card,
CL-0618,2026-09-16,online,customer151@example.com,2 x Blueberry Scone @ 3.75; 1 x Seasonal Pie @ 32.00; 3 x Cinnamon Roll @ 3.25,49.25,,0.00,3.94,53.19,card,
CL-0619,2026-09-16,counter,customer081@example.com,2 x Coffee Beans @ 18.00,36.00,,0.00,2.88,38.88,card,
CL-0620,2026-09-16,counter,,1 x Baguette @ 5.00; 3 x Cookie Box (12) @ 12.00,41.00,,0.00,3.28,44.28,card,
CL-0621,2026-09-16,online,,1 x Croissant Box (6) @ 21.00; 1 x Blueberry Scone @ 3.75; 2 x Cinnamon Roll @ 3.25,31.25,,0.00,2.50,33.75,card,
CL-0622,2026-09-16,counter,customer005@example.com,3 x Coffee Beans @ 18.00; 2 x Croissant Box (6) @ 21.00,96.00,,0.00,7.68,103.68,card,
CL-0623,2026-09-16,counter,customer087@example.com,1 x Birthday Cake @ 48.00; 1 x Cookie Box (12) @ 12.00,60.00,,0.00,4.80,64.80,card,
CL-0624,2026-09-16,counter,,1 x Blueberry Scone @ 3.75,3.75,,0.00,0.30,4.05,card,
CL-0625,2026-09-16,counter,,1 x Birthday Cake @ 48.00,48.00,,0.00,3.84,51.84,cash,
CL-0626,2026-09-16,online,,1 x Seasonal Pie @ 32.00; 3 x Baguette @ 5.00; 2 x Croissant Box (6) @ 21.00,89.00,,0.00,7.12,96.12,card,
CL-0627,2026-09-16,counter,customer118@example.com,2 x Cookie Box (12) @ 12.00; 1 x Coffee Beans @ 18.00,42.00,,0.00,3.36,45.36,card,
CL-0628,2026-09-16,counter,,1 x Coffee Beans @ 18.00; 1 x Cinnamon Roll @ 3.25,21.25,,0.00,1.70,22.95,card,
CL-0629,2026-09-16,online,customer133@example.com,2 x Blueberry Scone @ 3.75; 1 x Birthday Cake @ 48.00; 1 x Baguette @ 5.00,60.50,,0.00,4.84,65.34,card,
CL-0630,2026-09-16,counter,customer027@example.com,1 x Sourdough Loaf @ 9.00; 1 x Birthday Cake @ 48.00,57.00,,0.00,4.56,61.56,card,
CL-0631,2026-09-16,counter,customer153@example.com,2 x Coffee Beans @ 18.00; 3 x Blueberry Scone @ 3.75; 2 x Baguette @ 5.00,57.25,,0.00,4.58,61.83,cash,
CL-0632,2026-09-16,online,customer015@example.com,2 x Cinnamon Roll @ 3.25; 1 x Birthday Cake @ 48.00; 3 x Baguette @ 5.00,69.50,,0.00,5.56,75.06,card,
CL-0633,2026-09-16,counter,customer127@example.com,3 x Cinnamon Roll @ 3.25; 1 x Seasonal Pie @ 32.00,41.75,,0.00,3.34,45.09,card,
CL-0634,2026-09-16,counter,customer074@example.com,1 x Seasonal Pie @ 32.00; 3 x Croissant Box (6) @ 21.00,95.00,,0.00,7.60,102.60,card,
CL-0635,2026-09-16,counter,,2 x Sourdough Loaf @ 9.00; 2 x Croissant Box (6) @ 21.00,60.00,,0.00,4.80,64.80,cash,
CL-0636,2026-09-16,online,customer025@example.com,3 x Baguette @ 5.00,15.00,,0.00,1.20,16.20,card,
CL-0637,2026-09-16,counter,customer119@example.com,1 x Seasonal Pie @ 32.00; 1 x Birthday Cake @ 48.00,80.00,,0.00,6.40,86.40,card,
CL-0638,2026-09-16,counter,customer146@example.com,1 x Seasonal Pie @ 32.00; 3 x Croissant Box (6) @ 21.00; 1 x Cinnamon Roll @ 3.25,98.25,,0.00,7.86,106.11,cash,
CL-0639,2026-09-16,online,,3 x Coffee Beans @ 18.00; 1 x Cinnamon Roll @ 3.25,57.25,,0.00,4.58,61.83,card,
CL-0640,2026-09-16,counter,customer047@example.com,1 x Baguette @ 5.00; 1 x Sourdough Loaf @ 9.00; 2 x Blueberry Scone @ 3.75,21.50,,0.00,1.72,23.22,card,
CL-0641,2026-09-16,online,customer134@example.com,3 x Coffee Beans @ 18.00,54.00,,0.00,4.32,58.32,card,
CL-0642,2026-09-16,counter,customer040@example.com,3 x Cinnamon Roll @ 3.25; 3 x Blueberry Scone @ 3.75; 1 x Coffee Beans @ 18.00,39.00,,0.00,3.12,42.12,cash,
CL-0643,2026-09-16,counter,customer002@example.com,1 x Croissant Box (6) @ 21.00; 1 x Blueberry Scone @ 3.75,24.75,,0.00,1.98,26.73,card,
CL-0644,2026-09-16,counter,,1 x Birthday Cake @ 48.00; 3 x Blueberry Scone @ 3.75,59.25,,0.00,4.74,63.99,card,
CL-0645,2026-09-16,counter,,1 x Cookie Box (12) @ 12.00; 2 x Blueberry Scone @ 3.75,19.50,,0.00,1.56,21.06,card,
CL-0646,2026-09-16,counter,customer021@example.com,1 x Birthday Cake @ 48.00; 2 x Sourdough Loaf @ 9.00; 1 x Seasonal Pie @ 32.00,98.00,,0.00,7.84,105.84,card,
CL-0647,2026-09-16,counter,customer084@example.com,3 x Cookie Box (12) @ 12.00; 3 x Blueberry Scone @ 3.75; 2 x Coffee Beans @ 18.00,83.25,,0.00,6.66,89.91,card,
CL-0648,2026-09-16,counter,,1 x Birthday Cake @ 48.00,48.00,,0.00,3.84,51.84,cash,
CL-0649,2026-09-16,counter,,3 x Baguette @ 5.00,15.00,,0.00,1.20,16.20,cash,
CL-0650,2026-09-16,online,customer115@example.com,3 x Cookie Box (12) @ 12.00; 2 x Coffee Beans @ 18.00; 1 x Seasonal Pie @ 32.00,104.00,,0.00,8.32,112.32,card,
CL-0651,2026-09-16,counter,customer142@example.com,2 x Croissant Box (6) @ 21.00,42.00,STAFF50,21.00,1.68,22.68,card,
CL-0652,2026-09-16,counter,customer073@example.com,2 x Coffee Beans @ 18.00,36.00,,0.00,2.88,38.88,card,
CL-0653,2026-09-16,online,,3 x Sourdough Loaf @ 9.00,27.00,,0.00,2.16,29.16,cash,
CL-0654,2026-09-16,counter,customer123@example.com,1 x Sourdough Loaf @ 9.00; 1 x Birthday Cake @ 48.00; 3 x Baguette @ 5.00,72.00,,0.00,5.76,77.76,card,
CL-0655,2026-09-16,counter,customer034@example.com,2 x Sourdough Loaf @ 9.00,18.00,,0.00,1.44,19.44,cash,
CL-0656,2026-09-16,counter,customer037@example.com,2 x Blueberry Scone @ 3.75,7.50,,0.00,0.60,8.10,card,
CL-0657,2026-09-16,counter,customer036@example.com,2 x Cookie Box (12) @ 12.00; 2 x Sourdough Loaf @ 9.00; 1 x Seasonal Pie @ 32.00,74.00,,0.00,5.92,79.92,card,
CL-0658,2026-09-16,online,customer066@example.com,3 x Coffee Beans @ 18.00; 2 x Blueberry Scone @ 3.75; 2 x Sourdough Loaf @ 9.00,79.50,,0.00,6.36,85.86,card,
CL-0659,2026-09-16,online,,1 x Birthday Cake @ 48.00; 3 x Coffee Beans @ 18.00,102.00,,0.00,8.16,110.16,cash,
CL-0660,2026-09-16,online,customer128@example.com,1 x Blueberry Scone @ 3.75; 2 x Sourdough Loaf @ 9.00,21.75,,0.00,1.74,23.49,cash,
CL-0661,2026-09-16,counter,,1 x Birthday Cake @ 48.00; 2 x Coffee Beans @ 18.00,84.00,,0.00,6.72,90.72,card,
CL-0662,2026-09-17,counter,customer028@example.com,1 x Cookie Box (12) @ 12.00; 2 x Cinnamon Roll @ 3.25,18.50,,0.00,1.48,19.98,card,
CL-0663,2026-09-17,counter,customer007@example.com,1 x Blueberry Scone @ 3.75; 2 x Coffee Beans @ 18.00,39.75,,0.00,3.18,42.93,card,
CL-0664,2026-09-17,counter,customer119@example.com,2 x Sourdough Loaf @ 9.00,18.00,,0.00,1.44,19.44,card,
CL-0665,2026-09-17,counter,customer144@example.com,1 x Seasonal Pie @ 32.00; 3 x Baguette @ 5.00,47.00,,0.00,3.76,50.76,card,
CL-0666,2026-09-17,counter,customer089@example.com,1 x Seasonal Pie @ 32.00,32.00,,0.00,2.56,34.56,card,
CL-0667,2026-09-17,counter,,2 x Coffee Beans @ 18.00; 1 x Blueberry Scone @ 3.75; 1 x Baguette @ 5.00,44.75,,0.00,3.58,48.33,card,
CL-0668,2026-09-17,online,,1 x Seasonal Pie @ 32.00; 2 x Croissant Box (6) @ 21.00,74.00,,0.00,5.92,79.92,cash,
CL-0669,2026-09-17,counter,customer007@example.com,3 x Cookie Box (12) @ 12.00,36.00,,0.00,2.88,38.88,cash,
CL-0670,2026-09-17,counter,,3 x Croissant Box (6) @ 21.00; 1 x Seasonal Pie @ 32.00,95.00,,0.00,7.60,102.60,card,
CL-0671,2026-09-17,counter,,1 x Seasonal Pie @ 32.00,32.00,,0.00,2.56,34.56,card,
CL-0672,2026-09-17,counter,customer070@example.com,2 x Sourdough Loaf @ 9.00; 3 x Croissant Box (6) @ 21.00; 2 x Coffee Beans @ 18.00,117.00,,0.00,9.36,126.36,card,
CL-0673,2026-09-17,counter,,3 x Cookie Box (12) @ 12.00; 1 x Seasonal Pie @ 32.00; 2 x Cinnamon Roll @ 3.25,74.50,,0.00,5.96,80.46,cash,
CL-0674,2026-09-17,online,customer125@example.com,3 x Cinnamon Roll @ 3.25,9.75,,0.00,0.78,10.53,card,
CL-0675,2026-09-17,counter,customer120@example.com,3 x Coffee Beans @ 18.00; 1 x Blueberry Scone @ 3.75; 2 x Cinnamon Roll @ 3.25,64.25,,0.00,5.14,69.39,card,
CL-0676,2026-09-17,online,,1 x Cinnamon Roll @ 3.25; 1 x Seasonal Pie @ 32.00; 1 x Birthday Cake @ 48.00,83.25,,0.00,6.66,89.91,card,
CL-0677,2026-09-17,online,,1 x Seasonal Pie @ 32.00; 1 x Birthday Cake @ 48.00,80.00,,0.00,6.40,86.40,card,
CL-0678,2026-09-17,counter,customer003@example.com,3 x Sourdough Loaf @ 9.00,27.00,,0.00,2.16,29.16,card,
CL-0679,2026-09-17,online,,2 x Sourdough Loaf @ 9.00; 1 x Seasonal Pie @ 32.00,50.00,,0.00,4.00,54.00,card,
CL-0680,2026-09-17,counter,customer118@example.com,2 x Cookie Box (12) @ 12.00,24.00,,0.00,1.92,25.92,card,
CL-0681,2026-09-17,online,,2 x Coffee Beans @ 18.00; 1 x Croissant Box (6) @ 21.00; 1 x Blueberry Scone @ 3.75,60.75,,0.00,4.86,65.61,cash,
CL-0682,2026-09-17,counter,,1 x Birthday Cake @ 48.00,48.00,,0.00,3.84,51.84,card,
CL-0683,2026-09-17,counter,customer039@example.com,1 x Baguette @ 5.00; 1 x Croissant Box (6) @ 21.00; 3 x Cookie Box (12) @ 12.00,62.00,,0.00,4.96,66.96,card,
CL-0684,2026-09-17,counter,customer013@example.com,3 x Croissant Box (6) @ 21.00,63.00,,0.00,5.04,68.04,card,
CL-0685,2026-09-17,counter,customer156@example.com,2 x Blueberry Scone @ 3.75; 3 x Croissant Box (6) @ 21.00,70.50,,0.00,5.64,76.14,cash,
CL-0686,2026-09-17,online,,2 x Blueberry Scone @ 3.75; 1 x Seasonal Pie @ 32.00,39.50,,0.00,3.16,42.66,card,
CL-0687,2026-09-17,online,customer072@example.com,3 x Sourdough Loaf @ 9.00; 1 x Baguette @ 5.00,32.00,,0.00,2.56,34.56,card,
CL-0688,2026-09-17,counter,customer011@example.com,1 x Sourdough Loaf @ 9.00; 1 x Birthday Cake @ 48.00; 2 x Cookie Box (12) @ 12.00,81.00,,0.00,6.48,87.48,card,
CL-0689,2026-09-17,counter,customer016@example.com,1 x Coffee Beans @ 18.00; 1 x Cookie Box (12) @ 12.00,30.00,,0.00,2.40,32.40,card,
CL-0690,2026-09-17,counter,customer057@example.com,1 x Croissant Box (6) @ 21.00,21.00,,0.00,1.68,22.68,cash,
CL-0691,2026-09-17,counter,customer011@example.com,1 x Croissant Box (6) @ 21.00; 1 x Coffee Beans @ 18.00; 2 x Blueberry Scone @ 3.75,46.50,,0.00,3.72,50.22,card,
CL-0692,2026-09-17,online,,1 x Cinnamon Roll @ 3.25; 1 x Seasonal Pie @ 32.00; 1 x Sourdough Loaf @ 9.00,44.25,,0.00,3.54,47.79,card,
CL-0693,2026-09-17,online,,1 x Birthday Cake @ 48.00,48.00,,0.00,3.84,51.84,card,
CL-0694,2026-09-17,counter,customer047@example.com,1 x Seasonal Pie @ 32.00; 2 x Baguette @ 5.00; 1 x Cookie Box (12) @ 12.00,54.00,,0.00,4.32,58.32,card,
CL-0695,2026-09-17,online,customer154@example.com,2 x Cookie Box (12) @ 12.00,24.00,,0.00,1.92,25.92,cash,
CL-0696,2026-09-17,online,customer124@example.com,1 x Seasonal Pie @ 32.00; 1 x Birthday Cake @ 48.00,80.00,,0.00,6.40,86.40,card,
CL-0697,2026-09-17,counter,,2 x Baguette @ 5.00; 2 x Cookie Box (12) @ 12.00,34.00,,0.00,2.72,36.72,card,
CL-0698,2026-09-17,counter,customer065@example.com,2 x Baguette @ 5.00; 2 x Cookie Box (12) @ 12.00,34.00,,0.00,2.72,36.72,card,
CL-0699,2026-09-17,counter,customer059@example.com,3 x Blueberry Scone @ 3.75; 1 x Seasonal Pie @ 32.00,43.25,,0.00,3.46,46.71,card,
CL-0700,2026-09-17,online,,1 x Seasonal Pie @ 32.00; 1 x Birthday Cake @ 48.00,80.00,,0.00,6.40,86.40,card,
CL-0701,2026-09-17,counter,customer001@example.com,3 x Cookie Box (12) @ 12.00; 1 x Seasonal Pie @ 32.00,68.00,,0.00,5.44,73.44,card,
CL-0702,2026-09-17,counter,customer046@example.com,2 x Cinnamon Roll @ 3.25,6.50,,0.00,0.52,7.02,card,
CL-0703,2026-09-18,counter,,2 x Coffee Beans @ 18.00; 2 x Blueberry Scone @ 3.75; 2 x Baguette @ 5.00,53.50,,0.00,4.28,57.78,cash,
CL-0704,2026-09-18,online,customer044@example.com,1 x Sourdough Loaf @ 9.00; 2 x Cookie Box (12) @ 12.00; 2 x Baguette @ 5.00,43.00,,0.00,3.44,46.44,cash,
CL-0705,2026-09-18,counter,customer079@example.com,1 x Coffee Beans @ 18.00; 1 x Cinnamon Roll @ 3.25,21.25,,0.00,1.70,22.95,card,
CL-0706,2026-09-18,counter,customer102@example.com,1 x Seasonal Pie @ 32.00,32.00,,0.00,2.56,34.56,card,
CL-0707,2026-09-18,counter,customer105@example.com,1 x Croissant Box (6) @ 21.00; 1 x Baguette @ 5.00; 2 x Blueberry Scone @ 3.75,33.50,,0.00,2.68,36.18,card,
CL-0708,2026-09-18,counter,,3 x Blueberry Scone @ 3.75; 1 x Birthday Cake @ 48.00; 2 x Croissant Box (6) @ 21.00,101.25,,0.00,8.10,109.35,card,
CL-0709,2026-09-18,online,,1 x Birthday Cake @ 48.00; 3 x Cinnamon Roll @ 3.25; 3 x Cookie Box (12) @ 12.00,93.75,,0.00,7.50,101.25,card,
CL-0710,2026-09-18,counter,,1 x Baguette @ 5.00,5.00,,0.00,0.40,5.40,card,
CL-0711,2026-09-18,online,customer004@example.com,1 x Coffee Beans @ 18.00; 1 x Baguette @ 5.00; 1 x Birthday Cake @ 48.00,71.00,,0.00,5.68,76.68,cash,
CL-0712,2026-09-18,counter,,3 x Cinnamon Roll @ 3.25; 2 x Cookie Box (12) @ 12.00; 2 x Baguette @ 5.00,43.75,,0.00,3.50,47.25,card,
CL-0713,2026-09-18,counter,,1 x Seasonal Pie @ 32.00,32.00,,0.00,2.56,34.56,cash,
CL-0714,2026-09-18,counter,,1 x Seasonal Pie @ 32.00,32.00,,0.00,2.56,34.56,cash,
CL-0715,2026-09-18,counter,customer027@example.com,1 x Sourdough Loaf @ 9.00; 1 x Seasonal Pie @ 32.00,41.00,,0.00,3.28,44.28,card,
CL-0716,2026-09-18,counter,customer077@example.com,2 x Cookie Box (12) @ 12.00; 1 x Coffee Beans @ 18.00; 1 x Birthday Cake @ 48.00,90.00,,0.00,7.20,97.20,cash,
CL-0717,2026-09-18,counter,customer007@example.com,1 x Sourdough Loaf @ 9.00; 1 x Birthday Cake @ 48.00,57.00,,0.00,4.56,61.56,card,
CL-0718,2026-09-18,counter,customer038@example.com,1 x Croissant Box (6) @ 21.00,21.00,,0.00,1.68,22.68,cash,
CL-0719,2026-09-18,counter,customer136@example.com,3 x Cookie Box (12) @ 12.00,36.00,,0.00,2.88,38.88,cash,
CL-0720,2026-09-18,counter,,3 x Cookie Box (12) @ 12.00,36.00,,0.00,2.88,38.88,card,
CL-0721,2026-09-18,online,,1 x Birthday Cake @ 48.00,48.00,,0.00,3.84,51.84,card,
CL-0722,2026-09-18,counter,customer107@example.com,2 x Cookie Box (12) @ 12.00; 1 x Birthday Cake @ 48.00; 2 x Coffee Beans @ 18.00,108.00,,0.00,8.64,116.64,card,
CL-0723,2026-09-18,online,customer113@example.com,1 x Birthday Cake @ 48.00; 3 x Croissant Box (6) @ 21.00; 3 x Sourdough Loaf @ 9.00,138.00,,0.00,11.04,149.04,card,
CL-0724,2026-09-18,online,,2 x Blueberry Scone @ 3.75,7.50,,0.00,0.60,8.10,cash,
CL-0725,2026-09-18,online,,2 x Cinnamon Roll @ 3.25; 1 x Cookie Box (12) @ 12.00,18.50,,0.00,1.48,19.98,card,
CL-0726,2026-09-18,counter,,3 x Cinnamon Roll @ 3.25,9.75,,0.00,0.78,10.53,card,
CL-0727,2026-09-18,counter,,1 x Coffee Beans @ 18.00,18.00,,0.00,1.44,19.44,card,
CL-0728,2026-09-18,online,,2 x Sourdough Loaf @ 9.00,18.00,,0.00,1.44,19.44,cash,
CL-0729,2026-09-18,online,customer091@example.com,3 x Blueberry Scone @ 3.75; 3 x Croissant Box (6) @ 21.00; 1 x Birthday Cake @ 48.00,122.25,,0.00,9.78,132.03,card,
CL-0730,2026-09-18,counter,customer023@example.com,1 x Coffee Beans @ 18.00; 2 x Baguette @ 5.00; 1 x Birthday Cake @ 48.00,76.00,,0.00,6.08,82.08,card,
CL-0731,2026-09-18,counter,customer112@example.com,2 x Blueberry Scone @ 3.75,7.50,,0.00,0.60,8.10,card,
CL-0732,2026-09-18,counter,,1 x Coffee Beans @ 18.00,18.00,,0.00,1.44,19.44,cash,
CL-0733,2026-09-18,online,customer046@example.com,1 x Cookie Box (12) @ 12.00; 3 x Sourdough Loaf @ 9.00,39.00,,0.00,3.12,42.12,card,
CL-0734,2026-09-18,counter,customer042@example.com,1 x Birthday Cake @ 48.00; 3 x Sourdough Loaf @ 9.00,75.00,,0.00,6.00,81.00,cash,
CL-0735,2026-09-18,counter,customer112@example.com,1 x Sourdough Loaf @ 9.00; 2 x Croissant Box (6) @ 21.00; 2 x Cinnamon Roll @ 3.25,57.50,,0.00,4.60,62.10,card,
CL-0736,2026-09-18,counter,customer055@example.com,1 x Birthday Cake @ 48.00; 3 x Croissant Box (6) @ 21.00,111.00,,0.00,8.88,119.88,card,
CL-0737,2026-09-18,counter,customer065@example.com,3 x Baguette @ 5.00; 2 x Blueberry Scone @ 3.75,22.50,,0.00,1.80,24.30,card,
CL-0738,2026-09-18,counter,customer061@example.com,1 x Birthday Cake @ 48.00; 1 x Baguette @ 5.00; 2 x Blueberry Scone @ 3.75,60.50,,0.00,4.84,65.34,card,
CL-0739,2026-09-18,counter,,1 x Seasonal Pie @ 32.00; 1 x Blueberry Scone @ 3.75; 2 x Cinnamon Roll @ 3.25,42.25,,0.00,3.38,45.63,card,
CL-0740,2026-09-18,counter,customer117@example.com,3 x Baguette @ 5.00,15.00,,0.00,1.20,16.20,card,
CL-0741,2026-09-18,counter,,3 x Coffee Beans @ 18.00,54.00,,0.00,4.32,58.32,card,
CL-0742,2026-09-18,online,,3 x Cinnamon Roll @ 3.25; 1 x Seasonal Pie @ 32.00; 2 x Croissant Box (6) @ 21.00,83.75,,0.00,6.70,90.45,card,
CL-0743,2026-09-18,online,,3 x Blueberry Scone @ 3.75; 3 x Coffee Beans @ 18.00,65.25,,0.00,5.22,70.47,card,
CL-0744,2026-09-18,counter,customer009@example.com,1 x Sourdough Loaf @ 9.00; 2 x Blueberry Scone @ 3.75; 2 x Baguette @ 5.00,26.50,,0.00,2.12,28.62,card,
CL-0745,2026-09-19,counter,,2 x Sourdough Loaf @ 9.00; 1 x Birthday Cake @ 48.00; 3 x Baguette @ 5.00,81.00,,0.00,6.48,87.48,card,
CL-0746,2026-09-19,counter,,1 x Birthday Cake @ 48.00; 1 x Blueberry Scone @ 3.75; 1 x Baguette @ 5.00,56.75,,0.00,4.54,61.29,cash,
CL-0747,2026-09-19,counter,customer029@example.com,2 x Blueberry Scone @ 3.75; 2 x Baguette @ 5.00; 2 x Sourdough Loaf @ 9.00,35.50,,0.00,2.84,38.34,card,
CL-0748,2026-09-19,online,customer062@example.com,1 x Croissant Box (6) @ 21.00,21.00,,0.00,1.68,22.68,card,
CL-0749,2026-09-19,counter,customer044@example.com,2 x Cookie Box (12) @ 12.00; 1 x Sourdough Loaf @ 9.00,33.00,,0.00,2.64,35.64,card,
CL-0750,2026-09-19,counter,customer117@example.com,1 x Seasonal Pie @ 32.00; 3 x Cookie Box (12) @ 12.00; 1 x Birthday Cake @ 48.00,116.00,,0.00,9.28,125.28,cash,
CL-0751,2026-09-19,online,customer083@example.com,1 x Birthday Cake @ 48.00; 2 x Croissant Box (6) @ 21.00,90.00,,0.00,7.20,97.20,card,
CL-0752,2026-09-19,online,customer146@example.com,3 x Baguette @ 5.00; 1 x Croissant Box (6) @ 21.00,36.00,,0.00,2.88,38.88,card,
CL-0753,2026-09-19,online,customer024@example.com,2 x Croissant Box (6) @ 21.00; 1 x Birthday Cake @ 48.00; 3 x Cinnamon Roll @ 3.25,99.75,,0.00,7.98,107.73,cash,
CL-0754,2026-09-19,counter,,1 x Seasonal Pie @ 32.00; 2 x Coffee Beans @ 18.00; 1 x Birthday Cake @ 48.00,116.00,,0.00,9.28,125.28,card,
CL-0755,2026-09-19,online,customer070@example.com,3 x Croissant Box (6) @ 21.00; 1 x Baguette @ 5.00; 1 x Birthday Cake @ 48.00,116.00,,0.00,9.28,125.28,card,
CL-0756,2026-09-19,counter,,2 x Baguette @ 5.00; 1 x Croissant Box (6) @ 21.00; 1 x Cinnamon Roll @ 3.25,34.25,,0.00,2.74,36.99,cash,
CL-0757,2026-09-19,online,,3 x Cinnamon Roll @ 3.25; 2 x Sourdough Loaf @ 9.00,27.75,,0.00,2.22,29.97,card,
CL-0758,2026-09-19,counter,customer090@example.com,2 x Baguette @ 5.00; 1 x Seasonal Pie @ 32.00,42.00,,0.00,3.36,45.36,cash,
CL-0759,2026-09-19,counter,,1 x Birthday Cake @ 48.00; 3 x Coffee Beans @ 18.00; 2 x Baguette @ 5.00,112.00,,0.00,8.96,120.96,card,
CL-0760,2026-09-19,online,,1 x Birthday Cake @ 48.00,48.00,,0.00,3.84,51.84,card,
CL-0761,2026-09-19,counter,customer138@example.com,3 x Sourdough Loaf @ 9.00; 3 x Croissant Box (6) @ 21.00; 3 x Cookie Box (12) @ 12.00,126.00,,0.00,10.08,136.08,card,
CL-0762,2026-09-19,counter,,2 x Sourdough Loaf @ 9.00,18.00,,0.00,1.44,19.44,cash,
CL-0763,2026-09-19,counter,,2 x Coffee Beans @ 18.00; 1 x Seasonal Pie @ 32.00,68.00,,0.00,5.44,73.44,card,
CL-0764,2026-09-19,online,customer128@example.com,3 x Blueberry Scone @ 3.75; 3 x Baguette @ 5.00; 3 x Cinnamon Roll @ 3.25,36.00,,0.00,2.88,38.88,cash,
CL-0765,2026-09-19,online,,3 x Cookie Box (12) @ 12.00,36.00,,0.00,2.88,38.88,cash,
CL-0766,2026-09-19,online,customer113@example.com,1 x Birthday Cake @ 48.00,48.00,,0.00,3.84,51.84,card,
CL-0767,2026-09-19,online,customer095@example.com,1 x Coffee Beans @ 18.00; 1 x Croissant Box (6) @ 21.00,39.00,,0.00,3.12,42.12,card,
CL-0768,2026-09-19,online,customer033@example.com,1 x Cinnamon Roll @ 3.25; 3 x Croissant Box (6) @ 21.00,66.25,,0.00,5.30,71.55,card,
CL-0769,2026-09-19,online,customer108@example.com,3 x Croissant Box (6) @ 21.00,63.00,,0.00,5.04,68.04,card,
CL-0770,2026-09-19,online,,1 x Cinnamon Roll @ 3.25; 1 x Seasonal Pie @ 32.00; 3 x Coffee Beans @ 18.00,89.25,,0.00,7.14,96.39,card,
CL-0771,2026-09-19,online,customer135@example.com,2 x Croissant Box (6) @ 21.00,42.00,,0.00,3.36,45.36,cash,
CL-0772,2026-09-19,counter,,1 x Cookie Box (12) @ 12.00; 3 x Baguette @ 5.00; 3 x Blueberry Scone @ 3.75,38.25,,0.00,3.06,41.31,card,
CL-0773,2026-09-19,counter,,2 x Blueberry Scone @ 3.75,7.50,,0.00,0.60,8.10,card,
CL-0774,2026-09-19,online,customer071@example.com,1 x Baguette @ 5.00,5.00,,0.00,0.40,5.40,cash,
CL-0775,2026-09-19,online,,1 x Seasonal Pie @ 32.00; 2 x Sourdough Loaf @ 9.00,50.00,,0.00,4.00,54.00,card,
CL-0776,2026-09-19,counter,,1 x Blueberry Scone @ 3.75; 2 x Croissant Box (6) @ 21.00,45.75,,0.00,3.66,49.41,card,
CL-0777,2026-09-19,counter,customer099@example.com,1 x Seasonal Pie @ 32.00; 3 x Blueberry Scone @ 3.75,43.25,,0.00,3.46,46.71,card,
CL-0778,2026-09-19,counter,customer114@example.com,1 x Cookie Box (12) @ 12.00; 1 x Cinnamon Roll @ 3.25,15.25,,0.00,1.22,16.47,card,
CL-0779,2026-09-19,online,,1 x Cinnamon Roll @ 3.25; 3 x Croissant Box (6) @ 21.00; 2 x Blueberry Scone @ 3.75,73.75,,0.00,5.90,79.65,cash,
CL-0780,2026-09-19,online,,3 x Cinnamon Roll @ 3.25,9.75,,0.00,0.78,10.53,card,
CL-0781,2026-09-19,online,customer077@example.com,3 x Baguette @ 5.00; 3 x Croissant Box (6) @ 21.00,78.00,,0.00,6.24,84.24,card,
CL-0782,2026-09-19,counter,customer038@example.com,1 x Birthday Cake @ 48.00; 3 x Cinnamon Roll @ 3.25,57.75,,0.00,4.62,62.37,card,
CL-0783,2026-09-19,online,customer123@example.com,1 x Coffee Beans @ 18.00,18.00,,0.00,1.44,19.44,card,
CL-0784,2026-09-19,counter,customer109@example.com,2 x Cinnamon Roll @ 3.25; 3 x Blueberry Scone @ 3.75,17.75,,0.00,1.42,19.17,card,
CL-0785,2026-09-19,counter,customer137@example.com,1 x Seasonal Pie @ 32.00; 1 x Coffee Beans @ 18.00; 2 x Sourdough Loaf @ 9.00,68.00,,0.00,5.44,73.44,card,
CL-0786,2026-09-19,counter,,1 x Coffee Beans @ 18.00,18.00,,0.00,1.44,19.44,card,
CL-0787,2026-09-19,counter,customer028@example.com,1 x Baguette @ 5.00,5.00,,0.00,0.40,5.40,card,
CL-0788,2026-09-19,counter,customer009@example.com,1 x Cookie Box (12) @ 12.00; 2 x Cinnamon Roll @ 3.25; 1 x Croissant Box (6) @ 21.00,39.50,,0.00,3.16,42.66,card,
CL-0789,2026-09-19,counter,,3 x Cookie Box (12) @ 12.00,36.00,,0.00,2.88,38.88,card,
CL-0790,2026-09-19,online,customer140@example.com,1 x Birthday Cake @ 48.00; 1 x Croissant Box (6) @ 21.00; 2 x Cinnamon Roll @ 3.25,75.50,,0.00,6.04,81.54,card,
CL-0791,2026-09-20,online,customer134@example.com,1 x Birthday Cake @ 48.00; 2 x Baguette @ 5.00,58.00,,0.00,4.64,62.64,card,
CL-0792,2026-09-20,counter,customer006@example.com,3 x Sourdough Loaf @ 9.00; 1 x Coffee Beans @ 18.00; 1 x Cookie Box (12) @ 12.00,57.00,,0.00,4.56,61.56,card,
CL-0793,2026-09-20,counter,,1 x Birthday Cake @ 48.00; 1 x Croissant Box (6) @ 21.00; 3 x Cinnamon Roll @ 3.25,78.75,,0.00,6.30,85.05,card,
CL-0794,2026-09-20,counter,,1 x Coffee Beans @ 18.00; 3 x Croissant Box (6) @ 21.00; 1 x Blueberry Scone @ 3.75,84.75,,0.00,6.78,91.53,card,
CL-0795,2026-09-20,counter,,3 x Sourdough Loaf @ 9.00,27.00,,0.00,2.16,29.16,cash,
CL-0796,2026-09-20,counter,customer125@example.com,3 x Cookie Box (12) @ 12.00,36.00,,0.00,2.88,38.88,card,
CL-0797,2026-09-20,counter,customer156@example.com,2 x Sourdough Loaf @ 9.00,18.00,,0.00,1.44,19.44,card,
CL-0798,2026-09-20,counter,customer019@example.com,1 x Birthday Cake @ 48.00; 2 x Cookie Box (12) @ 12.00; 1 x Coffee Beans @ 16.50,88.50,,0.00,7.08,95.58,card,
CL-0799,2026-09-20,counter,customer146@example.com,3 x Sourdough Loaf @ 9.00; 1 x Cookie Box (12) @ 12.00,39.00,,0.00,3.12,42.12,card,
CL-0800,2026-09-20,online,,1 x Seasonal Pie @ 32.00; 2 x Croissant Box (6) @ 21.00; 1 x Birthday Cake @ 48.00,122.00,,0.00,9.76,131.76,card,
CL-0801,2026-09-20,counter,,1 x Birthday Cake @ 48.00; 2 x Baguette @ 5.00; 3 x Cinnamon Roll @ 3.25,67.75,,0.00,5.42,73.17,card,
CL-0802,2026-09-20,counter,customer088@example.com,1 x Sourdough Loaf @ 9.00; 2 x Croissant Box (6) @ 21.00; 1 x Cookie Box (12) @ 12.00,63.00,,0.00,5.04,68.04,card,
CL-0803,2026-09-20,online,,1 x Cinnamon Roll @ 3.25,3.25,,0.00,0.26,3.51,card,
CL-0804,2026-09-20,online,,1 x Cinnamon Roll @ 3.25; 1 x Coffee Beans @ 16.50,19.75,,0.00,1.58,21.33,card,
CL-0805,2026-09-20,counter,customer044@example.com,3 x Blueberry Scone @ 3.75; 1 x Croissant Box (6) @ 21.00; 1 x Cinnamon Roll @ 3.25,35.50,,0.00,2.84,38.34,cash,
CL-0806,2026-09-20,online,customer058@example.com,1 x Croissant Box (6) @ 21.00; 1 x Cookie Box (12) @ 12.00; 3 x Baguette @ 5.00,48.00,,0.00,3.84,51.84,card,
CL-0807,2026-09-20,counter,,1 x Cookie Box (12) @ 12.00; 1 x Seasonal Pie @ 32.00; 3 x Blueberry Scone @ 3.75,55.25,,0.00,4.42,59.67,card,
CL-0808,2026-09-20,counter,,1 x Birthday Cake @ 48.00; 3 x Cinnamon Roll @ 3.25,57.75,,0.00,4.62,62.37,cash,
CL-0809,2026-09-20,counter,,3 x Blueberry Scone @ 3.75,11.25,,0.00,0.90,12.15,card,
CL-0810,2026-09-20,counter,,1 x Birthday Cake @ 48.00; 3 x Cookie Box (12) @ 12.00; 3 x Sourdough Loaf @ 9.00,111.00,,0.00,8.88,119.88,cash,
CL-0811,2026-09-20,counter,customer129@example.com,2 x Sourdough Loaf @ 9.00; 3 x Cookie Box (12) @ 12.00; 3 x Cinnamon Roll @ 3.25,63.75,,0.00,5.10,68.85,card,
CL-0812,2026-09-20,counter,customer142@example.com,2 x Croissant Box (6) @ 21.00; 3 x Cinnamon Roll @ 3.25; 1 x Sourdough Loaf @ 9.00,60.75,,0.00,4.86,65.61,card,
CL-0813,2026-09-20,online,,1 x Croissant Box (6) @ 21.00; 1 x Seasonal Pie @ 32.00,53.00,,0.00,4.24,57.24,card,
CL-0814,2026-09-20,counter,,3 x Croissant Box (6) @ 21.00; 1 x Coffee Beans @ 16.50,79.50,,0.00,6.36,85.86,card,
CL-0815,2026-09-20,counter,customer061@example.com,2 x Croissant Box (6) @ 21.00,42.00,,0.00,3.36,45.36,card,
CL-0816,2026-09-20,counter,,2 x Cinnamon Roll @ 3.25; 3 x Baguette @ 5.00; 1 x Blueberry Scone @ 3.75,25.25,,0.00,2.02,27.27,cash,
CL-0817,2026-09-20,counter,customer043@example.com,1 x Cinnamon Roll @ 3.25,3.25,,0.00,0.26,3.51,card,
CL-0818,2026-09-20,counter,customer049@example.com,3 x Sourdough Loaf @ 9.00,27.00,,0.00,2.16,29.16,cash,
CL-0819,2026-09-20,counter,customer104@example.com,1 x Seasonal Pie @ 32.00; 1 x Birthday Cake @ 48.00; 3 x Coffee Beans @ 16.50,129.50,,0.00,10.36,139.86,card,
CL-0820,2026-09-20,counter,customer088@example.com,3 x Coffee Beans @ 16.50,49.50,,0.00,3.96,53.46,card,
CL-0821,2026-09-20,counter,customer072@example.com,1 x Seasonal Pie @ 32.00,32.00,,0.00,2.56,34.56,card,
CL-0822,2026-09-20,online,customer041@example.com,1 x Blueberry Scone @ 3.75; 1 x Birthday Cake @ 48.00; 1 x Coffee Beans @ 16.50,68.25,,0.00,5.46,73.71,card,
CL-0823,2026-09-20,online,customer001@example.com,1 x Coffee Beans @ 16.50; 1 x Croissant Box (6) @ 21.00; 1 x Seasonal Pie @ 32.00,69.50,,0.00,5.56,75.06,card,
CL-0824,2026-09-20,online,,1 x Sourdough Loaf @ 9.00; 2 x Blueberry Scone @ 3.75; 1 x Seasonal Pie @ 32.00,48.50,,0.00,3.88,52.38,card,
CL-0825,2026-09-20,counter,customer002@example.com,3 x Croissant Box (6) @ 21.00; 1 x Birthday Cake @ 48.00,111.00,,0.00,8.88,119.88,card,
CL-0826,2026-09-20,counter,,1 x Birthday Cake @ 48.00; 2 x Sourdough Loaf @ 9.00; 1 x Cinnamon Roll @ 3.25,69.25,,0.00,5.54,74.79,card,
CL-0827,2026-09-20,counter,customer079@example.com,1 x Sourdough Loaf @ 9.00; 2 x Coffee Beans @ 16.50; 1 x Blueberry Scone @ 3.75,45.75,,0.00,3.66,49.41,card,
CL-0828,2026-09-20,counter,customer077@example.com,1 x Cinnamon Roll @ 3.25; 1 x Seasonal Pie @ 32.00; 1 x Birthday Cake @ 48.00,83.25,,0.00,6.66,89.91,card,
CL-0829,2026-09-20,counter,customer107@example.com,1 x Sourdough Loaf @ 9.00; 3 x Blueberry Scone @ 3.75; 3 x Cinnamon Roll @ 3.25,30.00,,0.00,2.40,32.40,card,
CL-0830,2026-09-20,counter,,3 x Cinnamon Roll @ 3.25; 2 x Croissant Box (6) @ 21.00; 2 x Sourdough Loaf @ 9.00,69.75,,0.00,5.58,75.33,cash,
CL-0831,2026-09-20,counter,customer020@example.com,3 x Cinnamon Roll @ 3.25; 2 x Cookie Box (12) @ 12.00; 1 x Blueberry Scone @ 3.75,37.50,,0.00,3.00,40.50,card,
CL-0832,2026-09-20,counter,customer146@example.com,1 x Birthday Cake @ 48.00,48.00,,0.00,3.84,51.84,card,
CL-0833,2026-09-20,counter,customer033@example.com,1 x Blueberry Scone @ 3.75; 3 x Sourdough Loaf @ 9.00; 3 x Croissant Box (6) @ 21.00,93.75,,0.00,7.50,101.25,card,
CL-0834,2026-09-20,counter,customer046@example.com,1 x Cookie Box (12) @ 12.00,12.00,,0.00,0.96,12.96,card,
CL-0835,2026-09-20,counter,customer015@example.com,1 x Birthday Cake @ 48.00; 1 x Seasonal Pie @ 32.00; 1 x Sourdough Loaf @ 9.00,89.00,,0.00,7.12,96.12,card,
CL-0836,2026-09-20,online,,3 x Baguette @ 5.00; 3 x Sourdough Loaf @ 9.00; 1 x Birthday Cake @ 48.00,90.00,,0.00,7.20,97.20,card,
CL-0837,2026-09-20,counter,customer020@example.com,1 x Seasonal Pie @ 32.00,32.00,,0.00,2.56,34.56,card,
CL-0838,2026-09-20,online,,1 x Croissant Box (6) @ 21.00,21.00,,0.00,1.68,22.68,card,
CL-0839,2026-09-20,counter,customer025@example.com,1 x Seasonal Pie @ 32.00; 2 x Cookie Box (12) @ 12.00; 1 x Cinnamon Roll @ 3.25,59.25,,0.00,4.74,63.99,card,
CL-0840,2026-09-20,counter,,3 x Coffee Beans @ 16.50; 3 x Croissant Box (6) @ 21.00,112.50,,0.00,9.00,121.50,card,
CL-0841,2026-09-22,counter,customer066@example.com,2 x Coffee Beans @ 16.50; 3 x Blueberry Scone @ 3.75,44.25,,0.00,3.54,47.79,card,
CL-0842,2026-09-22,counter,customer016@example.com,1 x Birthday Cake @ 48.00; 1 x Seasonal Pie @ 32.00,80.00,,0.00,6.40,86.40,cash,
CL-0843,2026-09-22,counter,customer050@example.com,3 x Cinnamon Roll @ 3.25; 1 x Croissant Box (6) @ 21.00; 1 x Birthday Cake @ 48.00,78.75,,0.00,6.30,85.05,card,
CL-0844,2026-09-22,online,,3 x Blueberry Scone @ 3.75; 2 x Croissant Box (6) @ 21.00; 1 x Baguette @ 5.00,58.25,,0.00,4.66,62.91,card,
CL-0845,2026-09-22,counter,customer149@example.com,1 x Baguette @ 5.00; 2 x Croissant Box (6) @ 21.00; 1 x Coffee Beans @ 16.50,63.50,,0.00,5.08,68.58,card,
CL-0846,2026-09-22,counter,customer082@example.com,1 x Coffee Beans @ 16.50,16.50,,0.00,1.32,17.82,cash,
CL-0847,2026-09-22,counter,customer022@example.com,1 x Seasonal Pie @ 32.00,32.00,,0.00,2.56,34.56,cash,
CL-0848,2026-09-22,counter,customer057@example.com,2 x Baguette @ 5.00; 3 x Croissant Box (6) @ 21.00,73.00,,0.00,5.84,78.84,card,
CL-0849,2026-09-22,online,customer078@example.com,3 x Sourdough Loaf @ 9.00,27.00,,0.00,2.16,29.16,card,
CL-0850,2026-09-22,counter,,1 x Blueberry Scone @ 3.75; 3 x Baguette @ 5.00,18.75,,0.00,1.50,20.25,cash,
CL-0851,2026-09-22,online,,2 x Cookie Box (12) @ 12.00; 1 x Birthday Cake @ 48.00,72.00,,0.00,5.76,77.76,cash,
CL-0852,2026-09-22,counter,,1 x Croissant Box (6) @ 21.00; 3 x Baguette @ 5.00,36.00,,0.00,2.88,38.88,card,
CL-0853,2026-09-22,counter,,2 x Cinnamon Roll @ 3.25; 1 x Birthday Cake @ 48.00,54.50,,0.00,4.36,58.86,card,
CL-0854,2026-09-22,counter,customer131@example.com,2 x Cookie Box (12) @ 12.00,24.00,,0.00,1.92,25.92,card,
CL-0855,2026-09-22,counter,customer048@example.com,1 x Sourdough Loaf @ 9.00; 1 x Baguette @ 5.00,14.00,,0.00,1.12,15.12,card,
CL-0856,2026-09-22,counter,,2 x Baguette @ 5.00; 1 x Blueberry Scone @ 3.75,13.75,,0.00,1.10,14.85,card,
CL-0857,2026-09-22,counter,customer017@example.com,2 x Coffee Beans @ 16.50; 1 x Croissant Box (6) @ 21.00,54.00,,0.00,4.32,58.32,card,
CL-0858,2026-09-22,online,customer066@example.com,3 x Blueberry Scone @ 3.75; 1 x Sourdough Loaf @ 9.00; 3 x Coffee Beans @ 16.50,69.75,,0.00,5.58,75.33,card,
CL-0859,2026-09-22,counter,customer006@example.com,3 x Sourdough Loaf @ 9.00; 1 x Birthday Cake @ 48.00,75.00,,0.00,6.00,81.00,card,
CL-0860,2026-09-22,online,customer061@example.com,1 x Sourdough Loaf @ 9.00; 1 x Cookie Box (12) @ 12.00; 3 x Coffee Beans @ 16.50,70.50,,0.00,5.64,76.14,card,
CL-0861,2026-09-22,counter,customer093@example.com,1 x Birthday Cake @ 48.00; 1 x Sourdough Loaf @ 9.00,57.00,,0.00,4.56,61.56,cash,
CL-0862,2026-09-22,online,,2 x Sourdough Loaf @ 9.00; 3 x Cinnamon Roll @ 3.25; 2 x Coffee Beans @ 16.50,60.75,,0.00,4.86,65.61,cash,
CL-0863,2026-09-22,counter,,1 x Baguette @ 5.00; 2 x Sourdough Loaf @ 9.00; 1 x Birthday Cake @ 48.00,71.00,,0.00,5.68,76.68,card,
CL-0864,2026-09-22,online,,1 x Birthday Cake @ 48.00,48.00,,0.00,3.84,51.84,cash,
CL-0865,2026-09-22,counter,,3 x Cookie Box (12) @ 12.00; 3 x Coffee Beans @ 16.50,85.50,,0.00,6.84,92.34,cash,
CL-0866,2026-09-22,online,,1 x Seasonal Pie @ 32.00; 1 x Sourdough Loaf @ 9.00,41.00,,0.00,3.28,44.28,card,
CL-0867,2026-09-22,counter,,1 x Seasonal Pie @ 32.00,32.00,,0.00,2.56,34.56,card,
CL-0868,2026-09-22,online,,1 x Blueberry Scone @ 3.75; 1 x Birthday Cake @ 48.00,51.75,,0.00,4.14,55.89,cash,
CL-0869,2026-09-22,online,customer103@example.com,3 x Baguette @ 5.00; 1 x Coffee Beans @ 16.50,31.50,,0.00,2.52,34.02,card,
CL-0870,2026-09-22,online,,1 x Birthday Cake @ 48.00; 3 x Croissant Box (6) @ 21.00,111.00,,0.00,8.88,119.88,card,
CL-0871,2026-09-22,counter,customer138@example.com,3 x Blueberry Scone @ 3.75; 1 x Seasonal Pie @ 32.00; 3 x Sourdough Loaf @ 9.00,70.25,,0.00,5.62,75.87,card,
CL-0872,2026-09-22,counter,customer145@example.com,1 x Baguette @ 5.00,5.00,,0.00,0.40,5.40,card,
CL-0873,2026-09-22,online,customer148@example.com,1 x Seasonal Pie @ 32.00; 2 x Coffee Beans @ 16.50; 3 x Cinnamon Roll @ 3.25,74.75,,0.00,5.98,80.73,cash,
CL-0874,2026-09-22,online,customer034@example.com,2 x Baguette @ 5.00; 1 x Croissant Box (6) @ 21.00; 1 x Cookie Box (12) @ 12.00,43.00,,0.00,3.44,46.44,cash,
CL-0875,2026-09-22,online,customer077@example.com,2 x Blueberry Scone @ 3.75; 2 x Cinnamon Roll @ 3.25,14.00,,0.00,1.12,15.12,card,
CL-0876,2026-09-22,counter,customer088@example.com,1 x Seasonal Pie @ 32.00,32.00,,0.00,2.56,34.56,card,
CL-0877,2026-09-22,online,customer010@example.com,1 x Baguette @ 5.00,5.00,,0.00,0.40,5.40,card,
CL-0878,2026-09-22,online,,1 x Birthday Cake @ 48.00; 3 x Coffee Beans @ 16.50,97.50,,0.00,7.80,105.30,card,
CL-0879,2026-09-22,counter,,1 x Cookie Box (12) @ 12.00; 3 x Blueberry Scone @ 3.75,23.25,,0.00,1.86,25.11,card,
CL-0880,2026-09-22,counter,,1 x Seasonal Pie @ 32.00,32.00,,0.00,2.56,34.56,card,
CL-0881,2026-09-22,counter,customer149@example.com,3 x Cookie Box (12) @ 12.00; 3 x Cinnamon Roll @ 3.25,45.75,,0.00,3.66,49.41,cash,
CL-0882,2026-09-22,counter,customer021@example.com,3 x Coffee Beans @ 16.50; 3 x Blueberry Scone @ 3.75; 3 x Cookie Box (12) @ 12.00,96.75,,0.00,7.74,104.49,card,
CL-0883,2026-09-22,counter,customer047@example.com,1 x Birthday Cake @ 48.00; 1 x Seasonal Pie @ 32.00; 1 x Croissant Box (6) @ 21.00,101.00,,0.00,8.08,109.08,card,
CL-0884,2026-09-22,counter,,1 x Birthday Cake @ 48.00; 1 x Seasonal Pie @ 32.00,80.00,,0.00,6.40,86.40,card,
CL-0885,2026-09-23,counter,,2 x Cookie Box (12) @ 12.00,24.00,,0.00,1.92,25.92,card,
CL-0886,2026-09-23,counter,,3 x Croissant Box (6) @ 21.00; 2 x Sourdough Loaf @ 9.00,81.00,,0.00,6.48,87.48,card,
CL-0887,2026-09-23,counter,customer136@example.com,1 x Birthday Cake @ 48.00,48.00,,0.00,3.84,51.84,card,
CL-0888,2026-09-23,counter,,3 x Croissant Box (6) @ 21.00; 3 x Coffee Beans @ 16.50; 1 x Seasonal Pie @ 32.00,144.50,,0.00,11.56,156.06,cash,
CL-0889,2026-09-23,counter,,2 x Baguette @ 5.00; 1 x Coffee Beans @ 16.50; 3 x Cinnamon Roll @ 3.25,36.25,,0.00,2.90,39.15,cash,
CL-0890,2026-09-23,counter,,3 x Sourdough Loaf @ 9.00,27.00,,0.00,2.16,29.16,card,
CL-0891,2026-09-23,counter,,1 x Seasonal Pie @ 32.00; 1 x Croissant Box (6) @ 21.00,53.00,,0.00,4.24,57.24,card,
CL-0892,2026-09-23,counter,customer057@example.com,2 x Cookie Box (12) @ 12.00,24.00,,0.00,1.92,25.92,cash,
CL-0893,2026-09-23,counter,customer004@example.com,1 x Birthday Cake @ 48.00; 2 x Croissant Box (6) @ 21.00; 1 x Coffee Beans @ 16.50,106.50,,0.00,8.52,115.02,card,
CL-0894,2026-09-23,online,customer079@example.com,3 x Cinnamon Roll @ 3.25; 1 x Coffee Beans @ 16.50; 2 x Croissant Box (6) @ 21.00,68.25,,0.00,5.46,73.71,card,
CL-0895,2026-09-23,counter,customer077@example.com,3 x Sourdough Loaf @ 9.00; 1 x Cinnamon Roll @ 3.25; 1 x Baguette @ 5.00,35.25,,0.00,2.82,38.07,card,
CL-0896,2026-09-23,counter,customer035@example.com,1 x Birthday Cake @ 48.00; 1 x Croissant Box (6) @ 21.00; 1 x Cinnamon Roll @ 3.25,72.25,,0.00,5.78,78.03,card,
CL-0897,2026-09-23,counter,customer117@example.com,2 x Cinnamon Roll @ 3.25,6.50,,0.00,0.52,7.02,card,
CL-0898,2026-09-23,counter,customer156@example.com,2 x Baguette @ 5.00; 1 x Birthday Cake @ 48.00; 2 x Coffee Beans @ 16.50,91.00,,0.00,7.28,98.28,cash,
CL-0899,2026-09-23,counter,,1 x Birthday Cake @ 48.00; 2 x Cookie Box (12) @ 12.00,72.00,,0.00,5.76,77.76,card,
CL-0900,2026-09-23,counter,customer105@example.com,3 x Sourdough Loaf @ 9.00,27.00,,0.00,2.16,29.16,cash,
CL-0901,2026-09-23,counter,,3 x Blueberry Scone @ 3.75; 3 x Cookie Box (12) @ 12.00; 1 x Sourdough Loaf @ 9.00,56.25,,0.00,4.50,60.75,card,
CL-0902,2026-09-23,counter,,1 x Birthday Cake @ 48.00,48.00,,0.00,3.84,51.84,card,
CL-0903,2026-09-23,online,customer005@example.com,1 x Cookie Box (12) @ 12.00; 3 x Sourdough Loaf @ 9.00,39.00,,0.00,3.12,42.12,card,
CL-0904,2026-09-23,online,customer133@example.com,1 x Cinnamon Roll @ 3.25; 1 x Croissant Box (6) @ 21.00; 1 x Birthday Cake @ 48.00,72.25,,0.00,5.78,78.03,card,
CL-0905,2026-09-23,online,,1 x Seasonal Pie @ 32.00; 3 x Croissant Box (6) @ 21.00; 1 x Cinnamon Roll @ 3.25,98.25,,0.00,7.86,106.11,card,
CL-0906,2026-09-23,counter,,2 x Cookie Box (12) @ 12.00,24.00,,0.00,1.92,25.92,card,
CL-0907,2026-09-23,counter,customer029@example.com,1 x Blueberry Scone @ 3.75; 1 x Croissant Box (6) @ 21.00; 2 x Coffee Beans @ 16.50,57.75,,0.00,4.62,62.37,cash,
CL-0908,2026-09-23,online,,2 x Croissant Box (6) @ 21.00; 3 x Coffee Beans @ 16.50; 3 x Baguette @ 5.00,106.50,,0.00,8.52,115.02,card,
CL-0909,2026-09-23,counter,customer060@example.com,3 x Cinnamon Roll @ 3.25; 3 x Baguette @ 5.00,24.75,,0.00,1.98,26.73,card,
CL-0910,2026-09-23,online,,1 x Birthday Cake @ 48.00; 2 x Cinnamon Roll @ 3.25,54.50,,0.00,4.36,58.86,card,
CL-0911,2026-09-23,counter,,1 x Birthday Cake @ 48.00; 1 x Croissant Box (6) @ 21.00; 3 x Cinnamon Roll @ 3.25,78.75,,0.00,6.30,85.05,card,
CL-0912,2026-09-23,counter,customer145@example.com,1 x Birthday Cake @ 48.00; 2 x Croissant Box (6) @ 21.00; 1 x Seasonal Pie @ 32.00,122.00,,0.00,9.76,131.76,card,
CL-0913,2026-09-23,counter,customer089@example.com,2 x Baguette @ 5.00; 1 x Coffee Beans @ 16.50; 1 x Cookie Box (12) @ 12.00,38.50,,0.00,3.08,41.58,card,
CL-0914,2026-09-23,counter,,3 x Coffee Beans @ 16.50,49.50,,0.00,3.96,53.46,cash,
CL-0915,2026-09-23,counter,customer019@example.com,1 x Blueberry Scone @ 3.75; 3 x Cookie Box (12) @ 12.00,39.75,,0.00,3.18,42.93,card,
CL-0916,2026-09-23,online,,1 x Birthday Cake @ 48.00; 1 x Croissant Box (6) @ 21.00; 1 x Sourdough Loaf @ 9.00,78.00,,0.00,6.24,84.24,card,
CL-0917,2026-09-23,online,customer079@example.com,3 x Cookie Box (12) @ 12.00,36.00,,0.00,2.88,38.88,card,
CL-0918,2026-09-23,online,,1 x Croissant Box (6) @ 21.00; 3 x Baguette @ 5.00; 2 x Cinnamon Roll @ 3.25,42.50,,0.00,3.40,45.90,card,
CL-0919,2026-09-23,counter,customer126@example.com,1 x Birthday Cake @ 48.00,48.00,,0.00,3.84,51.84,card,
CL-0920,2026-09-23,online,,2 x Sourdough Loaf @ 9.00,18.00,,0.00,1.44,19.44,cash,
CL-0921,2026-09-23,online,,3 x Blueberry Scone @ 3.75,11.25,,0.00,0.90,12.15,card,
CL-0922,2026-09-23,counter,,3 x Cookie Box (12) @ 12.00; 1 x Baguette @ 5.00; 1 x Coffee Beans @ 16.50,57.50,,0.00,4.60,62.10,card,
CL-0923,2026-09-23,online,,1 x Sourdough Loaf @ 9.00; 1 x Seasonal Pie @ 32.00,41.00,,0.00,3.28,44.28,cash,
CL-0924,2026-09-23,counter,customer124@example.com,2 x Cinnamon Roll @ 3.25,6.50,,0.00,0.52,7.02,card,
CL-0925,2026-09-23,counter,customer063@example.com,3 x Cookie Box (12) @ 12.00,36.00,,0.00,2.88,38.88,card,
CL-0926,2026-09-23,online,customer141@example.com,3 x Blueberry Scone @ 3.75; 1 x Seasonal Pie @ 32.00,43.25,,0.00,3.46,46.71,card,
CL-0927,2026-09-23,online,,2 x Croissant Box (6) @ 21.00; 1 x Seasonal Pie @ 32.00; 1 x Baguette @ 5.00,79.00,,0.00,6.32,85.32,cash,
CL-0928,2026-09-23,online,,2 x Sourdough Loaf @ 9.00; 2 x Cookie Box (12) @ 12.00; 1 x Croissant Box (6) @ 21.00,63.00,,0.00,5.04,68.04,card,
CL-0929,2026-09-24,online,,3 x Baguette @ 5.00; 1 x Birthday Cake @ 48.00; 1 x Coffee Beans @ 16.50,79.50,,0.00,6.36,85.86,card,
CL-0930,2026-09-24,counter,customer131@example.com,1 x Croissant Box (6) @ 21.00,21.00,,0.00,1.68,22.68,card,
CL-0931,2026-09-24,counter,customer069@example.com,2 x Coffee Beans @ 16.50,33.00,,0.00,2.64,35.64,card,
CL-0932,2026-09-24,counter,,1 x Seasonal Pie @ 32.00; 2 x Cinnamon Roll @ 3.25; 2 x Blueberry Scone @ 3.75,46.00,,0.00,3.68,49.68,card,
CL-0933,2026-09-24,counter,,1 x Seasonal Pie @ 32.00,32.00,,0.00,2.56,34.56,card,
CL-0934,2026-09-24,counter,customer126@example.com,1 x Coffee Beans @ 16.50; 1 x Seasonal Pie @ 32.00,48.50,,0.00,3.88,52.38,cash,
CL-0935,2026-09-24,counter,customer124@example.com,1 x Birthday Cake @ 48.00; 1 x Seasonal Pie @ 32.00,80.00,,0.00,6.40,86.40,cash,
CL-0936,2026-09-24,counter,customer156@example.com,1 x Blueberry Scone @ 3.75; 1 x Seasonal Pie @ 32.00; 3 x Croissant Box (6) @ 21.00,98.75,,0.00,7.90,106.65,card,
CL-0937,2026-09-24,counter,,1 x Seasonal Pie @ 32.00,32.00,,0.00,2.56,34.56,card,
CL-0938,2026-09-24,online,,1 x Birthday Cake @ 48.00; 2 x Baguette @ 5.00; 1 x Sourdough Loaf @ 9.00,67.00,,0.00,5.36,72.36,card,
CL-0939,2026-09-24,counter,,1 x Birthday Cake @ 48.00; 2 x Croissant Box (6) @ 21.00; 1 x Sourdough Loaf @ 9.00,99.00,,0.00,7.92,106.92,cash,
CL-0940,2026-09-24,online,customer023@example.com,3 x Coffee Beans @ 16.50; 2 x Baguette @ 5.00; 1 x Cinnamon Roll @ 3.25,62.75,,0.00,5.02,67.77,card,
CL-0941,2026-09-24,counter,,3 x Sourdough Loaf @ 9.00,27.00,,0.00,2.16,29.16,card,
CL-0942,2026-09-24,counter,customer078@example.com,3 x Coffee Beans @ 16.50; 3 x Cinnamon Roll @ 3.25; 1 x Baguette @ 5.00,64.25,,0.00,5.14,69.39,card,
CL-0943,2026-09-24,counter,,2 x Cinnamon Roll @ 3.25; 3 x Croissant Box (6) @ 21.00,69.50,,0.00,5.56,75.06,card,
CL-0944,2026-09-24,counter,customer118@example.com,3 x Cookie Box (12) @ 12.00; 2 x Coffee Beans @ 16.50,69.00,,0.00,5.52,74.52,card,
CL-0945,2026-09-24,online,customer096@example.com,1 x Seasonal Pie @ 32.00; 1 x Coffee Beans @ 16.50; 1 x Baguette @ 5.00,53.50,,0.00,4.28,57.78,card,
CL-0946,2026-09-24,online,customer076@example.com,3 x Cinnamon Roll @ 3.25; 3 x Coffee Beans @ 16.50,59.25,,0.00,4.74,63.99,card,
CL-0947,2026-09-24,counter,,3 x Cookie Box (12) @ 12.00; 1 x Seasonal Pie @ 32.00; 2 x Sourdough Loaf @ 9.00,86.00,,0.00,6.88,92.88,card,
CL-0948,2026-09-24,online,,1 x Coffee Beans @ 16.50,16.50,,0.00,1.32,17.82,cash,
CL-0949,2026-09-24,online,customer014@example.com,1 x Blueberry Scone @ 3.75; 1 x Seasonal Pie @ 32.00,35.75,,0.00,2.86,38.61,card,
CL-0950,2026-09-24,counter,customer012@example.com,1 x Cookie Box (12) @ 12.00; 1 x Seasonal Pie @ 32.00,44.00,,0.00,3.52,47.52,card,
CL-0951,2026-09-24,counter,,1 x Birthday Cake @ 48.00; 1 x Cookie Box (12) @ 12.00,60.00,,0.00,4.80,64.80,card,
CL-0952,2026-09-24,counter,customer074@example.com,2 x Coffee Beans @ 16.50; 2 x Baguette @ 5.00,43.00,,0.00,3.44,46.44,card,
CL-0953,2026-09-24,counter,customer115@example.com,2 x Sourdough Loaf @ 9.00; 1 x Seasonal Pie @ 32.00,50.00,,0.00,4.00,54.00,cash,
CL-0954,2026-09-24,counter,,1 x Coffee Beans @ 16.50; 3 x Cookie Box (12) @ 12.00,52.50,,0.00,4.20,56.70,cash,
CL-0955,2026-09-24,counter,customer111@example.com,1 x Seasonal Pie @ 32.00; 2 x Blueberry Scone @ 3.75,39.50,,0.00,3.16,42.66,card,
CL-0956,2026-09-24,online,customer117@example.com,1 x Seasonal Pie @ 32.00; 2 x Baguette @ 5.00; 3 x Cinnamon Roll @ 3.25,51.75,,0.00,4.14,55.89,cash,
CL-0957,2026-09-24,counter,,1 x Birthday Cake @ 48.00,48.00,,0.00,3.84,51.84,card,
CL-0958,2026-09-24,online,customer004@example.com,2 x Baguette @ 5.00; 1 x Seasonal Pie @ 32.00; 1 x Sourdough Loaf @ 9.00,51.00,,0.00,4.08,55.08,card,
CL-0959,2026-09-24,online,customer129@example.com,1 x Baguette @ 5.00; 1 x Cinnamon Roll @ 3.25,8.25,,0.00,0.66,8.91,cash,
CL-0960,2026-09-24,online,customer101@example.com,3 x Blueberry Scone @ 3.75; 2 x Sourdough Loaf @ 9.00; 2 x Coffee Beans @ 16.50,62.25,,0.00,4.98,67.23,card,
CL-0961,2026-09-24,counter,customer131@example.com,1 x Seasonal Pie @ 32.00,32.00,,0.00,2.56,34.56,cash,
CL-0962,2026-09-24,online,,1 x Seasonal Pie @ 32.00,32.00,,0.00,2.56,34.56,card,
CL-0963,2026-09-24,online,customer061@example.com,1 x Birthday Cake @ 48.00; 3 x Croissant Box (6) @ 21.00; 3 x Blueberry Scone @ 3.75,122.25,,0.00,9.78,132.03,card,
CL-0964,2026-09-24,counter,,1 x Birthday Cake @ 48.00; 3 x Blueberry Scone @ 3.75,59.25,,0.00,4.74,63.99,card,
CL-0965,2026-09-24,counter,customer043@example.com,1 x Birthday Cake @ 48.00; 1 x Sourdough Loaf @ 9.00,57.00,,0.00,4.56,61.56,cash,
CL-0966,2026-09-24,counter,,3 x Coffee Beans @ 16.50; 2 x Cinnamon Roll @ 3.25; 2 x Baguette @ 5.00,66.00,,0.00,5.28,71.28,card,
CL-0967,2026-09-24,counter,customer053@example.com,3 x Sourdough Loaf @ 9.00; 3 x Baguette @ 5.00,42.00,,0.00,3.36,45.36,cash,
CL-0968,2026-09-24,online,customer121@example.com,2 x Cookie Box (12) @ 12.00; 1 x Birthday Cake @ 48.00,72.00,,0.00,5.76,77.76,cash,
CL-0969,2026-09-25,online,,1 x Birthday Cake @ 48.00; 1 x Cookie Box (12) @ 12.00,60.00,,0.00,4.80,64.80,card,
CL-0970,2026-09-25,counter,customer113@example.com,1 x Birthday Cake @ 48.00,48.00,,0.00,3.84,51.84,cash,
CL-0971,2026-09-25,counter,,1 x Seasonal Pie @ 32.00,32.00,,0.00,2.56,34.56,card,
CL-0972,2026-09-25,counter,,3 x Croissant Box (6) @ 21.00; 2 x Cinnamon Roll @ 3.25,69.50,,0.00,5.56,75.06,card,
CL-0973,2026-09-25,counter,customer001@example.com,2 x Baguette @ 5.00,10.00,,0.00,0.80,10.80,card,
CL-0974,2026-09-25,counter,,2 x Coffee Beans @ 16.50; 1 x Sourdough Loaf @ 9.00; 2 x Baguette @ 5.00,52.00,,0.00,4.16,56.16,cash,
CL-0975,2026-09-25,counter,,2 x Baguette @ 5.00; 1 x Blueberry Scone @ 3.75,13.75,,0.00,1.10,14.85,card,
CL-0976,2026-09-25,online,,2 x Baguette @ 5.00; 1 x Cookie Box (12) @ 12.00; 1 x Sourdough Loaf @ 9.00,31.00,,0.00,2.48,33.48,card,
CL-0977,2026-09-25,counter,customer064@example.com,1 x Blueberry Scone @ 3.75; 1 x Sourdough Loaf @ 9.00; 1 x Birthday Cake @ 48.00,60.75,,0.00,4.86,65.61,cash,
CL-0978,2026-09-25,counter,,1 x Cinnamon Roll @ 3.25; 1 x Seasonal Pie @ 32.00,35.25,,0.00,2.82,38.07,card,
CL-0979,2026-09-25,online,customer056@example.com,1 x Cinnamon Roll @ 3.25; 2 x Cookie Box (12) @ 12.00; 3 x Blueberry Scone @ 3.75,38.50,,0.00,3.08,41.58,card,
CL-0980,2026-09-25,online,customer075@example.com,1 x Seasonal Pie @ 32.00; 2 x Sourdough Loaf @ 9.00; 2 x Cookie Box (12) @ 12.00,74.00,,0.00,5.92,79.92,card,
CL-0981,2026-09-25,counter,customer138@example.com,1 x Cinnamon Roll @ 3.25,3.25,,0.00,0.26,3.51,card,
CL-0982,2026-09-25,online,customer102@example.com,1 x Seasonal Pie @ 32.00; 3 x Coffee Beans @ 16.50,81.50,,0.00,6.52,88.02,card,
CL-0983,2026-09-25,online,,1 x Coffee Beans @ 16.50; 1 x Birthday Cake @ 48.00; 2 x Baguette @ 5.00,74.50,,0.00,5.96,80.46,cash,
CL-0984,2026-09-25,counter,customer063@example.com,2 x Coffee Beans @ 16.50; 2 x Baguette @ 5.00,43.00,,0.00,3.44,46.44,card,
CL-0985,2026-09-25,counter,customer065@example.com,1 x Birthday Cake @ 48.00; 2 x Coffee Beans @ 16.50,81.00,,0.00,6.48,87.48,card,
CL-0986,2026-09-25,counter,customer031@example.com,1 x Coffee Beans @ 16.50; 1 x Seasonal Pie @ 32.00,48.50,,0.00,3.88,52.38,card,
CL-0987,2026-09-25,counter,,2 x Cookie Box (12) @ 12.00,24.00,,0.00,1.92,25.92,cash,
CL-0988,2026-09-25,counter,customer124@example.com,2 x Cinnamon Roll @ 3.25; 3 x Croissant Box (6) @ 21.00; 3 x Sourdough Loaf @ 9.00,96.50,,0.00,7.72,104.22,card,
CL-0989,2026-09-25,counter,customer099@example.com,1 x Birthday Cake @ 48.00; 2 x Croissant Box (6) @ 21.00; 2 x Coffee Beans @ 16.50,123.00,,0.00,9.84,132.84,cash,
CL-0990,2026-09-25,online,customer034@example.com,3 x Cinnamon Roll @ 3.25,9.75,,0.00,0.78,10.53,card,
CL-0991,2026-09-25,counter,,1 x Blueberry Scone @ 3.75; 1 x Croissant Box (6) @ 21.00; 2 x Coffee Beans @ 16.50,57.75,,0.00,4.62,62.37,cash,
CL-0992,2026-09-25,online,customer037@example.com,3 x Coffee Beans @ 16.50; 1 x Cookie Box (12) @ 12.00,61.50,,0.00,4.92,66.42,cash,
CL-0993,2026-09-25,counter,,1 x Seasonal Pie @ 32.00,32.00,,0.00,2.56,34.56,card,
CL-0994,2026-09-25,counter,,2 x Cookie Box (12) @ 12.00; 1 x Croissant Box (6) @ 21.00,45.00,,0.00,3.60,48.60,card,
CL-0995,2026-09-25,counter,customer111@example.com,1 x Seasonal Pie @ 32.00,32.00,,0.00,2.56,34.56,card,
CL-0996,2026-09-25,online,customer064@example.com,1 x Sourdough Loaf @ 9.00; 1 x Cinnamon Roll @ 3.25,12.25,,0.00,0.98,13.23,card,
CL-0997,2026-09-25,online,customer038@example.com,3 x Cookie Box (12) @ 12.00,36.00,,0.00,2.88,38.88,card,
CL-0998,2026-09-25,online,customer051@example.com,1 x Blueberry Scone @ 3.75; 3 x Coffee Beans @ 16.50,53.25,,0.00,4.26,57.51,card,
CL-0999,2026-09-25,counter,,1 x Cookie Box (12) @ 12.00,12.00,,0.00,0.96,12.96,card,
CL-1000,2026-09-25,counter,,1 x Birthday Cake @ 48.00; 2 x Baguette @ 5.00; 1 x Sourdough Loaf @ 9.00,67.00,,0.00,5.36,72.36,card,
CL-1001,2026-09-25,counter,,1 x Seasonal Pie @ 32.00; 1 x Blueberry Scone @ 3.75,35.75,,0.00,2.86,38.61,card,
CL-1002,2026-09-25,counter,,2 x Coffee Beans @ 16.50; 1 x Croissant Box (6) @ 21.00; 1 x Baguette @ 5.00,59.00,,0.00,4.72,63.72,card,
CL-1003,2026-09-25,counter,customer019@example.com,1 x Blueberry Scone @ 3.75,3.75,,0.00,0.30,4.05,card,
CL-1004,2026-09-25,online,customer081@example.com,2 x Cookie Box (12) @ 12.00; 2 x Croissant Box (6) @ 21.00; 1 x Birthday Cake @ 48.00,114.00,,0.00,9.12,123.12,card,
CL-1005,2026-09-25,counter,customer101@example.com,1 x Seasonal Pie @ 32.00,32.00,,0.00,2.56,34.56,card,
CL-1006,2026-09-25,counter,,1 x Croissant Box (6) @ 21.00,21.00,,0.00,1.68,22.68,card,
CL-1007,2026-09-25,counter,customer104@example.com,1 x Cookie Box (12) @ 12.00; 2 x Sourdough Loaf @ 9.00; 2 x Baguette @ 5.00,40.00,,0.00,3.20,43.20,card,
CL-1008,2026-09-25,online,,1 x Coffee Beans @ 16.50; 1 x Seasonal Pie @ 32.00; 3 x Blueberry Scone @ 3.75,59.75,,0.00,4.78,64.53,cash,
CL-1009,2026-09-26,counter,,1 x Birthday Cake @ 48.00; 2 x Cookie Box (12) @ 12.00,72.00,,0.00,5.76,77.76,card,
CL-1010,2026-09-26,counter,customer122@example.com,1 x Croissant Box (6) @ 21.00; 3 x Cinnamon Roll @ 3.25,30.75,,0.00,2.46,33.21,card,
CL-1011,2026-09-26,counter,,2 x Coffee Beans @ 16.50; 1 x Croissant Box (6) @ 21.00,54.00,,0.00,4.32,58.32,card,
CL-1012,2026-09-26,counter,customer107@example.com,2 x Baguette @ 5.00,10.00,,0.00,0.80,10.80,card,
CL-1013,2026-09-26,online,,3 x Sourdough Loaf @ 9.00; 1 x Birthday Cake @ 48.00; 1 x Seasonal Pie @ 32.00,107.00,,0.00,8.56,115.56,card,
CL-1014,2026-09-26,counter,,1 x Seasonal Pie @ 32.00; 3 x Coffee Beans @ 16.50,81.50,,0.00,6.52,88.02,card,
CL-1015,2026-09-26,online,customer091@example.com,3 x Croissant Box (6) @ 21.00; 2 x Baguette @ 5.00,73.00,,0.00,5.84,78.84,card,
CL-1016,2026-09-26,online,,1 x Birthday Cake @ 48.00; 1 x Coffee Beans @ 16.50; 2 x Baguette @ 5.00,74.50,,0.00,5.96,80.46,card,
CL-1017,2026-09-26,counter,customer086@example.com,3 x Coffee Beans @ 16.50; 1 x Seasonal Pie @ 32.00; 2 x Cookie Box (12) @ 12.00,105.50,,0.00,8.44,113.94,card,
CL-1018,2026-09-26,counter,customer135@example.com,3 x Cinnamon Roll @ 3.25; 1 x Baguette @ 5.00; 1 x Coffee Beans @ 16.50,31.25,,0.00,2.50,33.75,card,
CL-1019,2026-09-26,counter,,1 x Seasonal Pie @ 32.00,32.00,,0.00,2.56,34.56,card,
CL-1020,2026-09-26,counter,customer126@example.com,1 x Birthday Cake @ 48.00; 1 x Cinnamon Roll @ 3.25,51.25,,0.00,4.10,55.35,card,
CL-1021,2026-09-26,counter,customer053@example.com,3 x Croissant Box (6) @ 21.00,63.00,,0.00,5.04,68.04,cash,
CL-1022,2026-09-26,counter,,1 x Cookie Box (12) @ 12.00; 2 x Blueberry Scone @ 3.75; 3 x Croissant Box (6) @ 21.00,82.50,,0.00,6.60,89.10,card,
CL-1023,2026-09-26,counter,customer112@example.com,1 x Birthday Cake @ 48.00; 3 x Baguette @ 5.00; 3 x Cookie Box (12) @ 12.00,99.00,,0.00,7.92,106.92,card,
CL-1024,2026-09-26,counter,customer118@example.com,1 x Seasonal Pie @ 32.00; 3 x Sourdough Loaf @ 9.00; 3 x Cinnamon Roll @ 3.25,68.75,,0.00,5.50,74.25,cash,
CL-1025,2026-09-26,online,customer041@example.com,3 x Coffee Beans @ 16.50,49.50,,0.00,3.96,53.46,cash,
CL-1026,2026-09-26,counter,customer067@example.com,1 x Birthday Cake @ 48.00; 1 x Cookie Box (12) @ 12.00; 2 x Cinnamon Roll @ 3.25,66.50,,0.00,5.32,71.82,cash,
CL-1027,2026-09-26,counter,,1 x Coffee Beans @ 16.50; 1 x Cookie Box (12) @ 12.00,28.50,,0.00,2.28,30.78,card,
CL-1028,2026-09-26,online,customer120@example.com,3 x Cookie Box (12) @ 12.00; 1 x Seasonal Pie @ 32.00; 2 x Baguette @ 5.00,78.00,,0.00,6.24,84.24,cash,
CL-1029,2026-09-26,online,,3 x Cinnamon Roll @ 3.25; 1 x Seasonal Pie @ 32.00,41.75,,0.00,3.34,45.09,card,
CL-1030,2026-09-26,counter,,3 x Cookie Box (12) @ 12.00,36.00,,0.00,2.88,38.88,card,
CL-1031,2026-09-26,counter,,3 x Blueberry Scone @ 3.75; 1 x Birthday Cake @ 48.00,59.25,,0.00,4.74,63.99,card,
CL-1032,2026-09-26,counter,,1 x Birthday Cake @ 48.00; 3 x Baguette @ 5.00,63.00,,0.00,5.04,68.04,card,
CL-1033,2026-09-26,counter,customer079@example.com,1 x Seasonal Pie @ 32.00,32.00,,0.00,2.56,34.56,card,
CL-1034,2026-09-26,online,customer006@example.com,1 x Sourdough Loaf @ 9.00; 3 x Baguette @ 5.00,24.00,,0.00,1.92,25.92,card,
CL-1035,2026-09-26,counter,,1 x Baguette @ 5.00,5.00,,0.00,0.40,5.40,card,
CL-1036,2026-09-26,counter,customer075@example.com,3 x Cinnamon Roll @ 3.25; 2 x Coffee Beans @ 16.50,42.75,,0.00,3.42,46.17,card,
CL-1037,2026-09-26,online,customer069@example.com,1 x Seasonal Pie @ 32.00; 1 x Birthday Cake @ 48.00,80.00,,0.00,6.40,86.40,cash,
CL-1038,2026-09-26,counter,,2 x Blueberry Scone @ 3.75; 1 x Seasonal Pie @ 32.00,39.50,,0.00,3.16,42.66,card,
CL-1039,2026-09-26,counter,,2 x Cookie Box (12) @ 12.00; 1 x Sourdough Loaf @ 9.00; 1 x Birthday Cake @ 48.00,81.00,,0.00,6.48,87.48,card,
CL-1040,2026-09-26,counter,customer144@example.com,1 x Blueberry Scone @ 3.75; 2 x Sourdough Loaf @ 9.00,21.75,,0.00,1.74,23.49,card,
CL-1041,2026-09-26,online,,2 x Blueberry Scone @ 3.75,7.50,,0.00,0.60,8.10,cash,
CL-1042,2026-09-26,online,customer110@example.com,1 x Cookie Box (12) @ 12.00; 3 x Blueberry Scone @ 3.75; 3 x Baguette @ 5.00,38.25,,0.00,3.06,41.31,card,
CL-1043,2026-09-26,online,customer062@example.com,1 x Blueberry Scone @ 3.75; 3 x Coffee Beans @ 16.50; 1 x Cinnamon Roll @ 3.25,56.50,,0.00,4.52,61.02,card,
CL-1044,2026-09-26,counter,customer067@example.com,2 x Coffee Beans @ 16.50; 3 x Sourdough Loaf @ 9.00; 1 x Seasonal Pie @ 32.00,92.00,,0.00,7.36,99.36,card,
CL-1045,2026-09-26,online,customer053@example.com,1 x Cookie Box (12) @ 12.00,12.00,,0.00,0.96,12.96,card,
CL-1046,2026-09-26,counter,customer006@example.com,1 x Birthday Cake @ 48.00; 1 x Coffee Beans @ 16.50; 1 x Blueberry Scone @ 3.75,68.25,,0.00,5.46,73.71,card,
CL-1047,2026-09-26,counter,,2 x Blueberry Scone @ 3.75; 1 x Cinnamon Roll @ 3.25,10.75,,0.00,0.86,11.61,card,
CL-1048,2026-09-26,counter,customer062@example.com,1 x Sourdough Loaf @ 9.00; 1 x Blueberry Scone @ 3.75,12.75,,0.00,1.02,13.77,card,
CL-1049,2026-09-26,counter,customer074@example.com,1 x Sourdough Loaf @ 9.00; 3 x Blueberry Scone @ 3.75,20.25,,0.00,1.62,21.87,card,
CL-1050,2026-09-26,counter,customer093@example.com,1 x Seasonal Pie @ 32.00; 1 x Cinnamon Roll @ 3.25,35.25,,0.00,2.82,38.07,card,
CL-1051,2026-09-26,counter,customer014@example.com,2 x Baguette @ 5.00,10.00,,0.00,0.80,10.80,card,
CL-1052,2026-09-26,counter,customer134@example.com,3 x Croissant Box (6) @ 21.00,63.00,,0.00,5.04,68.04,card,
CL-1053,2026-09-26,counter,,3 x Cookie Box (12) @ 12.00,36.00,,0.00,2.88,38.88,card,
CL-1054,2026-09-26,counter,customer075@example.com,1 x Seasonal Pie @ 32.00; 2 x Blueberry Scone @ 3.75; 3 x Baguette @ 5.00,54.50,,0.00,4.36,58.86,cash,
CL-1055,2026-09-26,online,customer074@example.com,1 x Seasonal Pie @ 32.00; 2 x Coffee Beans @ 16.50; 1 x Birthday Cake @ 48.00,113.00,,0.00,9.04,122.04,card,
CL-1056,2026-09-26,counter,,2 x Blueberry Scone @ 3.75,7.50,,0.00,0.60,8.10,cash,
CL-1057,2026-09-26,counter,customer054@example.com,1 x Birthday Cake @ 48.00; 1 x Coffee Beans @ 16.50; 1 x Blueberry Scone @ 3.75,68.25,,0.00,5.46,73.71,cash,
CL-1058,2026-09-26,counter,customer027@example.com,3 x Baguette @ 5.00; 1 x Seasonal Pie @ 32.00,47.00,,0.00,3.76,50.76,card,
CL-1059,2026-09-26,counter,,1 x Sourdough Loaf @ 9.00; 3 x Blueberry Scone @ 3.75; 2 x Cinnamon Roll @ 3.25,26.75,,0.00,2.14,28.89,card,
CL-1060,2026-09-26,online,customer021@example.com,1 x Birthday Cake @ 48.00,48.00,,0.00,3.84,51.84,card,
CL-1061,2026-09-26,counter,,3 x Cookie Box (12) @ 12.00; 1 x Blueberry Scone @ 3.75,39.75,,0.00,3.18,42.93,cash,
CL-1062,2026-09-26,online,customer030@example.com,3 x Sourdough Loaf @ 9.00,27.00,,0.00,2.16,29.16,card,
CL-1063,2026-09-26,counter,,3 x Blueberry Scone @ 3.75,11.25,,0.00,0.90,12.15,cash,
CL-1064,2026-09-27,counter,,3 x Sourdough Loaf @ 9.00; 1 x Birthday Cake @ 48.00,75.00,,0.00,6.00,81.00,cash,
CL-1065,2026-09-27,online,customer013@example.com,1 x Baguette @ 5.00; 2 x Sourdough Loaf @ 9.00; 3 x Coffee Beans @ 16.50,72.50,,0.00,5.80,78.30,card,
CL-1066,2026-09-27,counter,customer105@example.com,3 x Croissant Box (6) @ 21.00,63.00,,0.00,5.04,68.04,cash,
CL-1067,2026-09-27,online,customer109@example.com,3 x Croissant Box (6) @ 21.00; 2 x Cookie Box (12) @ 12.00; 1 x Birthday Cake @ 48.00,135.00,,0.00,10.80,145.80,cash,
CL-1068,2026-09-27,counter,customer113@example.com,1 x Coffee Beans @ 16.50,16.50,,0.00,1.32,17.82,cash,
CL-1069,2026-09-27,counter,,1 x Baguette @ 5.00; 1 x Coffee Beans @ 16.50,21.50,,0.00,1.72,23.22,card,
CL-1070,2026-09-27,counter,,1 x Coffee Beans @ 16.50; 1 x Seasonal Pie @ 32.00; 2 x Cookie Box (12) @ 12.00,72.50,,0.00,5.80,78.30,card,
CL-1071,2026-09-27,counter,customer095@example.com,3 x Croissant Box (6) @ 21.00; 2 x Baguette @ 5.00,73.00,,0.00,5.84,78.84,cash,
CL-1072,2026-09-27,counter,customer089@example.com,3 x Baguette @ 5.00,15.00,,0.00,1.20,16.20,card,
CL-1073,2026-09-27,online,customer014@example.com,1 x Birthday Cake @ 48.00; 3 x Blueberry Scone @ 3.75,59.25,,0.00,4.74,63.99,card,
CL-1074,2026-09-27,counter,customer069@example.com,1 x Cinnamon Roll @ 3.25; 1 x Birthday Cake @ 48.00; 1 x Seasonal Pie @ 32.00,83.25,,0.00,6.66,89.91,card,
CL-1075,2026-09-27,counter,,3 x Cinnamon Roll @ 3.25; 3 x Coffee Beans @ 16.50; 1 x Seasonal Pie @ 32.00,91.25,,0.00,7.30,98.55,card,
CL-1076,2026-09-27,online,customer129@example.com,1 x Seasonal Pie @ 32.00; 1 x Cinnamon Roll @ 3.25,35.25,,0.00,2.82,38.07,card,
CL-1077,2026-09-27,counter,,2 x Coffee Beans @ 16.50; 1 x Blueberry Scone @ 3.75; 1 x Seasonal Pie @ 32.00,68.75,,0.00,5.50,74.25,card,
CL-1078,2026-09-27,counter,customer034@example.com,3 x Cinnamon Roll @ 3.25; 1 x Seasonal Pie @ 32.00,41.75,,0.00,3.34,45.09,card,
CL-1079,2026-09-27,counter,customer062@example.com,2 x Baguette @ 5.00,10.00,,0.00,0.80,10.80,card,
CL-1080,2026-09-27,counter,customer115@example.com,2 x Sourdough Loaf @ 9.00; 3 x Cookie Box (12) @ 12.00; 2 x Blueberry Scone @ 3.75,61.50,,0.00,4.92,66.42,cash,
CL-1081,2026-09-27,online,customer103@example.com,1 x Birthday Cake @ 48.00; 2 x Baguette @ 5.00,58.00,,0.00,4.64,62.64,card,
CL-1082,2026-09-27,counter,,1 x Sourdough Loaf @ 9.00,9.00,,0.00,0.72,9.72,card,
CL-1083,2026-09-27,online,,1 x Birthday Cake @ 48.00; 1 x Seasonal Pie @ 32.00; 1 x Cookie Box (12) @ 12.00,92.00,,0.00,7.36,99.36,cash,
CL-1084,2026-09-27,online,customer077@example.com,1 x Cookie Box (12) @ 12.00,12.00,,0.00,0.96,12.96,card,
CL-1085,2026-09-27,counter,customer007@example.com,3 x Cinnamon Roll @ 3.25; 1 x Birthday Cake @ 48.00; 2 x Croissant Box (6) @ 21.00,99.75,,0.00,7.98,107.73,card,
CL-1086,2026-09-27,online,customer121@example.com,2 x Sourdough Loaf @ 9.00,18.00,,0.00,1.44,19.44,card,
CL-1087,2026-09-27,counter,customer106@example.com,1 x Sourdough Loaf @ 9.00; 1 x Blueberry Scone @ 3.75; 1 x Birthday Cake @ 48.00,60.75,,0.00,4.86,65.61,card,
CL-1088,2026-09-27,counter,customer097@example.com,1 x Cookie Box (12) @ 12.00,12.00,,0.00,0.96,12.96,card,
CL-1089,2026-09-27,counter,customer046@example.com,3 x Croissant Box (6) @ 21.00; 1 x Cookie Box (12) @ 12.00; 1 x Seasonal Pie @ 32.00,107.00,,0.00,8.56,115.56,cash,
CL-1090,2026-09-27,counter,,3 x Coffee Beans @ 16.50; 3 x Baguette @ 5.00; 3 x Cookie Box (12) @ 12.00,100.50,,0.00,8.04,108.54,cash,
CL-1091,2026-09-27,online,,1 x Cookie Box (12) @ 12.00; 2 x Baguette @ 5.00; 2 x Blueberry Scone @ 3.75,29.50,,0.00,2.36,31.86,card,
CL-1092,2026-09-27,counter,,2 x Blueberry Scone @ 3.75; 3 x Sourdough Loaf @ 9.00; 1 x Croissant Box (6) @ 21.00,55.50,,0.00,4.44,59.94,cash,
CL-1093,2026-09-27,counter,customer132@example.com,1 x Birthday Cake @ 48.00,48.00,,0.00,3.84,51.84,card,
CL-1094,2026-09-27,online,customer063@example.com,1 x Seasonal Pie @ 32.00,32.00,,0.00,2.56,34.56,cash,
CL-1095,2026-09-27,online,customer030@example.com,3 x Coffee Beans @ 16.50; 2 x Blueberry Scone @ 3.75,57.00,,0.00,4.56,61.56,cash,
CL-1096,2026-09-27,online,customer127@example.com,2 x Baguette @ 5.00; 1 x Seasonal Pie @ 32.00,42.00,,0.00,3.36,45.36,card,
CL-1097,2026-09-27,counter,customer024@example.com,1 x Birthday Cake @ 48.00; 1 x Baguette @ 5.00; 1 x Croissant Box (6) @ 21.00,74.00,,0.00,5.92,79.92,card,
CL-1098,2026-09-27,counter,customer083@example.com,2 x Coffee Beans @ 16.50; 1 x Seasonal Pie @ 32.00,65.00,,0.00,5.20,70.20,card,
CL-1099,2026-09-27,counter,,2 x Croissant Box (6) @ 21.00; 3 x Baguette @ 5.00,57.00,,0.00,4.56,61.56,card,
CL-1100,2026-09-27,counter,,1 x Birthday Cake @ 48.00; 3 x Cinnamon Roll @ 3.25; 3 x Coffee Beans @ 16.50,107.25,,0.00,8.58,115.83,card,
CL-1101,2026-09-27,counter,customer044@example.com,2 x Coffee Beans @ 16.50,33.00,,0.00,2.64,35.64,card,
CL-1102,2026-09-27,counter,customer038@example.com,1 x Birthday Cake @ 48.00; 1 x Croissant Box (6) @ 21.00; 2 x Cookie Box (12) @ 12.00,93.00,,0.00,7.44,100.44,card,
CL-1103,2026-09-27,counter,customer105@example.com,2 x Cookie Box (12) @ 12.00; 3 x Blueberry Scone @ 3.75,35.25,,0.00,2.82,38.07,card,
CL-1104,2026-09-27,online,customer047@example.com,1 x Blueberry Scone @ 3.75; 1 x Sourdough Loaf @ 9.00,12.75,,0.00,1.02,13.77,card,
CL-1105,2026-09-27,counter,,1 x Seasonal Pie @ 32.00,32.00,,0.00,2.56,34.56,card,
CL-1106,2026-09-27,counter,,3 x Croissant Box (6) @ 21.00; 2 x Cinnamon Roll @ 3.25,69.50,,0.00,5.56,75.06,card,
CL-1107,2026-09-27,counter,customer154@example.com,1 x Birthday Cake @ 48.00; 1 x Seasonal Pie @ 32.00,80.00,,0.00,6.40,86.40,cash,
CL-1108,2026-09-27,counter,customer040@example.com,2 x Croissant Box (6) @ 21.00; 1 x Seasonal Pie @ 32.00; 2 x Coffee Beans @ 16.50,107.00,,0.00,8.56,115.56,card,
CL-1109,2026-09-27,counter,,3 x Sourdough Loaf @ 9.00; 1 x Coffee Beans @ 16.50,43.50,,0.00,3.48,46.98,card,
CL-1110,2026-09-27,online,customer122@example.com,2 x Cinnamon Roll @ 3.25,6.50,,0.00,0.52,7.02,card,
CL-1111,2026-09-27,counter,customer010@example.com,1 x Cookie Box (12) @ 12.00; 2 x Sourdough Loaf @ 9.00,30.00,,0.00,2.40,32.40,card,
CL-1112,2026-09-27,counter,customer136@example.com,2 x Blueberry Scone @ 3.75; 2 x Coffee Beans @ 16.50,40.50,,0.00,3.24,43.74,card,
CL-1113,2026-09-27,counter,customer139@example.com,1 x Seasonal Pie @ 32.00; 3 x Cookie Box (12) @ 12.00,68.00,,0.00,5.44,73.44,card,
CL-1114,2026-09-27,online,,1 x Sourdough Loaf @ 9.00; 2 x Coffee Beans @ 16.50,42.00,,0.00,3.36,45.36,card,
CL-1115,2026-09-27,online,customer031@example.com,1 x Birthday Cake @ 48.00,48.00,,0.00,3.84,51.84,card,
CL-1116,2026-09-27,counter,customer049@example.com,2 x Coffee Beans @ 16.50,33.00,,0.00,2.64,35.64,cash,
CL-1117,2026-09-29,online,customer154@example.com,1 x Sourdough Loaf @ 9.00; 1 x Cookie Box (12) @ 12.00; 2 x Cinnamon Roll @ 3.25,27.50,,0.00,2.20,29.70,card,
CL-1118,2026-09-29,counter,customer131@example.com,1 x Cookie Box (12) @ 12.00; 2 x Coffee Beans @ 16.50; 2 x Croissant Box (6) @ 21.00,87.00,,0.00,6.96,93.96,card,
CL-1119,2026-09-29,online,,1 x Birthday Cake @ 48.00,48.00,,0.00,3.84,51.84,card,
CL-1120,2026-09-29,counter,customer155@example.com,1 x Coffee Beans @ 16.50; 2 x Baguette @ 5.00,26.50,,0.00,2.12,28.62,cash,
CL-1121,2026-09-29,online,customer114@example.com,2 x Sourdough Loaf @ 9.00; 1 x Birthday Cake @ 48.00,66.00,,0.00,5.28,71.28,card,
CL-1122,2026-09-29,online,,1 x Sourdough Loaf @ 9.00,9.00,,0.00,0.72,9.72,card,
CL-1123,2026-09-29,counter,customer157@example.com,3 x Blueberry Scone @ 3.75,11.25,,0.00,0.90,12.15,card,
CL-1124,2026-09-29,counter,,1 x Seasonal Pie @ 32.00; 3 x Baguette @ 5.00; 2 x Sourdough Loaf @ 9.00,65.00,,0.00,5.20,70.20,card,
CL-1125,2026-09-29,counter,,1 x Seasonal Pie @ 32.00; 3 x Blueberry Scone @ 3.75; 2 x Sourdough Loaf @ 9.00,61.25,,0.00,4.90,66.15,cash,
CL-1126,2026-09-29,counter,,3 x Coffee Beans @ 16.50; 3 x Sourdough Loaf @ 9.00,76.50,,0.00,6.12,82.62,card,
CL-1127,2026-09-29,online,customer129@example.com,2 x Sourdough Loaf @ 9.00; 3 x Croissant Box (6) @ 21.00,81.00,,0.00,6.48,87.48,card,
CL-1128,2026-09-29,counter,,3 x Coffee Beans @ 16.50; 2 x Croissant Box (6) @ 21.00,91.50,,0.00,7.32,98.82,card,
CL-1129,2026-09-29,counter,customer157@example.com,3 x Baguette @ 5.00; 1 x Seasonal Pie @ 32.00; 2 x Sourdough Loaf @ 9.00,65.00,,0.00,5.20,70.20,card,
CL-1130,2026-09-29,counter,,2 x Sourdough Loaf @ 9.00,18.00,,0.00,1.44,19.44,cash,
CL-1131,2026-09-29,online,customer021@example.com,3 x Cookie Box (12) @ 12.00; 3 x Coffee Beans @ 16.50; 1 x Seasonal Pie @ 32.00,117.50,,0.00,9.40,126.90,card,
CL-1132,2026-09-29,counter,customer080@example.com,2 x Cinnamon Roll @ 3.25,6.50,,0.00,0.52,7.02,cash,
CL-1133,2026-09-29,counter,,1 x Seasonal Pie @ 32.00; 2 x Croissant Box (6) @ 21.00,74.00,,0.00,5.92,79.92,card,
CL-1134,2026-09-29,counter,customer051@example.com,1 x Seasonal Pie @ 32.00,32.00,,0.00,2.56,34.56,card,
CL-1135,2026-09-29,counter,,1 x Seasonal Pie @ 32.00; 1 x Birthday Cake @ 48.00,80.00,,0.00,6.40,86.40,card,
CL-1136,2026-09-29,online,customer002@example.com,1 x Birthday Cake @ 48.00; 3 x Baguette @ 5.00,63.00,,0.00,5.04,68.04,cash,
CL-1137,2026-09-29,counter,,3 x Croissant Box (6) @ 21.00; 3 x Coffee Beans @ 16.50,112.50,,0.00,9.00,121.50,card,
CL-1138,2026-09-29,online,customer062@example.com,1 x Sourdough Loaf @ 9.00; 1 x Birthday Cake @ 48.00; 1 x Seasonal Pie @ 32.00,89.00,,0.00,7.12,96.12,card,
CL-1139,2026-09-29,counter,customer088@example.com,3 x Blueberry Scone @ 3.75; 1 x Seasonal Pie @ 32.00; 1 x Sourdough Loaf @ 9.00,52.25,,0.00,4.18,56.43,card,
CL-1140,2026-09-29,counter,,2 x Sourdough Loaf @ 9.00,18.00,,0.00,1.44,19.44,card,
CL-1141,2026-09-29,online,,1 x Seasonal Pie @ 32.00,32.00,,0.00,2.56,34.56,card,
CL-1142,2026-09-29,online,customer122@example.com,3 x Blueberry Scone @ 3.75,11.25,,0.00,0.90,12.15,cash,
CL-1143,2026-09-29,online,,2 x Sourdough Loaf @ 9.00; 2 x Baguette @ 5.00; 2 x Cinnamon Roll @ 3.25,34.50,,0.00,2.76,37.26,card,
CL-1144,2026-09-29,online,customer150@example.com,2 x Cookie Box (12) @ 12.00,24.00,,0.00,1.92,25.92,card,
CL-1145,2026-09-29,online,customer010@example.com,2 x Croissant Box (6) @ 21.00; 1 x Cinnamon Roll @ 3.25,45.25,,0.00,3.62,48.87,card,
CL-1146,2026-09-29,counter,customer072@example.com,1 x Sourdough Loaf @ 9.00,9.00,,0.00,0.72,9.72,cash,
CL-1147,2026-09-29,counter,customer061@example.com,1 x Cookie Box (12) @ 12.00; 3 x Sourdough Loaf @ 9.00,39.00,,0.00,3.12,42.12,card,
CL-1148,2026-09-29,counter,customer094@example.com,1 x Sourdough Loaf @ 9.00; 2 x Cinnamon Roll @ 3.25; 2 x Baguette @ 5.00,25.50,,0.00,2.04,27.54,card,
CL-1149,2026-09-29,online,customer002@example.com,1 x Sourdough Loaf @ 9.00,9.00,,0.00,0.72,9.72,cash,
CL-1150,2026-09-29,counter,sam.k@cornerloaf.example,3 x Sourdough Loaf @ 9.00; 1 x Birthday Cake @ 48.00,75.00,STAFF50,37.50,3.00,40.50,card,
CL-1151,2026-09-29,online,,2 x Croissant Box (6) @ 21.00; 1 x Birthday Cake @ 48.00,90.00,,0.00,7.20,97.20,card,
CL-1152,2026-09-29,online,,3 x Blueberry Scone @ 3.75; 1 x Baguette @ 5.00,16.25,,0.00,1.30,17.55,card,
CL-1153,2026-09-29,counter,customer020@example.com,1 x Sourdough Loaf @ 9.00; 3 x Coffee Beans @ 16.50; 1 x Cookie Box (12) @ 12.00,70.50,,0.00,5.64,76.14,cash,
CL-1154,2026-09-29,online,,3 x Coffee Beans @ 16.50,49.50,,0.00,3.96,53.46,card,
CL-1155,2026-09-29,online,,3 x Cinnamon Roll @ 3.25; 2 x Sourdough Loaf @ 9.00,27.75,,0.00,2.22,29.97,cash,
CL-1156,2026-09-29,counter,customer039@example.com,2 x Cinnamon Roll @ 3.25,6.50,,0.00,0.52,7.02,card,
CL-1157,2026-09-29,counter,customer156@example.com,2 x Baguette @ 5.00; 1 x Birthday Cake @ 48.00,58.00,,0.00,4.64,62.64,card,
CL-1158,2026-09-29,counter,customer068@example.com,2 x Baguette @ 5.00; 1 x Seasonal Pie @ 32.00; 2 x Blueberry Scone @ 3.75,49.50,,0.00,3.96,53.46,cash,
CL-1159,2026-09-29,counter,customer141@example.com,2 x Coffee Beans @ 16.50; 1 x Birthday Cake @ 48.00; 3 x Cookie Box (12) @ 12.00,117.00,,0.00,9.36,126.36,card,
CL-1160,2026-09-29,counter,lee@cornerloaf.example,1 x Birthday Cake @ 48.00; 1 x Seasonal Pie @ 32.00; 2 x Croissant Box (6) @ 21.00,122.00,STAFF50,61.00,4.88,65.88,card,
CL-1161,2026-09-29,online,customer048@example.com,2 x Baguette @ 5.00,10.00,,0.00,0.80,10.80,card,
CL-1162,2026-09-29,counter,,1 x Seasonal Pie @ 32.00; 3 x Blueberry Scone @ 3.75; 3 x Coffee Beans @ 16.50,92.75,,0.00,7.42,100.17,card,
CL-1163,2026-09-29,counter,customer050@example.com,2 x Coffee Beans @ 16.50; 3 x Cookie Box (12) @ 12.00,69.00,,0.00,5.52,74.52,card,
CL-1164,2026-09-29,counter,customer133@example.com,1 x Croissant Box (6) @ 21.00,21.00,,0.00,1.68,22.68,card,
CL-1165,2026-09-29,online,customer138@example.com,3 x Cookie Box (12) @ 12.00,36.00,,0.00,2.88,38.88,card,
CL-1166,2026-09-29,counter,,2 x Blueberry Scone @ 3.75,7.50,,0.00,0.60,8.10,card,
CL-1167,2026-09-29,counter,customer052@example.com,2 x Coffee Beans @ 16.50; 2 x Croissant Box (6) @ 21.00,75.00,,0.00,6.00,81.00,cash,
CL-1168,2026-09-29,online,,1 x Baguette @ 5.00,5.00,,0.00,0.40,5.40,card,
CL-1169,2026-09-29,counter,,3 x Croissant Box (6) @ 21.00; 1 x Cinnamon Roll @ 3.25,66.25,,0.00,5.30,71.55,cash,
CL-1170,2026-09-29,counter,customer126@example.com,1 x Birthday Cake @ 48.00; 3 x Sourdough Loaf @ 9.00; 3 x Coffee Beans @ 16.50,124.50,,0.00,9.96,134.46,card,
CL-1171,2026-09-29,online,customer146@example.com,2 x Croissant Box (6) @ 21.00; 3 x Blueberry Scone @ 3.75,53.25,,0.00,4.26,57.51,card,
CL-1172,2026-09-30,online,customer112@example.com,1 x Coffee Beans @ 16.50; 1 x Seasonal Pie @ 32.00; 3 x Cookie Box (12) @ 12.00,84.50,,0.00,6.76,91.26,card,
CL-1173,2026-09-30,counter,customer053@example.com,1 x Croissant Box (6) @ 21.00,21.00,,0.00,1.68,22.68,card,
CL-1174,2026-09-30,counter,customer064@example.com,1 x Birthday Cake @ 48.00,48.00,,0.00,3.84,51.84,card,
CL-1175,2026-09-30,counter,,3 x Sourdough Loaf @ 9.00; 1 x Seasonal Pie @ 32.00; 2 x Croissant Box (6) @ 21.00,101.00,,0.00,8.08,109.08,card,
CL-1176,2026-09-30,online,customer044@example.com,1 x Croissant Box (6) @ 21.00,21.00,,0.00,1.68,22.68,card,
CL-1177,2026-09-30,counter,customer046@example.com,1 x Seasonal Pie @ 32.00; 1 x Sourdough Loaf @ 9.00,41.00,,0.00,3.28,44.28,card,
CL-1178,2026-09-30,counter,,1 x Birthday Cake @ 48.00; 3 x Sourdough Loaf @ 9.00; 2 x Cookie Box (12) @ 12.00,99.00,,0.00,7.92,106.92,card,
CL-1179,2026-09-30,counter,,3 x Sourdough Loaf @ 9.00; 1 x Blueberry Scone @ 3.75,30.75,,0.00,2.46,33.21,card,
CL-1180,2026-09-30,online,customer054@example.com,1 x Blueberry Scone @ 3.75; 1 x Seasonal Pie @ 32.00; 3 x Coffee Beans @ 16.50,85.25,,0.00,6.82,92.07,card,
CL-1181,2026-09-30,counter,customer070@example.com,1 x Birthday Cake @ 48.00; 2 x Blueberry Scone @ 3.75,55.50,,0.00,4.44,59.94,card,
CL-1182,2026-09-30,counter,,3 x Croissant Box (6) @ 21.00; 3 x Baguette @ 5.00; 2 x Coffee Beans @ 16.50,111.00,,0.00,8.88,119.88,cash,
CL-1183,2026-09-30,counter,,2 x Croissant Box (6) @ 21.00,42.00,,0.00,3.36,45.36,card,
CL-1184,2026-09-30,counter,customer058@example.com,2 x Croissant Box (6) @ 21.00; 3 x Sourdough Loaf @ 9.00,69.00,STAFF50,34.50,2.76,37.26,card,
CL-1185,2026-09-30,counter,customer022@example.com,2 x Baguette @ 5.00; 3 x Coffee Beans @ 16.50; 1 x Seasonal Pie @ 32.00,91.50,,0.00,7.32,98.82,card,
CL-1186,2026-09-30,online,,1 x Blueberry Scone @ 3.75; 1 x Birthday Cake @ 48.00; 3 x Cinnamon Roll @ 3.25,61.50,,0.00,4.92,66.42,cash,
CL-1187,2026-09-30,counter,customer133@example.com,3 x Croissant Box (6) @ 21.00,63.00,,0.00,5.04,68.04,card,
CL-1188,2026-09-30,counter,customer029@example.com,1 x Seasonal Pie @ 32.00; 1 x Birthday Cake @ 48.00,80.00,,0.00,6.40,86.40,card,
CL-1189,2026-09-30,counter,customer045@example.com,3 x Baguette @ 5.00; 2 x Coffee Beans @ 16.50,48.00,,0.00,3.84,51.84,card,
CL-1190,2026-09-30,counter,customer117@example.com,2 x Cookie Box (12) @ 12.00; 1 x Cinnamon Roll @ 3.25; 1 x Croissant Box (6) @ 21.00,48.25,,0.00,3.86,52.11,card,
CL-1191,2026-09-30,counter,customer031@example.com,1 x Sourdough Loaf @ 9.00,9.00,,0.00,0.72,9.72,cash,
CL-1192,2026-09-30,counter,customer107@example.com,3 x Cookie Box (12) @ 12.00,36.00,,0.00,2.88,38.88,card,
CL-1193,2026-09-30,counter,,1 x Seasonal Pie @ 32.00,32.00,,0.00,2.56,34.56,card,
CL-1194,2026-09-30,counter,,3 x Cookie Box (12) @ 12.00,36.00,,0.00,2.88,38.88,card,
CL-1195,2026-09-30,counter,customer138@example.com,2 x Cookie Box (12) @ 12.00; 1 x Birthday Cake @ 48.00,72.00,,0.00,5.76,77.76,card,
CL-1196,2026-09-30,online,,2 x Cookie Box (12) @ 12.00; 2 x Cinnamon Roll @ 3.25; 2 x Sourdough Loaf @ 9.00,48.50,,0.00,3.88,52.38,card,
CL-1197,2026-09-30,counter,customer001@example.com,3 x Cookie Box (12) @ 12.00; 3 x Blueberry Scone @ 3.75; 2 x Cinnamon Roll @ 3.25,53.75,,0.00,4.30,58.05,cash,
CL-1198,2026-09-30,counter,,3 x Coffee Beans @ 16.50,49.50,,0.00,3.96,53.46,card,
CL-1199,2026-09-30,online,customer114@example.com,1 x Birthday Cake @ 48.00,48.00,,0.00,3.84,51.84,card,
CL-1200,2026-09-30,counter,,2 x Cookie Box (12) @ 12.00,24.00,,0.00,1.92,25.92,card,
CL-1201,2026-09-30,online,customer061@example.com,3 x Sourdough Loaf @ 9.00; 2 x Blueberry Scone @ 3.75,34.50,,0.00,2.76,37.26,cash,
CL-1202,2026-09-30,online,,2 x Croissant Box (6) @ 21.00,42.00,,0.00,3.36,45.36,cash,
CL-1203,2026-09-30,online,,1 x Seasonal Pie @ 32.00; 1 x Birthday Cake @ 48.00; 1 x Blueberry Scone @ 3.75,83.75,,0.00,6.70,90.45,cash,
CL-1204,2026-09-30,online,customer015@example.com,3 x Sourdough Loaf @ 9.00; 1 x Coffee Beans @ 16.50,43.50,,0.00,3.48,46.98,card,
CL-1205,2026-09-30,counter,,1 x Coffee Beans @ 16.50; 1 x Birthday Cake @ 48.00; 2 x Croissant Box (6) @ 21.00,106.50,,0.00,8.52,115.02,card,
CL-1206,2026-09-30,online,customer064@example.com,3 x Cinnamon Roll @ 3.25,9.75,,0.00,0.78,10.53,card,
CL-1207,2026-09-30,online,customer075@example.com,1 x Baguette @ 5.00; 2 x Blueberry Scone @ 3.75; 1 x Seasonal Pie @ 32.00,44.50,,0.00,3.56,48.06,card,
CL-1208,2026-09-30,online,customer098@example.com,3 x Blueberry Scone @ 3.75; 3 x Croissant Box (6) @ 21.00,74.25,,0.00,5.94,80.19,card,
CL-1209,2026-09-30,counter,,1 x Coffee Beans @ 16.50; 3 x Cookie Box (12) @ 12.00,52.50,,0.00,4.20,56.70,card,
CL-1210,2026-09-30,online,,1 x Coffee Beans @ 16.50; 1 x Croissant Box (6) @ 21.00; 3 x Sourdough Loaf @ 9.00,64.50,,0.00,5.16,69.66,card,
CL-1211,2026-09-30,counter,,1 x Birthday Cake @ 48.00; 3 x Sourdough Loaf @ 9.00,75.00,,0.00,6.00,81.00,cash,
CL-1212,2026-09-30,counter,customer011@example.com,3 x Croissant Box (6) @ 21.00; 2 x Sourdough Loaf @ 9.00,81.00,,0.00,6.48,87.48,card,
CL-1213,2026-09-30,online,,2 x Coffee Beans @ 16.50; 2 x Blueberry Scone @ 3.75,40.50,,0.00,3.24,43.74,card,
CL-1214,2026-09-30,counter,customer131@example.com,1 x Birthday Cake @ 48.00,48.00,,0.00,3.84,51.84,card,
CL-1215,2026-09-30,counter,customer056@example.com,2 x Sourdough Loaf @ 9.00; 1 x Cinnamon Roll @ 3.25; 1 x Seasonal Pie @ 32.00,53.25,,0.00,4.26,57.51,cash,
CL-1216,2026-09-30,online,,2 x Sourdough Loaf @ 9.00; 3 x Croissant Box (6) @ 21.00,81.00,,0.00,6.48,87.48,card,
