line_id,order_id,record_version,ordered_at,customer_id,customer_name,customer_email,customer_phone,sku,product_name,quantity,unit_price,discount_amount,tax_amount,line_total,notes
O-202608-0406-L01,O-202608-0406,1,2026-08-13T14:30:00,C062,Carlos Mendes,carlos.mendes62@example.com,555-010-0062,CATER120,Catering Tray,2,120.00,24.00,17.28,233.28,
O-202608-0406-L02,O-202608-0406,1,2026-08-13T14:30:00,C062,Carlos Mendes,carlos.mendes62@example.com,555-010-0062,BAGUETTE5,Baguette,4,5.00,0.00,1.60,21.60,
O-202608-0433-L01,O-202608-0433,1,2026-08-14T10:10:00,C080,Kofi Tanaka,kofi.tanaka80@example.com,555-010-0080,CATER120,Catering Tray,2,120.00,0.00,19.20,259.20,
O-202608-0762-L01,O-202608-0762,1,2026-08-24T15:10:00,C029,Rosa Mendes,rosa.mendes29@example.com,555-010-0029,CAKE48,Birthday Cake,2,48.00,0.00,7.68,103.68,
O-202608-0762-L02,O-202608-0762,1,2026-08-24T15:10:00,C029,Rosa Mendes,rosa.mendes29@example.com,555-010-0029,CATER120,Catering Tray,1,120.00,0.00,9.60,129.60,
O-202608-0913-L01,O-202608-0913,1,2026-08-29T07:37:00,C024,Theo Park,theo.park24@example.com,555-010-0024,COOKIE12,Cookie Box (12),1,12.00,0.60,0.91,12.31,
O-202608-0913-L02,O-202608-0913,1,2026-08-29T07:37:00,C024,Theo Park,theo.park24@example.com,555-010-0024,GRANOLA11,Granola Jar,2,11.00,0.00,1.76,23.76,
O-202608-0916-L01,O-202608-0916,1,2026-08-29T10:03:00,C075,Ada Chen,ada.chen75@example.com,555-010-0075,COOKIE12,Cookie Box (12),2,12.00,0.00,1.92,25.92,Loyalty card CL-0075 scanned
O-202608-0916-L02,O-202608-0916,1,2026-08-29T10:03:00,C075,Ada Chen,ada.chen75@example.com,555-010-0075,PIE32,Seasonal Pie,1,32.00,0.00,2.56,34.56,
O-202608-0916-L03,O-202608-0916,1,2026-08-29T10:03:00,C075,Ada Chen,ada.chen75@example.com,555-010-0075,BREAD9,Sourdough Loaf,1,9.00,0.00,0.72,9.72,
O-202608-0916-L04,O-202608-0916,1,2026-08-29T10:03:00,C075,Ada Chen,ada.chen75@example.com,555-010-0075,GRANOLA11,Granola Jar,1,11.00,0.00,0.88,11.88,
O-202608-0918-L01,O-202608-0918,1,2026-08-29T11:23:00,,,,,COOKIE12,Cookie Box (12),1,12.00,1.20,0.86,11.66,
O-202608-0920-L01,O-202608-0920,1,2026-08-29T12:33:00,,,,,GRANOLA11,Granola Jar,2,11.00,0.00,1.76,23.76,
O-202608-0920-L02,O-202608-0920,1,2026-08-29T12:33:00,,,,,BAGUETTE5,Baguette,1,5.00,0.00,0.40,5.40,
O-202608-0921-L01,O-202608-0921,1,2026-08-29T12:38:00,C051,Hannah Fischer,hannah.fischer51@example.com,555-010-0051,GRANOLA11,Granola Jar,2,11.00,2.20,1.58,21.38,
O-202608-0921-L02,O-202608-0921,1,2026-08-29T12:38:00,C051,Hannah Fischer,hannah.fischer51@example.com,555-010-0051,PIE32,Seasonal Pie,2,32.00,0.00,5.12,69.12,
O-202608-0922-L01,O-202608-0922,1,2026-08-29T12:39:00,C005,Aisha Rahman,aisha.rahman5@example.com,555-010-0005,MUFFIN15,Muffin Box (4),1,15.00,2.25,1.02,13.77,Loyalty card CL-0005 scanned
O-202608-0922-L02,O-202608-0922,1,2026-08-29T12:39:00,C005,Aisha Rahman,aisha.rahman5@example.com,555-010-0005,PIE32,Seasonal Pie,2,32.00,0.00,5.12,69.12,
O-202608-0922-L03,O-202608-0922,1,2026-08-29T12:39:00,C005,Aisha Rahman,aisha.rahman5@example.com,555-010-0005,BREAD9,Sourdough Loaf,3,9.00,0.00,2.16,29.16,
O-202608-0924-L01,O-202608-0924,1,2026-08-29T15:56:00,C012,Victor Nguyen,victor.nguyen12@example.com,555-010-0012,BREAD9,Sourdough Loaf,3,9.00,0.00,2.16,29.16,
O-202608-0924-L02,O-202608-0924,1,2026-08-29T15:56:00,C012,Victor Nguyen,victor.nguyen12@example.com,555-010-0012,GRANOLA11,Granola Jar,4,11.00,0.00,3.52,47.52,
O-202609-0674-L01,O-202609-0674,1,2026-09-21T10:43:00,C012,Victor Nguyen,victor.nguyen12@example.com,555-010-0012,COOKIE12,Cookie Box (12),3,12.00,0.00,2.88,38.88,
O-202608-0924-L03,O-202608-0924,1,2026-08-29T15:56:00,C012,Victor Nguyen,victor.nguyen12@example.com,555-010-0012,PIE32,Seasonal Pie,1,32.00,0.00,2.56,34.56,
O-202608-0924-L04,O-202608-0924,1,2026-08-29T15:56:00,C012,Victor Nguyen,victor.nguyen12@example.com,555-010-0012,CATER120,Catering Tray,1,120.00,18.00,8.16,110.16,
O-202608-0925-L01,O-202608-0925,1,2026-08-29T16:43:00,C023,Megan Hughes,megan.hughes23@example.com,555-010-0023,PIE32,Seasonal Pie,2,32.00,0.00,5.12,69.12,
O-202608-0926-L01,O-202608-0926,1,2026-08-29T17:14:00,C069,Rosa Larsen,rosa.larsen69@example.com,555-010-0069,CATER120,Catering Tray,2,120.00,0.00,19.20,259.20,
O-202608-0926-L02,O-202608-0926,1,2026-08-29T17:14:00,C069,Rosa Larsen,rosa.larsen69@example.com,555-010-0069,COFFEE18,Coffee Beans 1lb,4,18.00,7.20,5.18,69.98,
O-202608-0927-L01,O-202608-0927,1,2026-08-29T17:25:00,C002,James Chen,james.chen2@example.com,555-010-0002,COOKIE12,Cookie Box (12),1,12.00,0.00,0.96,12.96,
O-202608-0927-L02,O-202608-0927,1,2026-08-29T17:25:00,C002,James Chen,james.chen2@example.com,555-010-0002,BREAD9,Sourdough Loaf,3,9.00,0.00,2.16,29.16,
O-202608-0927-L03,O-202608-0927,1,2026-08-29T17:25:00,C002,James Chen,james.chen2@example.com,555-010-0002,CROISSANT21,Croissant Box (6),1,21.00,0.00,1.68,22.68,
O-202608-0945-L01,O-202608-0945,1,2026-08-30T07:40:00,,,,,CAKE48,Birthday Cake,1,48.00,4.80,3.46,46.66,
O-202608-0945-L02,O-202608-0945,1,2026-08-30T07:40:00,,,,,MUFFIN15,Muffin Box (4),4,15.00,0.00,4.80,64.80,
O-202608-0945-L03,O-202608-0945,1,2026-08-30T07:40:00,,,,,BREAD9,Sourdough Loaf,3,9.00,0.00,2.16,29.16,
O-202608-0946-L01,O-202608-0946,1,2026-08-30T08:04:00,C069,Rosa Larsen,rosa.larsen69@example.com,555-010-0069,CROISSANT21,Croissant Box (6),1,21.00,0.00,1.68,22.68,
O-202608-0946-L02,O-202608-0946,1,2026-08-30T08:04:00,C069,Rosa Larsen,rosa.larsen69@example.com,555-010-0069,GRANOLA11,Granola Jar,4,11.00,0.00,3.52,47.52,
O-202608-0947-L01,O-202608-0947,1,2026-08-30T08:52:00,C026,Noah Evans,noah.evans26@example.com,555-010-0026,BAGUETTE5,Baguette,2,5.00,0.00,0.80,10.80,
O-202608-0947-L02,O-202608-0947,1,2026-08-30T08:52:00,C026,Noah Evans,noah.evans26@example.com,555-010-0026,MUFFIN15,Muffin Box (4),3,15.00,0.00,3.60,48.60,
O-202608-0947-L03,O-202608-0947,1,2026-08-30T08:52:00,C026,Noah Evans,noah.evans26@example.com,555-010-0026,CATER120,Catering Tray,2,120.00,24.00,17.28,233.28,
O-202608-0948-L01,O-202608-0948,1,2026-08-30T09:49:00,C053,Nina Moreau,nina.moreau53@example.com,555-010-0053,BREAD9,Sourdough Loaf,4,9.00,0.00,2.88,38.88,
O-202608-0948-L02,O-202608-0948,1,2026-08-30T09:49:00,C053,Nina Moreau,nina.moreau53@example.com,555-010-0053,PIE32,Seasonal Pie,1,32.00,4.80,2.18,29.38,
O-202608-0950-L01,O-202608-0950,1,2026-08-30T11:13:00,C004,Daniel Okafor,daniel.okafor4@example.com,555-010-0004,CATER120,Catering Tray,2,120.00,12.00,18.24,246.24,
O-202608-0950-L02,O-202608-0950,1,2026-08-30T11:13:00,C004,Daniel Okafor,daniel.okafor4@example.com,555-010-0004,GRANOLA11,Granola Jar,1,11.00,0.00,0.88,11.88,
O-202608-0953-L01,O-202608-0953,1,2026-08-30T13:21:00,C008,Luis Garcia,luis.garcia8@example.com,555-010-0008,CROISSANT21,Croissant Box (6),2,21.00,0.00,3.36,45.36,
O-202608-0957-L01,O-202608-0957,1,2026-08-30T16:18:00,C048,Luis Rossi,luis.rossi48@example.com,555-010-0048,GRANOLA11,Granola Jar,1,11.00,0.00,0.88,11.88,
O-202608-0957-L02,O-202608-0957,1,2026-08-30T16:18:00,C048,Luis Rossi,luis.rossi48@example.com,555-010-0048,CATER120,Catering Tray,1,120.00,0.00,9.60,129.60,
O-202608-0958-L01,O-202608-0958,1,2026-08-30T16:46:00,C040,Kofi Quinn,kofi.quinn40@example.com,555-010-0040,BAGUETTE5,Baguette,1,5.00,0.25,0.38,5.13,
O-202608-0958-L02,O-202608-0958,1,2026-08-30T16:46:00,C040,Kofi Quinn,kofi.quinn40@example.com,555-010-0040,PIE32,Seasonal Pie,1,32.00,0.00,2.56,34.56,
O-202608-0977-L01,O-202608-0977,1,2026-08-31T07:30:00,C011,Hannah Brooks,hannah.brooks11@example.com,555-010-0011,BREAD9,Sourdough Loaf,3,9.00,0.00,2.16,29.16,
O-202608-0986-L01,O-202608-0986,1,2026-08-31T14:04:00,C012,Victor Nguyen,victor.nguyen12@example.com,555-010-0012,BREAD9,Sourdough Loaf,1,9.00,0.00,0.72,9.72,Loyalty card CL-0012 scanned
O-202608-0986-L02,O-202608-0986,1,2026-08-31T14:04:00,C012,Victor Nguyen,victor.nguyen12@example.com,555-010-0012,CATER120,Catering Tray,2,120.00,24.00,17.28,233.28,
O-202608-0986-L03,O-202608-0986,1,2026-08-31T14:04:00,C012,Victor Nguyen,victor.nguyen12@example.com,555-010-0012,GRANOLA11,Granola Jar,1,11.00,0.00,0.88,11.88,
O-202608-0987-L01,O-202608-0987,1,2026-08-31T14:07:00,C037,Yara Mensah,yara.mensah37@example.com,555-010-0037,CATER120,Catering Tray,1,120.00,0.00,9.60,129.60,
O-202608-0987-L02,O-202608-0987,1,2026-08-31T14:07:00,C037,Yara Mensah,yara.mensah37@example.com,555-010-0037,CROISSANT21,Croissant Box (6),3,21.00,3.15,4.79,64.64,
O-202608-0988-L01,O-202608-0988,1,2026-08-31T14:11:00,C009,Grace Kim,grace.kim9@example.com,555-010-0009,BAGUETTE5,Baguette,4,5.00,0.00,1.60,21.60,
O-202608-0988-L02,O-202608-0988,1,2026-08-31T14:11:00,C009,Grace Kim,grace.kim9@example.com,555-010-0009,COFFEE18,Coffee Beans 1lb,2,18.00,0.00,2.88,38.88,
O-202608-0989-L01,O-202608-0989,1,2026-08-31T14:24:00,C003,Priya Patel,priya.patel3@example.com,555-010-0003,COOKIE12,Cookie Box (12),2,12.00,0.00,1.92,25.92,
O-202608-0989-L02,O-202608-0989,1,2026-08-31T14:24:00,C003,Priya Patel,priya.patel3@example.com,555-010-0003,CAKE48,Birthday Cake,2,48.00,0.00,7.68,103.68,No nuts please
O-202608-0990-L01,O-202608-0990,1,2026-08-31T16:49:00,C046,Tom Petrov,tom.petrov46@example.com,555-010-0046,BAGUETTE5,Baguette,2,5.00,0.00,0.80,10.80,Repeat weekly order
O-202608-0990-L02,O-202608-0990,1,2026-08-31T16:49:00,C046,Tom Petrov,tom.petrov46@example.com,555-010-0046,GRANOLA11,Granola Jar,3,11.00,4.95,2.24,30.29,
O-202608-0990-L03,O-202608-0990,1,2026-08-31T16:49:00,C046,Tom Petrov,tom.petrov46@example.com,555-010-0046,CROISSANT21,Croissant Box (6),4,21.00,4.20,6.38,86.18,
O-202608-0991-L01,O-202608-0991,1,2026-08-31T16:55:00,C004,Daniel Okafor,daniel.okafor4@example.com,555-010-0004,CROISSANT21,Croissant Box (6),1,21.00,2.10,1.51,20.41,
O-202608-0991-L02,O-202608-0991,1,2026-08-31T16:55:00,C004,Daniel Okafor,daniel.okafor4@example.com,555-010-0004,COFFEE18,Coffee Beans 1lb,2,18.00,0.00,2.88,38.88,
O-202608-0992-L01,O-202608-0992,1,2026-08-31T17:26:00,C044,Daniel Brooks,daniel.brooks44@example.com,555-010-0044,GRANOLA11,Granola Jar,3,11.00,0.00,2.64,35.64,
O-202608-0992-L02,O-202608-0992,1,2026-08-31T17:26:00,C044,Daniel Brooks,daniel.brooks44@example.com,555-010-0044,COFFEE18,Coffee Beans 1lb,4,18.00,0.00,5.76,77.76,
O-202609-0001-L01,O-202609-0001,1,2026-09-01T07:03:00,C004,Daniel Okafor,daniel.okafor4@example.com,555-010-0004,CATER120,Catering Tray,2,120.00,36.00,16.32,220.32,
O-202609-0002-L01,O-202609-0002,1,2026-09-01T07:09:00,C007,Keiko Tanaka,keiko.tanaka7@example.com,555-010-0007,BAGUETTE5,Baguette,4,5.00,0.00,1.60,21.60,
O-202609-0002-L02,O-202609-0002,1,2026-09-01T07:09:00,C007,Keiko Tanaka,keiko.tanaka7@example.com,555-010-0007,COOKIE12,Cookie Box (12),3,12.00,0.00,2.88,38.88,
O-202609-0003-L01,O-202609-0003,1,2026-09-01T07:34:00,,,,,MUFFIN15,Muffin Box (4),1,15.00,2.25,1.02,13.77,
O-202609-0003-L02,O-202609-0003,1,2026-09-01T07:34:00,,,,,GRANOLA11,Granola Jar,4,11.00,0.00,3.52,47.52,
O-202609-0003-L03,O-202609-0003,1,2026-09-01T07:34:00,,,,,CROISSANT21,Croissant Box (6),2,21.00,0.00,3.36,45.36,
O-202609-0003-L04,O-202609-0003,1,2026-09-01T07:34:00,,,,,CATER120,Catering Tray,2,120.00,24.00,17.28,233.28,
O-202609-0004-L01,O-202609-0004,1,2026-09-01T08:29:00,C016,Marcus Bell,marcus.bell16@example.com,555-010-0016,GRANOLA11,Granola Jar,1,11.00,1.10,0.79,10.69,
O-202609-0004-L02,O-202609-0004,1,2026-09-01T08:29:00,C016,Marcus Bell,marcus.bell16@example.com,555-010-0016,BREAD9,Sourdough Loaf,4,9.00,0.00,2.88,38.88,
O-202609-0005-L01,O-202609-0005,1,2026-09-01T08:36:00,C018,Ben Fischer,ben.fischer18@example.com,555-010-0018,COOKIE12,Cookie Box (12),4,12.00,0.00,3.84,51.84,
O-202609-0005-L02,O-202609-0005,1,2026-09-01T08:36:00,C018,Ben Fischer,ben.fischer18@example.com,555-010-0018,PIE32,Seasonal Pie,2,32.00,9.60,4.35,58.75,
O-202609-0006-L01,O-202609-0006,1,2026-09-01T08:47:00,C011,Hannah Brooks,hannah.brooks11@example.com,555-010-0011,BREAD9,Sourdough Loaf,3,9.00,2.70,1.94,26.24,
O-202609-0006-L02,O-202609-0006,1,2026-09-01T08:47:00,C011,Hannah Brooks,hannah.brooks11@example.com,555-010-0011,CROISSANT21,Croissant Box (6),1,21.00,2.10,1.51,20.41,
O-202609-0007-L01,O-202609-0007,1,2026-09-01T09:09:00,,,,,BREAD9,Sourdough Loaf,3,9.00,4.05,1.84,24.79,
O-202609-0007-L02,O-202609-0007,1,2026-09-01T09:09:00,,,,,COFFEE18,Coffee Beans 1lb,4,18.00,0.00,5.76,77.76,
O-202609-0007-L03,O-202609-0007,1,2026-09-01T09:09:00,,,,,CAKE48,Birthday Cake,1,48.00,0.00,3.84,51.84,
O-202609-0008-L01,O-202609-0008,1,2026-09-01T09:11:00,C028,Jonah Grant,jonah.grant28@example.com,555-010-0028,GRANOLA11,Granola Jar,4,11.00,6.60,2.99,40.39,
O-202609-0008-L02,O-202609-0008,1,2026-09-01T09:11:00,C028,Jonah Grant,jonah.grant28@example.com,555-010-0028,BAGUETTE5,Baguette,3,5.00,0.75,1.14,15.39,
O-202609-0008-L03,O-202609-0008,1,2026-09-01T09:11:00,C028,Jonah Grant,jonah.grant28@example.com,555-010-0028,COOKIE12,Cookie Box (12),1,12.00,1.20,0.86,11.66,
O-202609-0009-L01,O-202609-0009,1,2026-09-01T09:12:00,C072,Diego Sato,diego.sato72@example.com,555-010-0072,BAGUETTE5,Baguette,4,5.00,0.00,1.60,21.60,
O-202609-0009-L02,O-202609-0009,1,2026-09-01T09:12:00,C072,Diego Sato,diego.sato72@example.com,555-010-0072,CATER120,Catering Tray,2,120.00,0.00,19.20,259.20,
O-202609-0010-L01,O-202609-0010,1,2026-09-01T09:34:00,C030,Ethan Wright,ethan.wright30@example.com,555-010-0030,PIE32,Seasonal Pie,2,32.00,0.00,5.12,69.12,
O-202609-0010-L02,O-202609-0010,1,2026-09-01T09:34:00,C030,Ethan Wright,ethan.wright30@example.com,555-010-0030,MUFFIN15,Muffin Box (4),4,15.00,0.00,4.80,64.80,
O-202609-0011-L01,O-202609-0011,1,2026-09-01T10:07:00,C067,Lily Shah,lily.shah67@example.com,555-010-0067,BAGUETTE5,Baguette,3,5.00,2.25,1.02,13.77,
O-202609-0011-L02,O-202609-0011,1,2026-09-01T10:07:00,C067,Lily Shah,lily.shah67@example.com,555-010-0067,CATER120,Catering Tray,2,120.00,0.00,19.20,259.20,Staff to box separately
O-202609-0011-L03,O-202609-0011,1,2026-09-01T10:07:00,C067,Lily Shah,lily.shah67@example.com,555-010-0067,PIE32,Seasonal Pie,2,32.00,0.00,5.12,69.12,
O-202609-0012-L01,O-202609-0012,1,2026-09-01T10:30:00,C005,Aisha Rahman,aisha.rahman5@example.com,555-010-0005,BREAD9,Sourdough Loaf,2,9.00,0.00,1.44,19.44,
O-202609-0012-L02,O-202609-0012,1,2026-09-01T10:30:00,C005,Aisha Rahman,aisha.rahman5@example.com,555-010-0005,MUFFIN15,Muffin Box (4),2,15.00,0.00,2.40,32.40,
O-202609-0012-L03,O-202609-0012,1,2026-09-01T10:30:00,C005,Aisha Rahman,aisha.rahman5@example.com,555-010-0005,CAKE48,Birthday Cake,1,48.00,0.00,3.84,51.84,
O-202609-0012-L04,O-202609-0012,1,2026-09-01T10:30:00,C005,Aisha Rahman,aisha.rahman5@example.com,555-010-0005,CROISSANT21,Croissant Box (6),1,21.00,0.00,1.68,22.68,
O-202609-0013-L01,O-202609-0013,1,2026-09-01T10:41:00,C002,James Chen,james.chen2@example.com,555-010-0002,CATER120,Catering Tray,2,120.00,0.00,19.20,259.20,
O-202609-0013-L02,O-202609-0013,1,2026-09-01T10:41:00,C002,James Chen,james.chen2@example.com,555-010-0002,COFFEE18,Coffee Beans 1lb,2,18.00,0.00,2.88,38.88,
O-202609-0013-L03,O-202609-0013,1,2026-09-01T10:41:00,C002,James Chen,james.chen2@example.com,555-010-0002,GRANOLA11,Granola Jar,1,11.00,0.55,0.84,11.29,
O-202609-0014-L01,O-202609-0014,1,2026-09-01T10:44:00,C073,Chloe Quinn,chloe.quinn73@example.com,555-010-0073,COOKIE12,Cookie Box (12),3,12.00,0.00,2.88,38.88,
O-202609-0014-L02,O-202609-0014,1,2026-09-01T10:44:00,C073,Chloe Quinn,chloe.quinn73@example.com,555-010-0073,BREAD9,Sourdough Loaf,1,9.00,0.00,0.72,9.72,
O-202609-0015-L01,O-202609-0015,1,2026-09-01T11:22:00,C035,Ada Novak,ada.novak35@example.com,555-010-0035,BREAD9,Sourdough Loaf,3,9.00,1.35,2.05,27.70,
O-202609-0015-L02,O-202609-0015,1,2026-09-01T11:22:00,C035,Ada Novak,ada.novak35@example.com,555-010-0035,COOKIE12,Cookie Box (12),4,12.00,2.40,3.65,49.25,
O-202609-0016-L01,O-202609-0016,1,2026-09-01T11:22:00,C026,Noah Evans,noah.evans26@example.com,555-010-0026,MUFFIN15,Muffin Box (4),2,15.00,0.00,2.40,32.40,
O-202609-0017-L01,O-202609-0017,1,2026-09-01T11:49:00,C043,Priya Haddad,priya.haddad43@example.com,555-010-0043,GRANOLA11,Granola Jar,2,11.00,2.20,1.58,21.38,
O-202609-0017-L02,O-202609-0017,1,2026-09-01T11:49:00,C043,Priya Haddad,priya.haddad43@example.com,555-010-0043,PIE32,Seasonal Pie,1,32.00,1.60,2.43,32.83,
O-202609-0018-L01,O-202609-0018,1,2026-09-01T12:12:00,,,,,COOKIE12,Cookie Box (12),3,12.00,5.40,2.45,33.05,
O-202609-0019-L01,O-202609-0019,1,2026-09-01T12:51:00,C004,Daniel Okafor,daniel.okafor4@example.com,555-010-0004,COOKIE12,Cookie Box (12),4,12.00,0.00,3.84,51.84,
O-202609-0019-L02,O-202609-0019,1,2026-09-01T12:51:00,C004,Daniel Okafor,daniel.okafor4@example.com,555-010-0004,BREAD9,Sourdough Loaf,3,9.00,0.00,2.16,29.16,
O-202609-0020-L01,O-202609-0020,1,2026-09-01T12:59:00,C035,Ada Novak,ada.novak35@example.com,555-010-0035,CATER120,Catering Tray,2,120.00,24.00,17.28,233.28,
O-202609-0021-L01,O-202609-0021,1,2026-09-01T13:04:00,C024,Theo Park,theo.park24@example.com,555-010-0024,MUFFIN15,Muffin Box (4),1,15.00,0.75,1.14,15.39,
O-202609-0021-L02,O-202609-0021,1,2026-09-01T13:04:00,C024,Theo Park,theo.park24@example.com,555-010-0024,BREAD9,Sourdough Loaf,1,9.00,0.00,0.72,9.72,
O-202609-0022-L01,O-202609-0022,1,2026-09-01T13:58:00,C005,Aisha Rahman,aisha.rahman5@example.com,555-010-0005,CROISSANT21,Croissant Box (6),1,21.00,3.15,1.43,19.28,
O-202609-0022-L02,O-202609-0022,1,2026-09-01T13:58:00,C005,Aisha Rahman,aisha.rahman5@example.com,555-010-0005,BREAD9,Sourdough Loaf,2,9.00,0.00,1.44,19.44,
O-202609-0023-L01,O-202609-0023,1,2026-09-01T14:42:00,,,,,COOKIE12,Cookie Box (12),4,12.00,7.20,3.26,44.06,
O-202609-0024-L01,O-202609-0024,1,2026-09-01T14:56:00,C010,Omar Haddad,omar.haddad10@example.com,555-010-0010,COFFEE18,Coffee Beans 1lb,1,18.00,0.90,1.37,18.47,Loyalty card CL-0010 scanned
O-202609-0024-L02,O-202609-0024,1,2026-09-01T14:56:00,C010,Omar Haddad,omar.haddad10@example.com,555-010-0010,COOKIE12,Cookie Box (12),1,12.00,0.00,0.96,12.96,
O-202609-0025-L01,O-202609-0025,1,2026-09-01T15:05:00,C074,Samir Lopez,samir.lopez74@example.com,555-010-0074,MUFFIN15,Muffin Box (4),2,15.00,0.00,2.40,32.40,Pre-order
O-202609-0025-L02,O-202609-0025,1,2026-09-01T15:05:00,C074,Samir Lopez,samir.lopez74@example.com,555-010-0074,GRANOLA11,Granola Jar,1,11.00,0.00,0.88,11.88,
O-202609-0026-L01,O-202609-0026,1,2026-09-01T15:09:00,C021,Ivy Reed,ivy.reed21@example.com,555-010-0021,GRANOLA11,Granola Jar,4,11.00,0.00,3.52,47.52,
O-202609-0026-L02,O-202609-0026,1,2026-09-01T15:09:00,C021,Ivy Reed,ivy.reed21@example.com,555-010-0021,PIE32,Seasonal Pie,1,32.00,0.00,2.56,34.56,
O-202609-0026-L03,O-202609-0026,1,2026-09-01T15:09:00,C021,Ivy Reed,ivy.reed21@example.com,555-010-0021,COOKIE12,Cookie Box (12),2,12.00,1.20,1.82,24.62,Pre-order
O-202609-0026-L04,O-202609-0026,1,2026-09-01T15:09:00,C021,Ivy Reed,ivy.reed21@example.com,555-010-0021,BREAD9,Sourdough Loaf,1,9.00,0.00,0.72,9.72,
O-202609-0027-L01,O-202609-0027,1,2026-09-01T15:48:00,,,zara.ramos65@example.com,555-010-0055,CATER120,Catering Tray,1,120.00,6.00,9.12,123.12,
O-202609-0027-L02,O-202609-0027,1,2026-09-01T15:48:00,,,zara.ramos65@example.com,555-010-0055,BREAD9,Sourdough Loaf,3,9.00,1.35,2.05,27.70,
O-202609-0027-L03,O-202609-0027,1,2026-09-01T15:48:00,,,zara.ramos65@example.com,555-010-0055,CAKE48,Birthday Cake,2,48.00,0.00,7.68,103.68,
O-202609-0028-L01,O-202609-0028,1,2026-09-01T15:48:00,C009,Grace Kim,grace.kim9@example.com,555-010-0009,COOKIE12,Cookie Box (12),1,12.00,0.00,0.96,12.96,
O-202609-0028-L02,O-202609-0028,1,2026-09-01T15:48:00,C009,Grace Kim,grace.kim9@example.com,555-010-0009,CATER120,Catering Tray,2,120.00,0.00,19.20,259.20,
O-202609-0028-L03,O-202609-0028,1,2026-09-01T15:48:00,C009,Grace Kim,grace.kim9@example.com,555-010-0009,MUFFIN15,Muffin Box (4),2,15.00,0.00,2.40,32.40,
O-202609-0028-L04,O-202609-0028,1,2026-09-01T15:48:00,C009,Grace Kim,grace.kim9@example.com,555-010-0009,CROISSANT21,Croissant Box (6),4,21.00,0.00,6.72,90.72,
O-202609-0029-L01,O-202609-0029,1,2026-09-01T16:03:00,C055,Elena Silva,elena.silva55@example.com,555-010-0055,COOKIE12,Cookie Box (12),1,12.00,1.20,0.86,11.66,
O-202609-0029-L02,O-202609-0029,1,2026-09-01T16:03:00,C055,Elena Silva,elena.silva55@example.com,555-010-0055,COFFEE18,Coffee Beans 1lb,1,18.00,2.70,1.22,16.52,
O-202609-0030-L01,O-202609-0030,1,2026-09-01T16:19:00,,,,,BREAD9,Sourdough Loaf,2,9.00,0.90,1.37,18.47,
O-202609-0030-L02,O-202609-0030,1,2026-09-01T16:19:00,,,,,PIE32,Seasonal Pie,2,32.00,0.00,5.12,69.12,
O-202609-0030-L03,O-202609-0030,1,2026-09-01T16:19:00,,,,,CATER120,Catering Tray,2,120.00,0.00,19.20,259.20,
O-202609-0031-L01,O-202609-0031,1,2026-09-01T16:44:00,C001,Maria Lopez,maria.lopez1@example.com,555-010-0001,BREAD9,Sourdough Loaf,4,9.00,0.00,2.88,38.88,
O-202609-0031-L02,O-202609-0031,1,2026-09-01T16:44:00,C001,Maria Lopez,maria.lopez1@example.com,555-010-0001,BAGUETTE5,Baguette,1,5.00,0.00,0.40,5.40,
O-202609-0032-L01,O-202609-0032,1,2026-09-01T16:57:00,C004,Daniel Okafor,daniel.okafor4@example.com,555-010-0004,CROISSANT21,Croissant Box (6),2,21.00,0.00,3.36,45.36,
O-202609-0033-L01,O-202609-0033,1,2026-09-01T16:59:00,C016,Marcus Bell,marcus.bell16@example.com,555-010-0016,BREAD9,Sourdough Loaf,1,9.00,0.00,0.72,9.72,Gift wrap
O-202609-0033-L02,O-202609-0033,1,2026-09-01T16:59:00,C016,Marcus Bell,marcus.bell16@example.com,555-010-0016,PIE32,Seasonal Pie,2,32.00,0.00,5.12,69.12,
O-202609-0034-L01,O-202609-0034,1,2026-09-01T17:47:00,C021,Ivy Reed,ivy.reed21@example.com,555-010-0021,GRANOLA11,Granola Jar,3,11.00,0.00,2.64,35.64,
O-202609-0035-L01,O-202609-0035,1,2026-09-01T17:59:00,C001,Maria Lopez,maria.lopez1@example.com,555-010-0001,COFFEE18,Coffee Beans 1lb,1,18.00,1.80,1.30,17.50,
O-202609-0035-L02,O-202609-0035,1,2026-09-01T17:59:00,C001,Maria Lopez,maria.lopez1@example.com,555-010-0001,BREAD9,Sourdough Loaf,4,9.00,0.00,2.88,38.88,
O-202609-0036-L01,O-202609-0036,1,2026-09-02T07:49:00,C029,Rosa Mendes,rosa.mendes29@example.com,555-010-0029,GRANOLA11,Granola Jar,2,11.00,0.00,1.76,23.76,
O-202609-0037-L01,O-202609-0037,1,2026-09-02T08:10:00,C002,James Chen,james.chen2@example.com,555-010-0002,PIE32,Seasonal Pie,1,32.00,0.00,2.56,34.56,
O-202609-0037-L02,O-202609-0037,1,2026-09-02T08:10:00,C002,James Chen,james.chen2@example.com,555-010-0002,MUFFIN15,Muffin Box (4),1,15.00,1.50,1.08,14.58,
O-202609-0037-L03,O-202609-0037,1,2026-09-02T08:10:00,C002,James Chen,james.chen2@example.com,555-010-0002,CAKE48,Birthday Cake,2,48.00,0.00,7.68,103.68,
O-202609-0038-L01,O-202609-0038,1,2026-09-02T08:11:00,C018,Ben Fischer,ben.fischer18@example.com,555-010-0018,BAGUETTE5,Baguette,3,5.00,1.50,1.08,14.58,
O-202609-0038-L02,O-202609-0038,1,2026-09-02T08:11:00,C018,Ben Fischer,ben.fischer18@example.com,555-010-0018,MUFFIN15,Muffin Box (4),3,15.00,6.75,3.06,41.31,
O-202609-0039-L01,O-202609-0039,1,2026-09-02T08:17:00,C054,Ravi Reed,ravi.reed54@example.com,555-010-0054,CROISSANT21,Croissant Box (6),2,21.00,4.20,3.02,40.82,
O-202609-0040-L01,O-202609-0040,1,2026-09-02T08:30:00,C005,Aisha Rahman,aisha.rahman5@example.com,555-010-0005,CATER120,Catering Tray,1,120.00,0.00,9.60,129.60,
O-202609-0041-L01,O-202609-0041,1,2026-09-02T08:31:00,,,,,MUFFIN15,Muffin Box (4),1,15.00,0.00,1.20,16.20,
O-202609-0041-L02,O-202609-0041,1,2026-09-02T08:31:00,,,,,COOKIE12,Cookie Box (12),4,12.00,0.00,3.84,51.84,
O-202609-0042-L01,O-202609-0042,1,2026-09-02T08:41:00,C029,Rosa Mendes,rosa.mendes29@example.com,555-010-0029,CROISSANT21,Croissant Box (6),2,21.00,0.00,3.36,45.36,
O-202609-0042-L02,O-202609-0042,1,2026-09-02T08:41:00,C029,Rosa Mendes,rosa.mendes29@example.com,555-010-0029,COFFEE18,Coffee Beans 1lb,2,18.00,0.00,2.88,38.88,
O-202609-0043-L01,O-202609-0043,1,2026-09-02T09:32:00,C001,Maria Lopez,maria.lopez1@example.com,555-010-0001,BAGUETTE5,Baguette,2,5.00,0.50,0.76,10.26,
O-202609-0043-L02,O-202609-0043,1,2026-09-02T09:32:00,C001,Maria Lopez,maria.lopez1@example.com,555-010-0001,COFFEE18,Coffee Beans 1lb,1,18.00,0.00,1.44,19.44,
O-202609-0044-L01,O-202609-0044,1,2026-09-02T11:05:00,C002,James Chen,james.chen2@example.com,555-010-0002,CROISSANT21,Croissant Box (6),2,21.00,0.00,3.36,45.36,
O-202609-0045-L01,O-202609-0045,1,2026-09-02T11:30:00,C009,Grace Kim,grace.kim9@example.com,555-010-0009,CATER120,Catering Tray,1,120.00,0.00,9.60,129.60,
O-202609-0045-L02,O-202609-0045,1,2026-09-02T11:30:00,C009,Grace Kim,grace.kim9@example.com,555-010-0009,COOKIE12,Cookie Box (12),1,12.00,1.80,0.82,11.02,
O-202609-0046-L01,O-202609-0046,1,2026-09-02T11:53:00,,,,,BREAD9,Sourdough Loaf,4,9.00,0.00,2.88,38.88,
O-202609-0046-L02,O-202609-0046,1,2026-09-02T11:53:00,,,,,CAKE48,Birthday Cake,2,48.00,0.00,7.68,103.68,
O-202609-0046-L03,O-202609-0046,1,2026-09-02T11:53:00,,,,,BAGUETTE5,Baguette,3,5.00,0.75,1.14,15.39,
O-202609-0047-L01,O-202609-0047,1,2026-09-02T12:06:00,C002,James Chen,james.chen2@example.com,555-010-0002,PIE32,Seasonal Pie,2,32.00,9.60,4.35,58.75,
O-202609-0047-L02,O-202609-0047,1,2026-09-02T12:06:00,C002,James Chen,james.chen2@example.com,555-010-0002,CATER120,Catering Tray,1,120.00,6.00,9.12,123.12,
O-202609-0047-L03,O-202609-0047,1,2026-09-02T12:06:00,C002,James Chen,james.chen2@example.com,555-010-0002,CROISSANT21,Croissant Box (6),4,21.00,0.00,6.72,90.72,
O-202609-0047-L04,O-202609-0047,1,2026-09-02T12:06:00,C002,James Chen,james.chen2@example.com,555-010-0002,BREAD9,Sourdough Loaf,3,9.00,0.00,2.16,29.16,
O-202609-0048-L01,O-202609-0048,1,2026-09-02T12:08:00,,,,,BAGUETTE5,Baguette,4,5.00,0.00,1.60,21.60,
O-202609-0048-L02,O-202609-0048,1,2026-09-02T12:08:00,,,,,CAKE48,Birthday Cake,1,48.00,2.40,3.65,49.25,
O-202609-0048-L03,O-202609-0048,1,2026-09-02T12:08:00,,,,,CATER120,Catering Tray,1,120.00,6.00,9.12,123.12,
O-202609-0049-L01,O-202609-0049,1,2026-09-02T12:58:00,C034,Samir Shah,samir.shah34@example.com,555-010-0034,BREAD9,Sourdough Loaf,3,9.00,0.00,2.16,29.16,
O-202609-0049-L02,O-202609-0049,1,2026-09-02T12:58:00,C034,Samir Shah,samir.shah34@example.com,555-010-0034,CROISSANT21,Croissant Box (6),1,21.00,3.15,1.43,19.28,
O-202609-0050-L01,O-202609-0050,2,2026-09-02T13:02:00,C043,Priya Haddad,priya.haddad43@example.com,555-010-0043,GRANOLA11,Granola Jar,3,11.00,0.00,2.64,35.64,
O-202609-0050-L02,O-202609-0050,1,2026-09-02T13:02:00,C043,Priya Haddad,priya.haddad43@example.com,555-010-0043,COOKIE12,Cookie Box (12),3,12.00,0.00,2.88,38.88,
O-202609-0050-L03,O-202609-0050,1,2026-09-02T13:02:00,C043,Priya Haddad,priya.haddad43@example.com,555-010-0043,CAKE48,Birthday Cake,2,48.00,0.00,7.68,103.68,
O-202609-0051-L01,O-202609-0051,1,2026-09-02T13:15:00,C005,Aisha Rahman,aisha.rahman5@example.com,555-010-0005,PIE32,Seasonal Pie,1,32.00,0.00,2.56,34.56,
O-202609-0052-L01,O-202609-0052,1,2026-09-02T13:38:00,C012,Victor Nguyen,victor.nguyen12@example.com,555-010-0012,PIE32,Seasonal Pie,2,32.00,0.00,5.12,69.12,
O-202609-0052-L02,O-202609-0052,1,2026-09-02T13:38:00,C012,Victor Nguyen,victor.nguyen12@example.com,555-010-0012,CROISSANT21,Croissant Box (6),3,21.00,0.00,5.04,68.04,
O-202609-0052-L03,O-202609-0052,1,2026-09-02T13:38:00,C012,Victor Nguyen,victor.nguyen12@example.com,555-010-0012,MUFFIN15,Muffin Box (4),2,15.00,3.00,2.16,29.16,
O-202609-0053-L01,O-202609-0053,1,2026-09-02T13:44:00,C004,Daniel Okafor,daniel.okafor4@example.com,555-010-0004,CROISSANT21,Croissant Box (6),2,21.00,0.00,3.36,45.36,
O-202609-0054-L01,O-202609-0054,1,2026-09-02T13:51:00,,,,,GRANOLA11,Granola Jar,3,11.00,0.00,2.64,35.64,Pickup after 3pm
O-202609-0054-L02,O-202609-0054,1,2026-09-02T13:51:00,,,,,BREAD9,Sourdough Loaf,3,9.00,0.00,2.16,29.16,
O-202609-0055-L01,O-202609-0055,1,2026-09-02T14:28:00,C024,Theo Park,theo.park24@example.com,555-010-0024,COOKIE12,Cookie Box (12),2,12.00,0.00,1.92,25.92,
O-202609-0055-L02,O-202609-0055,1,2026-09-02T14:28:00,C024,Theo Park,theo.park24@example.com,555-010-0024,BAGUETTE5,Baguette,2,5.00,0.00,0.80,10.80,Birthday pickup
O-202609-0056-L01,O-202609-0056,1,2026-09-02T14:40:00,C006,Tom Walsh,tom.walsh6@example.com,555-010-0006,GRANOLA11,Granola Jar,2,11.00,0.00,1.76,23.76,
O-202609-0056-L02,O-202609-0056,1,2026-09-02T14:40:00,C006,Tom Walsh,tom.walsh6@example.com,555-010-0006,COOKIE12,Cookie Box (12),4,12.00,0.00,3.84,51.84,
O-202609-0057-L01,O-202609-0057,1,2026-09-02T15:01:00,C001,Maria Lopez,maria.lopez1@example.com,555-010-0001,CROISSANT21,Croissant Box (6),2,21.00,0.00,3.36,45.36,
O-202609-0057-L02,O-202609-0057,1,2026-09-02T15:01:00,C001,Maria Lopez,maria.lopez1@example.com,555-010-0001,COOKIE12,Cookie Box (12),1,12.00,0.00,0.96,12.96,
O-202609-0057-L03,O-202609-0057,1,2026-09-02T15:01:00,C001,Maria Lopez,maria.lopez1@example.com,555-010-0001,GRANOLA11,Granola Jar,1,11.00,0.55,0.84,11.29,
O-202609-0057-L04,O-202609-0057,1,2026-09-02T15:01:00,C001,Maria Lopez,maria.lopez1@example.com,555-010-0001,BAGUETTE5,Baguette,1,5.00,0.25,0.38,5.13,
O-202609-0058-L01,O-202609-0058,1,2026-09-02T15:25:00,C011,Hannah Brooks,hannah.brooks11@example.com,555-010-0011,CAKE48,Birthday Cake,1,48.00,7.20,3.26,44.06,
O-202609-0058-L02,O-202609-0058,1,2026-09-02T15:25:00,C011,Hannah Brooks,hannah.brooks11@example.com,555-010-0011,COOKIE12,Cookie Box (12),1,12.00,0.00,0.96,12.96,
O-202609-0059-L01,O-202609-0059,1,2026-09-02T15:26:00,C004,Daniel Okafor,daniel.okafor4@example.com,555-010-0004,COOKIE12,Cookie Box (12),4,12.00,7.20,3.26,44.06,
O-202609-0059-L02,O-202609-0059,1,2026-09-02T15:26:00,C004,Daniel Okafor,daniel.okafor4@example.com,555-010-0004,BREAD9,Sourdough Loaf,3,9.00,0.00,2.16,29.16,
O-202609-0059-L03,O-202609-0059,1,2026-09-02T15:26:00,C004,Daniel Okafor,daniel.okafor4@example.com,555-010-0004,MUFFIN15,Muffin Box (4),4,15.00,6.00,4.32,58.32,
O-202609-0059-L04,O-202609-0059,1,2026-09-02T15:26:00,C004,Daniel Okafor,daniel.okafor4@example.com,555-010-0004,CAKE48,Birthday Cake,2,48.00,0.00,7.68,103.68,No nuts please
O-202609-0060-L01,O-202609-0060,1,2026-09-02T15:28:00,C057,Sofia Park,sofia.park57@example.com,555-010-0057,BAGUETTE5,Baguette,3,5.00,1.50,1.08,14.58,Loyalty card CL-0057 scanned
O-202609-0060-L02,O-202609-0060,1,2026-09-02T15:28:00,C057,Sofia Park,sofia.park57@example.com,555-010-0057,CAKE48,Birthday Cake,1,48.00,0.00,3.84,51.84,
O-202609-0060-L03,O-202609-0060,1,2026-09-02T15:28:00,C057,Sofia Park,sofia.park57@example.com,555-010-0057,CATER120,Catering Tray,1,120.00,18.00,8.16,110.16,
O-202609-0061-L01,O-202609-0061,1,2026-09-02T15:32:00,C012,Victor Nguyen,victor.nguyen12@example.com,555-010-0012,COOKIE12,Cookie Box (12),3,12.00,0.00,2.88,38.88,
O-202609-0061-L02,O-202609-0061,1,2026-09-02T15:32:00,C012,Victor Nguyen,victor.nguyen12@example.com,555-010-0012,PIE32,Seasonal Pie,2,32.00,0.00,5.12,69.12,
O-202609-0062-L01,O-202609-0062,1,2026-09-02T15:59:00,C047,Keiko Iyer,keiko.iyer47@example.com,555-010-0047,COOKIE12,Cookie Box (12),3,12.00,5.40,2.45,33.05,
O-202609-0062-L02,O-202609-0062,1,2026-09-02T15:59:00,C047,Keiko Iyer,keiko.iyer47@example.com,555-010-0047,CROISSANT21,Croissant Box (6),4,21.00,0.00,6.72,90.72,
O-202609-0063-L01,O-202609-0063,1,2026-09-02T16:33:00,C069,Rosa Larsen,rosa.larsen69@example.com,555-010-0069,CROISSANT21,Croissant Box (6),2,21.00,0.00,3.36,45.36,
O-202609-0063-L02,O-202609-0063,1,2026-09-02T16:33:00,C069,Rosa Larsen,rosa.larsen69@example.com,555-010-0069,GRANOLA11,Granola Jar,1,11.00,0.00,0.88,11.88,
O-202609-0064-L01,O-202609-0064,1,2026-09-02T16:36:00,C073,Chloe Quinn,chloe.quinn73@example.com,555-010-0073,BREAD9,Sourdough Loaf,2,9.00,2.70,1.22,16.52,
O-202609-0065-L01,O-202609-0065,1,2026-09-02T17:05:00,C025,Zara Khan,zara.khan25@example.com,555-010-0025,GRANOLA11,Granola Jar,1,11.00,0.55,0.84,11.29,
O-202609-0065-L02,O-202609-0065,1,2026-09-02T17:05:00,C025,Zara Khan,zara.khan25@example.com,555-010-0025,MUFFIN15,Muffin Box (4),3,15.00,0.00,3.60,48.60,
O-202609-0065-L03,O-202609-0065,1,2026-09-02T17:05:00,C025,Zara Khan,zara.khan25@example.com,555-010-0025,CATER120,Catering Tray,1,120.00,6.00,9.12,123.12,
O-202609-0066-L01,O-202609-0066,1,2026-09-02T17:48:00,C048,Luis Rossi,luis.rossi48@example.com,555-010-0048,PIE32,Seasonal Pie,1,32.00,0.00,2.56,34.56,
O-202609-0066-L02,O-202609-0066,1,2026-09-02T17:48:00,C048,Luis Rossi,luis.rossi48@example.com,555-010-0048,CAKE48,Birthday Cake,1,48.00,0.00,3.84,51.84,
O-202609-0066-L03,O-202609-0066,1,2026-09-02T17:48:00,C048,Luis Rossi,luis.rossi48@example.com,555-010-0048,CATER120,Catering Tray,1,120.00,0.00,9.60,129.60,
O-202609-0067-L01,O-202609-0067,1,2026-09-03T07:15:00,C016,Marcus Bell,marcus.bell16@example.com,555-010-0016,BREAD9,Sourdough Loaf,2,9.00,0.00,1.44,19.44,
O-202609-0496-L01,O-202609-0496,1,2026-09-15T16:25:00,C071,Mei Byrne,mei.byrne71@example.com,555-010-0071,CROISSANT21,Croissant Box (6),1,21.00,2.10,1.51,20.41,
O-202609-0067-L02,O-202609-0067,1,2026-09-03T07:15:00,C016,Marcus Bell,marcus.bell16@example.com,555-010-0016,CROISSANT21,Croissant Box (6),1,21.00,0.00,1.68,22.68,
O-202609-0068-L01,O-202609-0068,1,2026-09-03T07:21:00,C007,Keiko Tanaka,keiko.tanaka7@example.com,555-010-0007,BAGUETTE5,Baguette,4,5.00,0.00,1.60,21.60,
O-202609-0068-L02,O-202609-0068,1,2026-09-03T07:21:00,C007,Keiko Tanaka,keiko.tanaka7@example.com,555-010-0007,CATER120,Catering Tray,2,120.00,0.00,19.20,259.20,
O-202609-0068-L03,O-202609-0068,1,2026-09-03T07:21:00,C007,Keiko Tanaka,keiko.tanaka7@example.com,555-010-0007,COOKIE12,Cookie Box (12),2,12.00,0.00,1.92,25.92,
O-202609-0069-L01,O-202609-0069,1,2026-09-03T07:45:00,,,,,GRANOLA11,Granola Jar,1,11.00,0.00,0.88,11.88,Loyalty card CL-0046 scanned
O-202609-0070-L01,O-202609-0070,1,2026-09-03T07:47:00,C050,Omar Costa,omar.costa50@example.com,555-010-0050,GRANOLA11,Granola Jar,4,11.00,2.20,3.34,45.14,
O-202609-0070-L02,O-202609-0070,1,2026-09-03T07:47:00,C050,Omar Costa,omar.costa50@example.com,555-010-0050,COFFEE18,Coffee Beans 1lb,3,18.00,0.00,4.32,58.32,
O-202609-0070-L03,O-202609-0070,1,2026-09-03T07:47:00,C050,Omar Costa,omar.costa50@example.com,555-010-0050,CROISSANT21,Croissant Box (6),2,21.00,2.10,3.19,43.09,
O-202609-0070-L04,O-202609-0070,1,2026-09-03T07:47:00,C050,Omar Costa,omar.costa50@example.com,555-010-0050,BAGUETTE5,Baguette,2,5.00,0.00,0.80,10.80,
O-202609-0071-L01,O-202609-0071,1,2026-09-03T08:11:00,C003,Priya Patel,priya.patel3@example.com,555-010-0003,COOKIE12,Cookie Box (12),3,12.00,0.00,2.88,38.88,
O-202609-0071-L02,O-202609-0071,1,2026-09-03T08:11:00,C003,Priya Patel,priya.patel3@example.com,555-010-0003,COFFEE18,Coffee Beans 1lb,3,18.00,0.00,4.32,58.32,
O-202609-0072-L01,O-202609-0072,1,2026-09-03T08:15:00,C003,Priya Patel,priya.patel3@example.com,555-010-0003,GRANOLA11,Granola Jar,1,11.00,0.55,0.84,11.29,
O-202609-0073-L01,O-202609-0073,1,2026-09-03T08:33:00,C003,Priya Patel,priya.patel3@example.com,555-010-0003,BAGUETTE5,Baguette,2,5.00,1.50,0.68,9.18,
O-202609-0074-L01,O-202609-0074,1,2026-09-03T09:15:00,C048,Luis Rossi,luis.rossi48@example.com,555-010-0048,CROISSANT21,Croissant Box (6),2,21.00,4.20,3.02,40.82,
O-202609-0074-L02,O-202609-0074,1,2026-09-03T09:15:00,C048,Luis Rossi,luis.rossi48@example.com,555-010-0048,CATER120,Catering Tray,1,120.00,0.00,9.60,129.60,
O-202609-0074-L03,O-202609-0074,1,2026-09-03T09:15:00,C048,Luis Rossi,luis.rossi48@example.com,555-010-0048,COOKIE12,Cookie Box (12),4,12.00,0.00,3.84,51.84,
O-202609-0075-L01,O-202609-0075,1,2026-09-03T09:44:00,C003,Priya Patel,priya.patel3@example.com,555-010-0003,BREAD9,Sourdough Loaf,4,9.00,5.40,2.45,33.05,
O-202609-0075-L02,O-202609-0075,1,2026-09-03T09:44:00,C003,Priya Patel,priya.patel3@example.com,555-010-0003,COFFEE18,Coffee Beans 1lb,4,18.00,0.00,5.76,77.76,
O-202609-0076-L01,O-202609-0076,1,2026-09-03T10:28:00,C009,Grace Kim,grace.kim9@example.com,555-010-0009,BAGUETTE5,Baguette,4,5.00,0.00,1.60,21.60,
O-202609-0076-L02,O-202609-0076,1,2026-09-03T10:28:00,C009,Grace Kim,grace.kim9@example.com,555-010-0009,CAKE48,Birthday Cake,2,48.00,0.00,7.68,103.68,
O-202609-0076-L03,O-202609-0076,1,2026-09-03T10:28:00,C009,Grace Kim,grace.kim9@example.com,555-010-0009,GRANOLA11,Granola Jar,2,11.00,0.00,1.76,23.76,
O-202609-0077-L01,O-202609-0077,1,2026-09-03T10:37:00,C020,Leo Moreau,leo.moreau20@example.com,555-010-0020,PIE32,Seasonal Pie,2,32.00,0.00,5.12,69.12,
O-202609-0077-L02,O-202609-0077,1,2026-09-03T10:37:00,C020,Leo Moreau,leo.moreau20@example.com,555-010-0020,MUFFIN15,Muffin Box (4),2,15.00,4.50,2.04,27.54,
O-202609-0078-L01,O-202609-0078,1,2026-09-03T10:43:00,C001,Maria Lopez,maria.lopez1@example.com,555-010-0001,CAKE48,Birthday Cake,1,48.00,0.00,3.84,51.84,
O-202609-0078-L02,O-202609-0078,1,2026-09-03T10:43:00,C001,Maria Lopez,maria.lopez1@example.com,555-010-0001,BAGUETTE5,Baguette,4,5.00,1.00,1.52,20.52,
O-202609-0078-L03,O-202609-0078,1,2026-09-03T10:43:00,C001,Maria Lopez,maria.lopez1@example.com,555-010-0001,PIE32,Seasonal Pie,1,32.00,0.00,2.56,34.56,
O-202609-0079-L01,O-202609-0079,1,2026-09-03T11:19:00,,,,,BAGUETTE5,Baguette,1,5.00,0.50,0.36,4.86,
O-202609-0079-L02,O-202609-0079,1,2026-09-03T11:19:00,,,,,COFFEE18,Coffee Beans 1lb,1,18.00,0.00,1.44,19.44,
O-202609-0079-L03,O-202609-0079,1,2026-09-03T11:19:00,,,,,COOKIE12,Cookie Box (12),2,12.00,0.00,1.92,25.92,
O-202609-0079-L04,O-202609-0079,1,2026-09-03T11:19:00,,,,,CATER120,Catering Tray,2,120.00,0.00,19.20,259.20,
O-202609-0080-L01,O-202609-0080,1,2026-09-03T12:03:00,C012,Victor Nguyen,victor.nguyen12@example.com,555-010-0012,PIE32,Seasonal Pie,2,32.00,0.00,5.12,69.12,
O-202609-0080-L02,O-202609-0080,1,2026-09-03T12:03:00,C012,Victor Nguyen,victor.nguyen12@example.com,555-010-0012,COFFEE18,Coffee Beans 1lb,4,18.00,0.00,5.76,77.76,
O-202609-0081-L01,O-202609-0081,1,2026-09-03T12:39:00,C002,James Chen,james.chen2@example.com,555-010-0002,GRANOLA11,Granola Jar,2,11.00,0.00,1.76,23.76,
O-202609-0081-L02,O-202609-0081,1,2026-09-03T12:39:00,C002,James Chen,james.chen2@example.com,555-010-0002,MUFFIN15,Muffin Box (4),3,15.00,0.00,3.60,48.60,
O-202609-0082-L01,O-202609-0082,2,2026-09-03T13:24:00,C001,Maria Lopez,maria.lopez1@example.com,555-010-0001,GRANOLA11,Granola Jar,0,11.00,0.00,0.00,0.00,
O-202609-0082-L02,O-202609-0082,1,2026-09-03T13:24:00,C001,Maria Lopez,maria.lopez1@example.com,555-010-0001,COFFEE18,Coffee Beans 1lb,1,18.00,0.00,1.44,19.44,
O-202609-0082-L03,O-202609-0082,1,2026-09-03T13:24:00,C001,Maria Lopez,maria.lopez1@example.com,555-010-0001,CROISSANT21,Croissant Box (6),3,21.00,0.00,5.04,68.04,
O-202609-0083-L01,O-202609-0083,1,2026-09-03T13:29:00,C005,Aisha Rahman,aisha.rahman5@example.com,555-010-0005,PIE32,Seasonal Pie,2,32.00,0.00,5.12,69.12,
O-202609-0083-L02,O-202609-0083,1,2026-09-03T13:29:00,C005,Aisha Rahman,aisha.rahman5@example.com,555-010-0005,COFFEE18,Coffee Beans 1lb,2,18.00,0.00,2.88,38.88,
O-202609-0084-L01,O-202609-0084,1,2026-09-03T13:43:00,C061,Ivy Grant,ivy.grant61@example.com,555-010-0061,GIFT25,$25 Gift Card,4,25.00,0.00,0.00,100.00,
O-202609-0084-L02,O-202609-0084,1,2026-09-03T13:43:00,C061,Ivy Grant,ivy.grant61@example.com,555-010-0061,GRANOLA11,Granola Jar,3,11.00,0.00,2.64,35.64,
O-202609-0084-L03,O-202609-0084,1,2026-09-03T13:43:00,C061,Ivy Grant,ivy.grant61@example.com,555-010-0061,MUFFIN15,Muffin Box (4),2,15.00,0.00,2.40,32.40,
O-202609-0085-L01,O-202609-0085,1,2026-09-03T14:38:00,C050,Omar Costa,omar.costa50@example.com,555-010-0050,COFFEE18,Coffee Beans 1lb,2,18.00,0.00,2.88,38.88,
O-202609-0085-L02,O-202609-0085,1,2026-09-03T14:38:00,C050,Omar Costa,omar.costa50@example.com,555-010-0050,PIE32,Seasonal Pie,1,32.00,4.80,2.18,29.38,
O-202609-0086-L01,O-202609-0086,1,2026-09-03T14:52:00,,,,,CAKE48,Birthday Cake,1,48.00,0.00,3.84,51.84,
O-202609-0087-L01,O-202609-0087,1,2026-09-03T15:28:00,C038,Owen Byrne,owen.byrne38@example.com,555-010-0038,CROISSANT21,Croissant Box (6),2,21.00,0.00,3.36,45.36,
O-202609-0087-L02,O-202609-0087,1,2026-09-03T15:28:00,C038,Owen Byrne,owen.byrne38@example.com,555-010-0038,BAGUETTE5,Baguette,3,5.00,0.00,1.20,16.20,
O-202609-0087-L03,O-202609-0087,1,2026-09-03T15:28:00,C038,Owen Byrne,owen.byrne38@example.com,555-010-0038,GRANOLA11,Granola Jar,1,11.00,1.10,0.79,10.69,
O-202609-0088-L01,O-202609-0088,1,2026-09-03T15:47:00,C026,Noah Evans,noah.evans26@example.com,555-010-0026,BAGUETTE5,Baguette,2,5.00,1.50,0.68,9.18,Staff to box separately
O-202609-0088-L02,O-202609-0088,1,2026-09-03T15:47:00,C026,Noah Evans,noah.evans26@example.com,555-010-0026,GRANOLA11,Granola Jar,3,11.00,0.00,2.64,35.64,
O-202609-0089-L01,O-202609-0089,1,2026-09-03T16:26:00,C008,Luis Garcia,luis.garcia8@example.com,555-010-0008,PIE32,Seasonal Pie,1,32.00,0.00,2.56,34.56,
O-202609-0089-L02,O-202609-0089,1,2026-09-03T16:26:00,C008,Luis Garcia,luis.garcia8@example.com,555-010-0008,CAKE48,Birthday Cake,1,48.00,7.20,3.26,44.06,
O-202609-0090-L01,O-202609-0090,1,2026-09-03T16:47:00,C005,Aisha Rahman,aisha.rahman5@example.com,555-010-0005,COFFEE18,Coffee Beans 1lb,1,18.00,0.00,1.44,19.44,
O-202609-0090-L02,O-202609-0090,1,2026-09-03T16:47:00,C005,Aisha Rahman,aisha.rahman5@example.com,555-010-0005,BREAD9,Sourdough Loaf,1,9.00,0.00,0.72,9.72,Slice the loaf
O-202609-0090-L03,O-202609-0090,1,2026-09-03T16:47:00,C005,Aisha Rahman,aisha.rahman5@example.com,555-010-0005,CAKE48,Birthday Cake,1,48.00,0.00,3.84,51.84,
O-202609-0091-L01,O-202609-0091,1,2026-09-03T16:47:00,C005,Aisha Rahman,aisha.rahman5@example.com,555-010-0005,GRANOLA11,Granola Jar,3,11.00,1.65,2.51,33.86,
O-202609-0091-L02,O-202609-0091,1,2026-09-03T16:47:00,C005,Aisha Rahman,aisha.rahman5@example.com,555-010-0005,BAGUETTE5,Baguette,4,5.00,2.00,1.44,19.44,
O-202609-0091-L03,O-202609-0091,1,2026-09-03T16:47:00,C005,Aisha Rahman,aisha.rahman5@example.com,555-010-0005,BREAD9,Sourdough Loaf,3,9.00,0.00,2.16,29.16,
O-202609-0092-L01,O-202609-0092,1,2026-09-03T17:35:00,C001,Maria Lopez,maria.lopez1@example.com,555-010-0001,MUFFIN15,Muffin Box (4),3,15.00,4.50,3.24,43.74,
O-202609-0092-L02,O-202609-0092,1,2026-09-03T17:35:00,C001,Maria Lopez,maria.lopez1@example.com,555-010-0001,CROISSANT21,Croissant Box (6),2,21.00,2.10,3.19,43.09,
O-202609-0093-L01,O-202609-0093,1,2026-09-03T17:54:00,C004,Daniel Okafor,daniel.okafor4@example.com,555-010-0004,CAKE48,Birthday Cake,1,48.00,0.00,3.84,51.84,
O-202609-0093-L02,O-202609-0093,1,2026-09-03T17:54:00,C004,Daniel Okafor,daniel.okafor4@example.com,555-010-0004,COOKIE12,Cookie Box (12),1,12.00,0.00,0.96,12.96,
O-202609-0094-L01,O-202609-0094,1,2026-09-03T17:59:00,C006,Tom Walsh,tom.walsh6@example.com,555-010-0006,COOKIE12,Cookie Box (12),2,12.00,0.00,1.92,25.92,
O-202609-0094-L02,O-202609-0094,1,2026-09-03T17:59:00,C006,Tom Walsh,tom.walsh6@example.com,555-010-0006,COFFEE18,Coffee Beans 1lb,2,18.00,0.00,2.88,38.88,
O-202609-0094-L03,O-202609-0094,1,2026-09-03T17:59:00,C006,Tom Walsh,tom.walsh6@example.com,555-010-0006,CAKE48,Birthday Cake,2,48.00,0.00,7.68,103.68,
O-202609-0095-L01,O-202609-0095,1,2026-09-04T07:07:00,C011,Hannah Brooks,hannah.brooks11@example.com,555-010-0011,BAGUETTE5,Baguette,2,5.00,0.00,0.80,10.80,
O-202609-0095-L02,O-202609-0095,1,2026-09-04T07:07:00,C011,Hannah Brooks,hannah.brooks11@example.com,555-010-0011,MUFFIN15,Muffin Box (4),3,15.00,6.75,3.06,41.31,Slice the loaf
O-202609-0096-L01,O-202609-0096,1,2026-09-04T07:38:00,C008,Luis Garcia,luis.garcia8@example.com,555-010-0008,BREAD9,Sourdough Loaf,1,9.00,0.00,0.72,9.72,
O-202609-0096-L02,O-202609-0096,1,2026-09-04T07:38:00,C008,Luis Garcia,luis.garcia8@example.com,555-010-0008,CROISSANT21,Croissant Box (6),4,21.00,8.40,6.05,81.65,
O-202609-0097-L01,O-202609-0097,1,2026-09-04T07:44:00,C018,Ben Fischer,ben.fischer18@example.com,555-010-0018,MUFFIN15,Muffin Box (4),4,15.00,0.00,4.80,64.80,
O-202609-0097-L02,O-202609-0097,1,2026-09-04T07:44:00,C018,Ben Fischer,ben.fischer18@example.com,555-010-0018,COOKIE12,Cookie Box (12),1,12.00,0.00,0.96,12.96,
O-202609-0097-L03,O-202609-0097,1,2026-09-04T07:44:00,C018,Ben Fischer,ben.fischer18@example.com,555-010-0018,BAGUETTE5,Baguette,1,5.00,0.00,0.40,5.40,
O-202609-0098-L01,O-202609-0098,1,2026-09-04T08:11:00,C004,Daniel Okafor,daniel.okafor4@example.com,555-010-0004,MUFFIN15,Muffin Box (4),1,15.00,2.25,1.02,13.77,
O-202609-0098-L02,O-202609-0098,1,2026-09-04T08:11:00,C004,Daniel Okafor,daniel.okafor4@example.com,555-010-0004,GRANOLA11,Granola Jar,4,11.00,0.00,3.52,47.52,
O-202609-0099-L01,O-202609-0099,1,2026-09-04T08:52:00,C049,Grace Bell,grace.bell49@example.com,555-010-0049,COOKIE12,Cookie Box (12),4,12.00,0.00,3.84,51.84,
O-202609-0100-L01,O-202609-0100,2,2026-09-04T08:55:00,C010,Omar Haddad,omar.haddad10@example.com,555-010-0010,CAKE48,Birthday Cake,0,48.00,0.00,0.00,0.00,
O-202609-0100-L02,O-202609-0100,1,2026-09-04T08:55:00,C010,Omar Haddad,omar.haddad10@example.com,555-010-0010,COOKIE12,Cookie Box (12),4,12.00,0.00,3.84,51.84,
O-202609-0101-L01,O-202609-0101,1,2026-09-04T09:04:00,C032,Diego Ramos,diego.ramos32@example.com,555-010-0032,CROISSANT21,Croissant Box (6),3,21.00,0.00,5.04,68.04,
O-202609-0102-L01,O-202609-0102,1,2026-09-04T09:10:00,,,,,CAKE48,Birthday Cake,1,48.00,0.00,3.84,51.84,
O-202609-0102-L02,O-202609-0102,1,2026-09-04T09:10:00,,,,,CATER120,Catering Tray,1,120.00,6.00,9.12,123.12,Repeat weekly order
O-202609-0103-L01,O-202609-0103,1,2026-09-04T09:29:00,C001,Maria Lopez,maria.lopez1@example.com,555-010-0001,CATER120,Catering Tray,1,120.00,0.00,9.60,129.60,
O-202609-0104-L01,O-202609-0104,1,2026-09-04T10:08:00,C007,Keiko Tanaka,keiko.tanaka7@example.com,555-010-0007,GIFT25,$25 Gift Card,4,25.00,0.00,0.00,100.00,
O-202609-0105-L01,O-202609-0105,1,2026-09-04T10:09:00,C009,Grace Kim,grace.kim9@example.com,555-010-0009,COOKIE12,Cookie Box (12),3,12.00,0.00,2.88,38.88,
O-202609-0105-L02,O-202609-0105,1,2026-09-04T10:09:00,C009,Grace Kim,grace.kim9@example.com,555-010-0009,CAKE48,Birthday Cake,1,48.00,0.00,3.84,51.84,
O-202609-0106-L01,O-202609-0106,1,2026-09-04T11:34:00,C026,Noah Evans,noah.evans26@example.com,555-010-0026,CROISSANT21,Croissant Box (6),1,21.00,2.10,1.51,20.41,Loyalty card CL-0026 scanned
O-202609-0106-L02,O-202609-0106,1,2026-09-04T11:34:00,C026,Noah Evans,noah.evans26@example.com,555-010-0026,MUFFIN15,Muffin Box (4),2,15.00,0.00,2.40,32.40,
O-202609-0107-L01,O-202609-0107,1,2026-09-04T11:42:00,,,,,BAGUETTE5,Baguette,3,5.00,2.25,1.02,13.77,
O-202609-0107-L02,O-202609-0107,1,2026-09-04T11:42:00,,,,,COOKIE12,Cookie Box (12),1,12.00,0.00,0.96,12.96,
O-202609-0108-L01,O-202609-0108,1,2026-09-04T12:02:00,C003,Priya Patel,priya.patel3@example.com,555-010-0003,MUFFIN15,Muffin Box (4),2,15.00,3.00,2.16,29.16,
O-202609-0108-L02,O-202609-0108,1,2026-09-04T12:02:00,C003,Priya Patel,priya.patel3@example.com,555-010-0003,COFFEE18,Coffee Beans 1lb,2,18.00,0.00,2.88,38.88,
O-202609-0108-L03,O-202609-0108,1,2026-09-04T12:02:00,C003,Priya Patel,priya.patel3@example.com,555-010-0003,BREAD9,Sourdough Loaf,3,9.00,0.00,2.16,29.16,
O-202609-0109-L01,O-202609-0109,1,2026-09-04T12:03:00,C011,Hannah Brooks,hannah.brooks11@example.com,555-010-0011,GRANOLA11,Granola Jar,4,11.00,6.60,2.99,40.39,
O-202609-0109-L02,O-202609-0109,1,2026-09-04T12:03:00,C011,Hannah Brooks,hannah.brooks11@example.com,555-010-0011,BAGUETTE5,Baguette,3,5.00,2.25,1.02,13.77,
O-202609-0110-L01,O-202609-0110,1,2026-09-04T12:57:00,C034,Samir Shah,samir.shah34@example.com,555-010-0034,CATER120,Catering Tray,1,120.00,18.00,8.16,110.16,
O-202609-0110-L02,O-202609-0110,1,2026-09-04T12:57:00,C034,Samir Shah,samir.shah34@example.com,555-010-0034,BREAD9,Sourdough Loaf,4,9.00,0.00,2.88,38.88,
O-202609-0110-L03,O-202609-0110,1,2026-09-04T12:57:00,C034,Samir Shah,samir.shah34@example.com,555-010-0034,COOKIE12,Cookie Box (12),4,12.00,2.40,3.65,49.25,No nuts please
O-202609-0110-L04,O-202609-0110,1,2026-09-04T12:57:00,C034,Samir Shah,samir.shah34@example.com,555-010-0034,CROISSANT21,Croissant Box (6),1,21.00,0.00,1.68,22.68,
O-202609-0111-L01,O-202609-0111,1,2026-09-04T13:01:00,C011,Hannah Brooks,hannah.brooks11@example.com,555-010-0011,CATER120,Catering Tray,1,120.00,18.00,8.16,110.16,
O-202609-0112-L01,O-202609-0112,1,2026-09-04T13:08:00,C010,Omar Haddad,omar.haddad10@example.com,555-010-0010,MUFFIN15,Muffin Box (4),4,15.00,3.00,4.56,61.56,
O-202609-0113-L01,O-202609-0113,1,2026-09-04T13:09:00,C001,Maria Lopez,maria.lopez1@example.com,555-010-0001,COFFEE18,Coffee Beans 1lb,3,18.00,0.00,4.32,58.32,
O-202609-0113-L02,O-202609-0113,1,2026-09-04T13:09:00,C001,Maria Lopez,maria.lopez1@example.com,555-010-0001,BAGUETTE5,Baguette,4,5.00,2.00,1.44,19.44,
O-202609-0114-L01,O-202609-0114,1,2026-09-04T13:50:00,C017,Sofia Costa,sofia.costa17@example.com,555-010-0017,GRANOLA11,Granola Jar,3,11.00,0.00,2.64,35.64,
O-202609-0114-L02,O-202609-0114,1,2026-09-04T13:50:00,C017,Sofia Costa,sofia.costa17@example.com,555-010-0017,BAGUETTE5,Baguette,4,5.00,0.00,1.60,21.60,
O-202609-0115-L01,O-202609-0115,1,2026-09-04T14:28:00,C065,Zara Ramos,zara.ramos65@example.com,555-010-0065,COFFEE18,Coffee Beans 1lb,4,18.00,0.00,5.76,77.76,
O-202609-0115-L02,O-202609-0115,1,2026-09-04T14:28:00,C065,Zara Ramos,zara.ramos65@example.com,555-010-0065,GRANOLA11,Granola Jar,2,11.00,0.00,1.76,23.76,
O-202609-0116-L01,O-202609-0116,1,2026-09-04T14:47:00,C079,Lucia Walsh,lucia.walsh79@example.com,555-010-0079,CAKE48,Birthday Cake,2,48.00,0.00,7.68,103.68,Write 'Happy 40th'
O-202609-0116-L02,O-202609-0116,1,2026-09-04T14:47:00,C079,Lucia Walsh,lucia.walsh79@example.com,555-010-0079,BREAD9,Sourdough Loaf,2,9.00,2.70,1.22,16.52,
O-202609-0117-L01,O-202609-0117,1,2026-09-04T14:56:00,C007,Keiko Tanaka,keiko.tanaka7@example.com,555-010-0007,GRANOLA11,Granola Jar,2,11.00,0.00,1.76,23.76,
O-202609-0118-L01,O-202609-0118,1,2026-09-04T15:13:00,C053,Nina Moreau,nina.moreau53@example.com,555-010-0053,MUFFIN15,Muffin Box (4),2,15.00,0.00,2.40,32.40,
O-202609-0118-L02,O-202609-0118,1,2026-09-04T15:13:00,C053,Nina Moreau,nina.moreau53@example.com,555-010-0053,COFFEE18,Coffee Beans 1lb,4,18.00,0.00,5.76,77.76,
O-202609-0118-L03,O-202609-0118,1,2026-09-04T15:13:00,C053,Nina Moreau,nina.moreau53@example.com,555-010-0053,CATER120,Catering Tray,1,120.00,6.00,9.12,123.12,
O-202609-0118-L04,O-202609-0118,1,2026-09-04T15:13:00,C053,Nina Moreau,nina.moreau53@example.com,555-010-0053,CROISSANT21,Croissant Box (6),3,21.00,9.45,4.28,57.83,
O-202609-0119-L01,O-202609-0119,1,2026-09-04T15:14:00,C030,Ethan Wright,ethan.wright30@example.com,555-010-0030,GRANOLA11,Granola Jar,3,11.00,0.00,2.64,35.64,
O-202609-0120-L01,O-202609-0120,1,2026-09-04T15:14:00,C005,Aisha Rahman,aisha.rahman5@example.com,555-010-0005,COOKIE12,Cookie Box (12),3,12.00,0.00,2.88,38.88,
O-202609-0120-L02,O-202609-0120,1,2026-09-04T15:14:00,C005,Aisha Rahman,aisha.rahman5@example.com,555-010-0005,PIE32,Seasonal Pie,2,32.00,0.00,5.12,69.12,
O-202609-0120-L03,O-202609-0120,1,2026-09-04T15:14:00,C005,Aisha Rahman,aisha.rahman5@example.com,555-010-0005,GRANOLA11,Granola Jar,4,11.00,0.00,3.52,47.52,
O-202609-0121-L01,O-202609-0121,1,2026-09-04T15:19:00,C010,Omar Haddad,omar.haddad10@example.com,555-010-0010,COFFEE18,Coffee Beans 1lb,3,18.00,5.40,3.89,52.49,Loyalty card CL-0010 scanned
O-202609-0121-L02,O-202609-0121,1,2026-09-04T15:19:00,C010,Omar Haddad,omar.haddad10@example.com,555-010-0010,BAGUETTE5,Baguette,3,5.00,2.25,1.02,13.77,
O-202609-0121-L03,O-202609-0121,1,2026-09-04T15:19:00,C010,Omar Haddad,omar.haddad10@example.com,555-010-0010,MUFFIN15,Muffin Box (4),2,15.00,0.00,2.40,32.40,
O-202609-0122-L01,O-202609-0122,1,2026-09-04T15:24:00,,James Chen,james.chen2@exmaple.com,(555) 010-0002,CROISSANT21,Croissant Box (6),2,21.00,2.10,3.19,43.09,
O-202609-0122-L02,O-202609-0122,1,2026-09-04T15:24:00,,James Chen,james.chen2@exmaple.com,(555) 010-0002,CAKE48,Birthday Cake,2,48.00,0.00,7.68,103.68,
O-202609-0123-L01,O-202609-0123,1,2026-09-04T16:41:00,C010,Omar Haddad,omar.haddad10@example.com,555-010-0010,CROISSANT21,Croissant Box (6),1,21.00,0.00,1.68,22.68,
O-202609-0124-L01,O-202609-0124,1,2026-09-04T16:42:00,C004,Daniel Okafor,daniel.okafor4@example.com,555-010-0004,BAGUETTE5,Baguette,1,5.00,0.00,0.40,5.40,
O-202609-0124-L02,O-202609-0124,1,2026-09-04T16:42:00,C004,Daniel Okafor,daniel.okafor4@example.com,555-010-0004,COFFEE18,Coffee Beans 1lb,1,18.00,0.00,1.44,19.44,
O-202609-0124-L03,O-202609-0124,1,2026-09-04T16:42:00,C004,Daniel Okafor,daniel.okafor4@example.com,555-010-0004,GRANOLA11,Granola Jar,4,11.00,0.00,3.52,47.52,
O-202609-0125-L01,O-202609-0125,1,2026-09-04T16:49:00,C001,Maria Lopez,maria.lopez1@example.com,555-010-0001,BAGUETTE5,Baguette,3,5.00,1.50,1.08,14.58,
O-202609-0125-L02,O-202609-0125,1,2026-09-04T16:49:00,C001,Maria Lopez,maria.lopez1@example.com,555-010-0001,COFFEE18,Coffee Beans 1lb,1,18.00,2.70,1.22,16.52,
O-202609-0125-L03,O-202609-0125,1,2026-09-04T16:49:00,C001,Maria Lopez,maria.lopez1@example.com,555-010-0001,CATER120,Catering Tray,1,120.00,0.00,9.60,129.60,
O-202609-0126-L01,O-202609-0126,1,2026-09-04T17:33:00,C060,Leo Dubois,leo.dubois60@example.com,555-010-0060,MUFFIN15,Muffin Box (4),1,15.00,0.00,1.20,16.20,
O-202609-0126-L02,O-202609-0126,1,2026-09-04T17:33:00,C060,Leo Dubois,leo.dubois60@example.com,555-010-0060,CAKE48,Birthday Cake,1,48.00,4.80,3.46,46.66,
O-202609-0127-L01,O-202609-0127,1,2026-09-04T17:40:00,C002,James Chen,james.chen2@example.com,555-010-0002,PIE32,Seasonal Pie,1,32.00,0.00,2.56,34.56,
O-202609-0127-L02,O-202609-0127,1,2026-09-04T17:40:00,C002,James Chen,james.chen2@example.com,555-010-0002,GRANOLA11,Granola Jar,4,11.00,0.00,3.52,47.52,
O-202609-0128-L01,O-202609-0128,1,2026-09-05T07:12:00,C032,Diego Ramos,diego.ramos32@example.com,555-010-0032,COFFEE18,Coffee Beans 1lb,3,18.00,0.00,4.32,58.32,Loyalty card CL-0032 scanned
O-202609-0128-L02,O-202609-0128,1,2026-09-05T07:12:00,C032,Diego Ramos,diego.ramos32@example.com,555-010-0032,CAKE48,Birthday Cake,2,48.00,0.00,7.68,103.68,
O-202609-0129-L01,O-202609-0129,1,2026-09-05T07:53:00,C013,Nina Petrov,nina.petrov13@example.com,555-010-0013,GRANOLA11,Granola Jar,1,11.00,0.00,0.88,11.88,
O-202609-0129-L02,O-202609-0129,1,2026-09-05T07:53:00,C013,Nina Petrov,nina.petrov13@example.com,555-010-0013,CATER120,Catering Tray,2,120.00,0.00,19.20,259.20,
O-202609-0130-L01,O-202609-0130,1,2026-09-05T08:09:00,C011,Hannah Brooks,hannah.brooks11@example.com,555-010-0011,GRANOLA11,Granola Jar,2,11.00,3.30,1.50,20.20,
O-202609-0130-L02,O-202609-0130,1,2026-09-05T08:09:00,C011,Hannah Brooks,hannah.brooks11@example.com,555-010-0011,MUFFIN15,Muffin Box (4),1,15.00,0.00,1.20,16.20,
O-202609-0131-L01,O-202609-0131,1,2026-09-05T08:29:00,C039,Lucia Sato,lucia.sato39@example.com,555-010-0039,MUFFIN15,Muffin Box (4),1,15.00,1.50,1.08,14.58,
O-202609-0131-L02,O-202609-0131,1,2026-09-05T08:29:00,C039,Lucia Sato,lucia.sato39@example.com,555-010-0039,CATER120,Catering Tray,1,120.00,12.00,8.64,116.64,
O-202609-0132-L01,O-202609-0132,1,2026-09-05T08:47:00,C031,Mei Liu,mei.liu31@example.com,555-010-0031,MUFFIN15,Muffin Box (4),4,15.00,0.00,4.80,64.80,
O-202609-0132-L02,O-202609-0132,1,2026-09-05T08:47:00,C031,Mei Liu,mei.liu31@example.com,555-010-0031,COFFEE18,Coffee Beans 1lb,3,18.00,8.10,3.67,49.57,
O-202609-0133-L01,O-202609-0133,1,2026-09-05T09:34:00,C019,Fatima Ali,fatima.ali19@example.com,555-010-0019,BREAD9,Sourdough Loaf,2,9.00,0.00,1.44,19.44,
O-202609-0133-L02,O-202609-0133,1,2026-09-05T09:34:00,C019,Fatima Ali,fatima.ali19@example.com,555-010-0019,CAKE48,Birthday Cake,1,48.00,7.20,3.26,44.06,
O-202609-0133-L03,O-202609-0133,1,2026-09-05T09:34:00,C019,Fatima Ali,fatima.ali19@example.com,555-010-0019,BAGUETTE5,Baguette,2,5.00,0.50,0.76,10.26,
O-202609-0753-L01,O-202609-0753,1,2026-09-23T14:47:00,C002,James Chen,james.chen2@example.com,555-010-0002,COOKIE12,Cookie Box (12),3,12.00,1.80,2.74,36.94,
O-202609-0134-L01,O-202609-0134,1,2026-09-05T10:30:00,C061,Ivy Grant,ivy.grant61@example.com,555-010-0061,CROISSANT21,Croissant Box (6),3,21.00,0.00,5.04,68.04,
O-202609-0134-L02,O-202609-0134,1,2026-09-05T10:30:00,C061,Ivy Grant,ivy.grant61@example.com,555-010-0061,MUFFIN15,Muffin Box (4),3,15.00,0.00,3.60,48.60,
O-202609-0134-L03,O-202609-0134,1,2026-09-05T10:30:00,C061,Ivy Grant,ivy.grant61@example.com,555-010-0061,COFFEE18,Coffee Beans 1lb,1,18.00,2.70,1.22,16.52,
O-202609-0134-L04,O-202609-0134,1,2026-09-05T10:30:00,C061,Ivy Grant,ivy.grant61@example.com,555-010-0061,GRANOLA11,Granola Jar,2,11.00,0.00,1.76,23.76,
O-202609-0135-L01,O-202609-0135,1,2026-09-05T10:55:00,C003,Priya Patel,priya.patel3@example.com,555-010-0003,BAGUETTE5,Baguette,2,5.00,0.00,0.80,10.80,
O-202609-0136-L01,O-202609-0136,1,2026-09-05T11:20:00,C003,Priya Patel,priya.patel3@example.com,555-010-0003,CROISSANT21,Croissant Box (6),2,21.00,0.00,3.36,45.36,
O-202609-0137-L01,O-202609-0137,1,2026-09-05T12:10:00,C010,Omar Haddad,omar.haddad10@example.com,555-010-0010,PIE32,Seasonal Pie,1,32.00,4.80,2.18,29.38,
O-202609-0137-L02,O-202609-0137,1,2026-09-05T12:10:00,C010,Omar Haddad,omar.haddad10@example.com,555-010-0010,COOKIE12,Cookie Box (12),3,12.00,0.00,2.88,38.88,
O-202609-0138-L01,O-202609-0138,1,2026-09-05T12:51:00,C069,Rosa Larsen,rosa.larsen69@example.com,555-010-0069,CROISSANT21,Croissant Box (6),2,21.00,0.00,3.36,45.36,
O-202609-0138-L02,O-202609-0138,1,2026-09-05T12:51:00,C069,Rosa Larsen,rosa.larsen69@example.com,555-010-0069,CATER120,Catering Tray,2,120.00,0.00,19.20,259.20,
O-202609-0743-L01,O-202609-0743,1,2026-09-23T12:24:00,C002,James Chen,james.chen2@example.com,555-010-0002,CATER120,Catering Tray,1,120.00,0.00,9.60,129.60,
O-202609-0138-L03,O-202609-0138,1,2026-09-05T12:51:00,C069,Rosa Larsen,rosa.larsen69@example.com,555-010-0069,BREAD9,Sourdough Loaf,2,9.00,2.70,1.22,16.52,
O-202609-0139-L01,O-202609-0139,1,2026-09-05T13:14:00,C001,Maria Lopez,maria.lopez1@example.com,555-010-0001,COFFEE18,Coffee Beans 1lb,1,18.00,1.80,1.30,17.50,
O-202609-0140-L01,O-202609-0140,1,2026-09-05T13:33:00,,,,,GRANOLA11,Granola Jar,1,11.00,0.00,0.88,11.88,
O-202609-0141-L01,O-202609-0141,1,2026-09-05T13:40:00,,,,,BAGUETTE5,Baguette,4,5.00,3.00,1.36,18.36,
O-202609-0141-L02,O-202609-0141,1,2026-09-05T13:40:00,,,,,COFFEE18,Coffee Beans 1lb,1,18.00,0.00,1.44,19.44,Pre-order
O-202609-0141-L03,O-202609-0141,1,2026-09-05T13:40:00,,,,,MUFFIN15,Muffin Box (4),4,15.00,0.00,4.80,64.80,
O-202609-0142-L01,O-202609-0142,1,2026-09-05T14:10:00,C007,Keiko Tanaka,keiko.tanaka7@example.com,555-010-0007,COOKIE12,Cookie Box (12),3,12.00,5.40,2.45,33.05,
O-202609-0142-L02,O-202609-0142,1,2026-09-05T14:10:00,C007,Keiko Tanaka,keiko.tanaka7@example.com,555-010-0007,CAKE48,Birthday Cake,2,48.00,14.40,6.53,88.13,
O-202609-0143-L01,O-202609-0143,1,2026-09-05T14:35:00,,,,,COOKIE12,Cookie Box (12),1,12.00,0.00,0.96,12.96,
O-202609-0143-L02,O-202609-0143,1,2026-09-05T14:35:00,,,,,GRANOLA11,Granola Jar,1,11.00,0.00,0.88,11.88,
O-202609-0143-L03,O-202609-0143,1,2026-09-05T14:35:00,,,,,CATER120,Catering Tray,2,120.00,0.00,19.20,259.20,
O-202609-0144-L01,O-202609-0144,1,2026-09-05T15:09:00,C002,James Chen,james.chen2@example.com,555-010-0002,CROISSANT21,Croissant Box (6),3,21.00,9.45,4.28,57.83,
O-202609-0144-L02,O-202609-0144,1,2026-09-05T15:09:00,C002,James Chen,james.chen2@example.com,555-010-0002,CATER120,Catering Tray,1,120.00,12.00,8.64,116.64,
O-202609-0144-L03,O-202609-0144,1,2026-09-05T15:09:00,C002,James Chen,james.chen2@example.com,555-010-0002,BREAD9,Sourdough Loaf,1,9.00,0.00,0.72,9.72,
O-202609-0145-L01,O-202609-0145,1,2026-09-05T15:21:00,,,,,MUFFIN15,Muffin Box (4),4,15.00,0.00,4.80,64.80,Loyalty card CL-0029 scanned
O-202609-0145-L02,O-202609-0145,1,2026-09-05T15:21:00,,,,,PIE32,Seasonal Pie,1,32.00,0.00,2.56,34.56,Loyalty card CL-0029 scanned
O-202609-0145-L03,O-202609-0145,1,2026-09-05T15:21:00,,,,,CROISSANT21,Croissant Box (6),1,21.00,3.15,1.43,19.28,Loyalty card CL-0029 scanned
O-202609-0146-L01,O-202609-0146,1,2026-09-05T15:57:00,C032,Diego Ramos,diego.ramos32@example.com,555-010-0032,CATER120,Catering Tray,1,120.00,0.00,9.60,129.60,
O-202609-0146-L02,O-202609-0146,1,2026-09-05T15:57:00,C032,Diego Ramos,diego.ramos32@example.com,555-010-0032,CROISSANT21,Croissant Box (6),2,21.00,6.30,2.86,38.56,
O-202609-0147-L01,O-202609-0147,1,2026-09-05T16:06:00,,,,,COOKIE12,Cookie Box (12),3,12.00,0.00,2.88,38.88,
O-202609-0147-L02,O-202609-0147,1,2026-09-05T16:06:00,,,,,MUFFIN15,Muffin Box (4),4,15.00,0.00,4.80,64.80,Write 'Happy 40th'
O-202609-0147-L03,O-202609-0147,1,2026-09-05T16:06:00,,,,,CAKE48,Birthday Cake,2,48.00,0.00,7.68,103.68,Birthday pickup
O-202609-0147-L04,O-202609-0147,1,2026-09-05T16:06:00,,,,,BAGUETTE5,Baguette,3,5.00,0.00,1.20,16.20,
O-202609-0148-L01,O-202609-0148,1,2026-09-05T16:45:00,C002,James Chen,james.chen2@example.com,555-010-0002,COOKIE12,Cookie Box (12),4,12.00,7.20,3.26,44.06,
O-202609-0149-L01,O-202609-0149,1,2026-09-05T16:47:00,,,,,BREAD9,Sourdough Loaf,4,9.00,0.00,2.88,38.88,Loyalty card CL-0009 scanned
O-202609-0149-L02,O-202609-0149,1,2026-09-05T16:47:00,,,,,CROISSANT21,Croissant Box (6),3,21.00,0.00,5.04,68.04,Loyalty card CL-0009 scanned
O-202609-0149-L03,O-202609-0149,1,2026-09-05T16:47:00,,,,,CAKE48,Birthday Cake,2,48.00,9.60,6.91,93.31,Loyalty card CL-0009 scanned
O-202609-0150-L01,O-202609-0150,1,2026-09-05T17:37:00,,,,,COOKIE12,Cookie Box (12),3,12.00,0.00,2.88,38.88,Slice the loaf
O-202609-0150-L02,O-202609-0150,1,2026-09-05T17:37:00,,,,,BAGUETTE5,Baguette,4,5.00,3.00,1.36,18.36,
O-202609-0151-L01,O-202609-0151,1,2026-09-05T17:50:00,C055,Elena Silva,elena.silva55@example.com,555-010-0055,BREAD9,Sourdough Loaf,1,9.00,0.00,0.72,9.72,Write 'Happy 40th'
O-202609-0151-L02,O-202609-0151,1,2026-09-05T17:50:00,C055,Elena Silva,elena.silva55@example.com,555-010-0055,CATER120,Catering Tray,1,120.00,0.00,9.60,129.60,
O-202609-0152-L01,O-202609-0152,1,2026-09-06T07:07:00,C001,Maria Lopez,maria.lopez1@example.com,555-010-0001,BAGUETTE5,Baguette,4,5.00,0.00,1.60,21.60,
O-202609-0152-L02,O-202609-0152,1,2026-09-06T07:07:00,C001,Maria Lopez,maria.lopez1@example.com,555-010-0001,MUFFIN15,Muffin Box (4),1,15.00,0.00,1.20,16.20,
O-202609-0152-L03,O-202609-0152,1,2026-09-06T07:07:00,C001,Maria Lopez,maria.lopez1@example.com,555-010-0001,CROISSANT21,Croissant Box (6),1,21.00,0.00,1.68,22.68,
O-202609-0153-L01,O-202609-0153,1,2026-09-06T07:27:00,C021,Ivy Reed,ivy.reed21@example.com,555-010-0021,CAKE48,Birthday Cake,2,48.00,9.60,6.91,93.31,
O-202609-0154-L01,O-202609-0154,1,2026-09-06T07:30:00,,,,,BAGUETTE5,Baguette,1,5.00,0.00,0.40,5.40,No nuts please
O-202609-0155-L01,O-202609-0155,1,2026-09-06T07:33:00,C016,Marcus Bell,marcus.bell16@example.com,555-010-0016,BAGUETTE5,Baguette,1,5.00,0.50,0.36,4.86,
O-202609-0155-L02,O-202609-0155,1,2026-09-06T07:33:00,C016,Marcus Bell,marcus.bell16@example.com,555-010-0016,GRANOLA11,Granola Jar,1,11.00,0.00,0.88,11.88,
O-202609-0155-L03,O-202609-0155,1,2026-09-06T07:33:00,C016,Marcus Bell,marcus.bell16@example.com,555-010-0016,CROISSANT21,Croissant Box (6),4,21.00,0.00,6.72,90.72,
O-202609-0156-L01,O-202609-0156,1,2026-09-06T07:44:00,C029,Rosa Mendes,rosa.mendes29@example.com,555-010-0029,BREAD9,Sourdough Loaf,2,9.00,1.80,1.30,17.50,
O-202609-0156-L02,O-202609-0156,1,2026-09-06T07:44:00,C029,Rosa Mendes,rosa.mendes29@example.com,555-010-0029,CROISSANT21,Croissant Box (6),1,21.00,0.00,1.68,22.68,
O-202609-0156-L03,O-202609-0156,1,2026-09-06T07:44:00,C029,Rosa Mendes,rosa.mendes29@example.com,555-010-0029,COFFEE18,Coffee Beans 1lb,2,18.00,0.00,2.88,38.88,
O-202609-0157-L01,O-202609-0157,1,2026-09-06T08:07:00,C010,Omar Haddad,omar.haddad10@example.com,555-010-0010,PIE32,Seasonal Pie,1,32.00,0.00,2.56,34.56,
O-202609-0158-L01,O-202609-0158,1,2026-09-06T08:22:00,C062,Carlos Mendes,carlos.mendes62@example.com,555-010-0062,PIE32,Seasonal Pie,1,32.00,0.00,2.56,34.56,
O-202609-0158-L02,O-202609-0158,1,2026-09-06T08:22:00,C062,Carlos Mendes,carlos.mendes62@example.com,555-010-0062,COOKIE12,Cookie Box (12),1,12.00,0.00,0.96,12.96,
O-202609-0158-L03,O-202609-0158,1,2026-09-06T08:22:00,C062,Carlos Mendes,carlos.mendes62@example.com,555-010-0062,BREAD9,Sourdough Loaf,4,9.00,0.00,2.88,38.88,
O-202609-0158-L04,O-202609-0158,1,2026-09-06T08:22:00,C062,Carlos Mendes,carlos.mendes62@example.com,555-010-0062,CATER120,Catering Tray,2,120.00,0.00,19.20,259.20,
O-202609-0159-L01,O-202609-0159,1,2026-09-06T08:24:00,C076,Felix Patel,felix.patel76@example.com,555-010-0076,GRANOLA11,Granola Jar,1,11.00,0.00,0.88,11.88,
O-202609-0159-L02,O-202609-0159,1,2026-09-06T08:24:00,C076,Felix Patel,felix.patel76@example.com,555-010-0076,COOKIE12,Cookie Box (12),3,12.00,0.00,2.88,38.88,
O-202609-0160-L01,O-202609-0160,1,2026-09-06T08:25:00,C003,Priya Patel,priya.patel3@example.com,555-010-0003,COOKIE12,Cookie Box (12),2,12.00,0.00,1.92,25.92,
O-202609-0160-L02,O-202609-0160,1,2026-09-06T08:25:00,C003,Priya Patel,priya.patel3@example.com,555-010-0003,CAKE48,Birthday Cake,2,48.00,0.00,7.68,103.68,
O-202609-0161-L01,O-202609-0161,1,2026-09-06T08:36:00,C010,Omar Haddad,omar.haddad10@example.com,555-010-0010,PIE32,Seasonal Pie,2,32.00,9.60,4.35,58.75,
O-202609-0161-L02,O-202609-0161,1,2026-09-06T08:36:00,C010,Omar Haddad,omar.haddad10@example.com,555-010-0010,BREAD9,Sourdough Loaf,2,9.00,0.00,1.44,19.44,
O-202609-0161-L03,O-202609-0161,1,2026-09-06T08:36:00,C010,Omar Haddad,omar.haddad10@example.com,555-010-0010,MUFFIN15,Muffin Box (4),2,15.00,0.00,2.40,32.40,
O-202609-0162-L01,O-202609-0162,1,2026-09-06T08:51:00,,,,,GRANOLA11,Granola Jar,1,11.00,0.55,0.84,11.29,Birthday pickup
O-202609-0163-L01,O-202609-0163,1,2026-09-06T09:04:00,C004,Daniel Okafor,daniel.okafor4@example.com,555-010-0004,CATER120,Catering Tray,1,120.00,0.00,9.60,129.60,
O-202609-0163-L02,O-202609-0163,1,2026-09-06T09:04:00,C004,Daniel Okafor,daniel.okafor4@example.com,555-010-0004,COOKIE12,Cookie Box (12),2,12.00,1.20,1.82,24.62,
O-202609-0163-L03,O-202609-0163,1,2026-09-06T09:04:00,C004,Daniel Okafor,daniel.okafor4@example.com,555-010-0004,CROISSANT21,Croissant Box (6),2,21.00,0.00,3.36,45.36,
O-202609-0164-L01,O-202609-0164,1,2026-09-06T10:43:00,C008,Luis Garcia,luis.garcia8@example.com,555-010-0008,COOKIE12,Cookie Box (12),3,12.00,0.00,2.88,38.88,
O-202609-0165-L01,O-202609-0165,1,2026-09-06T11:04:00,C063,Kim Nguyen,nguyen.home@example.com,555-010-6300,BREAD9,Sourdough Loaf,1,9.00,0.00,0.72,9.72,
O-202609-0165-L02,O-202609-0165,1,2026-09-06T11:04:00,C063,Kim Nguyen,nguyen.home@example.com,555-010-6300,CAKE48,Birthday Cake,1,48.00,7.20,3.26,44.06,
O-202609-0165-L03,O-202609-0165,1,2026-09-06T11:04:00,C063,Kim Nguyen,nguyen.home@example.com,555-010-6300,GRANOLA11,Granola Jar,2,11.00,2.20,1.58,21.38,
O-202609-0166-L01,O-202609-0166,1,2026-09-06T11:13:00,C001,Maria Lopez,maria.lopez1@example.com,555-010-0001,MUFFIN15,Muffin Box (4),1,15.00,0.75,1.14,15.39,Gift wrap
O-202609-0456-L01,O-202609-0456,2,2026-09-14T16:40:00,C010,Omar Haddad,omar.haddad10@example.com,555-010-0010,CROISSANT21,Croissant Box (6),5,21.00,0.00,8.40,113.40,
O-202609-0166-L02,O-202609-0166,1,2026-09-06T11:13:00,C001,Maria Lopez,maria.lopez1@example.com,555-010-0001,PIE32,Seasonal Pie,2,32.00,3.20,4.86,65.66,Write 'Happy 40th'
O-202609-0166-L03,O-202609-0166,1,2026-09-06T11:13:00,C001,Maria Lopez,maria.lopez1@example.com,555-010-0001,CATER120,Catering Tray,1,120.00,0.00,9.60,129.60,
O-202609-0167-L01,O-202609-0167,1,2026-09-06T11:16:00,C078,Owen Rahman,owen.rahman78@example.com,555-010-0078,CATER120,Catering Tray,2,120.00,0.00,19.20,259.20,
O-202609-0168-L01,O-202609-0168,1,2026-09-06T11:37:00,C013,Nina Petrov,nina.petrov13@example.com,555-010-0013,GRANOLA11,Granola Jar,3,11.00,0.00,2.64,35.64,
O-202609-0168-L02,O-202609-0168,1,2026-09-06T11:37:00,C013,Nina Petrov,nina.petrov13@example.com,555-010-0013,COOKIE12,Cookie Box (12),4,12.00,0.00,3.84,51.84,
O-202609-0169-L01,O-202609-0169,1,2026-09-06T11:45:00,C004,Daniel Okafor,daniel.okafor4@example.com,555-010-0004,PIE32,Seasonal Pie,1,32.00,0.00,2.56,34.56,
O-202609-0169-L02,O-202609-0169,1,2026-09-06T11:45:00,C004,Daniel Okafor,daniel.okafor4@example.com,555-010-0004,BAGUETTE5,Baguette,1,5.00,0.00,0.40,5.40,Call on arrival
O-202609-0170-L01,O-202609-0170,1,2026-09-06T11:57:00,C012,Victor Nguyen,victor.nguyen12@example.com,555-010-0012,PIE32,Seasonal Pie,1,32.00,0.00,2.56,34.56,
O-202609-0171-L01,O-202609-0171,3,2026-09-06T12:03:00,C065,Zara Ramos,zara.ramos65@example.com,555-010-0065,PIE32,Seasonal Pie,1,32.00,0.00,2.56,34.56,Pre-order
O-202609-0171-L02,O-202609-0171,1,2026-09-06T12:03:00,C065,Zara Ramos,zara.ramos65@example.com,555-010-0065,BAGUETTE5,Baguette,2,5.00,1.50,0.68,9.18,
O-202609-0172-L01,O-202609-0172,1,2026-09-06T12:11:00,C074,Samir Lopez,samir.lopez74@example.com,555-010-0074,COFFEE18,Coffee Beans 1lb,2,18.00,5.40,2.45,33.05,
O-202609-0172-L02,O-202609-0172,1,2026-09-06T12:11:00,C074,Samir Lopez,samir.lopez74@example.com,555-010-0074,CAKE48,Birthday Cake,1,48.00,7.20,3.26,44.06,
O-202609-0173-L01,O-202609-0173,1,2026-09-06T12:33:00,C012,Victor Nguyen,victor.nguyen12@example.com,555-010-0012,MUFFIN15,Muffin Box (4),2,15.00,0.00,2.40,32.40,
O-202609-0173-L02,O-202609-0173,1,2026-09-06T12:33:00,C012,Victor Nguyen,victor.nguyen12@example.com,555-010-0012,COFFEE18,Coffee Beans 1lb,1,18.00,0.90,1.37,18.47,
O-202609-0174-L01,O-202609-0174,1,2026-09-06T12:45:00,,A. Morgan,morgan.household@example.com,555-010-1400,COOKIE12,Cookie Box (12),3,12.00,1.80,2.74,36.94,
O-202609-0174-L02,O-202609-0174,1,2026-09-06T12:45:00,,A. Morgan,morgan.household@example.com,555-010-1400,GRANOLA11,Granola Jar,2,11.00,0.00,1.76,23.76,
O-202609-0174-L03,O-202609-0174,1,2026-09-06T12:45:00,,A. Morgan,morgan.household@example.com,555-010-1400,BREAD9,Sourdough Loaf,2,9.00,0.00,1.44,19.44,No nuts please
O-202609-0175-L01,O-202609-0175,1,2026-09-06T12:52:00,C010,Omar Haddad,omar.haddad10@example.com,555-010-0010,BAGUETTE5,Baguette,4,5.00,0.00,1.60,21.60,
O-202609-0175-L02,O-202609-0175,1,2026-09-06T12:52:00,C010,Omar Haddad,omar.haddad10@example.com,555-010-0010,CROISSANT21,Croissant Box (6),3,21.00,0.00,5.04,68.04,Gift wrap
O-202609-0175-L03,O-202609-0175,1,2026-09-06T12:52:00,C010,Omar Haddad,omar.haddad10@example.com,555-010-0010,PIE32,Seasonal Pie,1,32.00,1.60,2.43,32.83,
O-202609-0176-L01,O-202609-0176,1,2026-09-06T13:21:00,C013,Nina Petrov,nina.petrov13@example.com,555-010-0013,GRANOLA11,Granola Jar,1,11.00,0.00,0.88,11.88,
O-202609-0176-L02,O-202609-0176,1,2026-09-06T13:21:00,C013,Nina Petrov,nina.petrov13@example.com,555-010-0013,BAGUETTE5,Baguette,4,5.00,1.00,1.52,20.52,
O-202609-0177-L01,O-202609-0177,1,2026-09-06T13:30:00,C003,Priya Patel,priya.patel3@example.com,555-010-0003,CATER120,Catering Tray,2,120.00,0.00,19.20,259.20,
O-202609-0178-L01,O-202609-0178,1,2026-09-06T14:28:00,,,,,BAGUETTE5,Baguette,3,5.00,0.00,1.20,16.20,
O-202609-0179-L01,O-202609-0179,1,2026-09-06T14:39:00,C071,Mei Byrne,mei.byrne71@example.com,555-010-0071,COOKIE12,Cookie Box (12),3,12.00,5.40,2.45,33.05,
O-202609-0179-L02,O-202609-0179,1,2026-09-06T14:39:00,C071,Mei Byrne,mei.byrne71@example.com,555-010-0071,MUFFIN15,Muffin Box (4),1,15.00,2.25,1.02,13.77,
O-202609-0180-L01,O-202609-0180,1,2026-09-06T14:40:00,,Nguyen,nguyen.home@example.com,555-010-6300,CROISSANT21,Croissant Box (6),3,21.00,0.00,5.04,68.04,
O-202609-0180-L02,O-202609-0180,1,2026-09-06T14:40:00,,Nguyen,nguyen.home@example.com,555-010-6300,MUFFIN15,Muffin Box (4),3,15.00,0.00,3.60,48.60,
O-202609-0181-L01,O-202609-0181,1,2026-09-06T14:42:00,C002,James Chen,james.chen2@example.com,555-010-0002,BREAD9,Sourdough Loaf,2,9.00,2.70,1.22,16.52,
O-202609-0181-L02,O-202609-0181,1,2026-09-06T14:42:00,C002,James Chen,james.chen2@example.com,555-010-0002,MUFFIN15,Muffin Box (4),4,15.00,0.00,4.80,64.80,
O-202609-0181-L03,O-202609-0181,1,2026-09-06T14:42:00,C002,James Chen,james.chen2@example.com,555-010-0002,COOKIE12,Cookie Box (12),3,12.00,1.80,2.74,36.94,
O-202609-0182-L01,O-202609-0182,1,2026-09-06T15:08:00,C004,Daniel Okafor,daniel.okafor4@example.com,555-010-0004,CAKE48,Birthday Cake,2,48.00,0.00,7.68,103.68,
O-202609-0182-L02,O-202609-0182,1,2026-09-06T15:08:00,C004,Daniel Okafor,daniel.okafor4@example.com,555-010-0004,CATER120,Catering Tray,1,120.00,0.00,9.60,129.60,
O-202609-0183-L01,O-202609-0183,1,2026-09-06T16:09:00,,,,,CAKE48,Birthday Cake,1,48.00,2.40,3.65,49.25,
O-202609-0183-L02,O-202609-0183,1,2026-09-06T16:09:00,,,,,COFFEE18,Coffee Beans 1lb,4,18.00,0.00,5.76,77.76,
O-202609-0183-L03,O-202609-0183,1,2026-09-06T16:09:00,,,,,PIE32,Seasonal Pie,2,32.00,0.00,5.12,69.12,
O-202609-0184-L01,O-202609-0184,1,2026-09-06T16:09:00,C003,Priya Patel,priya.patel3@example.com,555-010-0003,MUFFIN15,Muffin Box (4),1,15.00,0.75,1.14,15.39,
O-202609-0185-L01,O-202609-0185,1,2026-09-06T16:12:00,C002,James Chen,james.chen2@example.com,555-010-0002,COOKIE12,Cookie Box (12),2,12.00,3.60,1.63,22.03,
O-202609-0186-L01,O-202609-0186,1,2026-09-06T16:14:00,C052,Victor Ali,victor.ali52@example.com,555-010-0052,PIE32,Seasonal Pie,2,32.00,0.00,5.12,69.12,
O-202609-0186-L02,O-202609-0186,1,2026-09-06T16:14:00,C052,Victor Ali,victor.ali52@example.com,555-010-0052,MUFFIN15,Muffin Box (4),2,15.00,1.50,2.28,30.78,
O-202609-0186-L03,O-202609-0186,1,2026-09-06T16:14:00,C052,Victor Ali,victor.ali52@example.com,555-010-0052,CAKE48,Birthday Cake,2,48.00,9.60,6.91,93.31,
O-202609-0187-L01,O-202609-0187,1,2026-09-06T16:21:00,,,,,BAGUETTE5,Baguette,3,5.00,0.00,1.20,16.20,
O-202609-0187-L02,O-202609-0187,1,2026-09-06T16:21:00,,,,,COFFEE18,Coffee Beans 1lb,1,18.00,2.70,1.22,16.52,
O-202609-0188-L01,O-202609-0188,1,2026-09-06T16:25:00,,,,,BAGUETTE5,Baguette,4,5.00,0.00,1.60,21.60,
O-202609-0188-L02,O-202609-0188,1,2026-09-06T16:25:00,,,,,CAKE48,Birthday Cake,2,48.00,9.60,6.91,93.31,
O-202609-0189-L01,O-202609-0189,1,2026-09-06T16:28:00,C005,Aisha Rahman,aisha.rahman5@example.com,555-010-0005,CATER120,Catering Tray,1,120.00,0.00,9.60,129.60,Loyalty card CL-0005 scanned
O-202609-0189-L02,O-202609-0189,1,2026-09-06T16:28:00,C005,Aisha Rahman,aisha.rahman5@example.com,555-010-0005,CROISSANT21,Croissant Box (6),4,21.00,4.20,6.38,86.18,
O-202609-0189-L03,O-202609-0189,1,2026-09-06T16:28:00,C005,Aisha Rahman,aisha.rahman5@example.com,555-010-0005,CAKE48,Birthday Cake,1,48.00,0.00,3.84,51.84,
O-202609-0190-L01,O-202609-0190,1,2026-09-06T17:15:00,,,,,MUFFIN15,Muffin Box (4),4,15.00,0.00,4.80,64.80,
O-202609-0190-L02,O-202609-0190,1,2026-09-06T17:15:00,,,,,GRANOLA11,Granola Jar,4,11.00,0.00,3.52,47.52,
O-202609-0191-L01,O-202609-0191,1,2026-09-06T17:26:00,,,,,COOKIE12,Cookie Box (12),3,12.00,5.40,2.45,33.05,Pre-order
O-202609-0192-L01,O-202609-0192,1,2026-09-06T17:46:00,C005,Aisha Rahman,aisha.rahman5@example.com,555-010-0005,CROISSANT21,Croissant Box (6),4,21.00,0.00,6.72,90.72,
O-202609-0192-L02,O-202609-0192,1,2026-09-06T17:46:00,C005,Aisha Rahman,aisha.rahman5@example.com,555-010-0005,BREAD9,Sourdough Loaf,4,9.00,0.00,2.88,38.88,
O-202609-0193-L01,O-202609-0193,1,2026-09-07T07:17:00,C001,Maria Lopez,maria.lopez1@example.com,555-010-0001,COOKIE12,Cookie Box (12),2,12.00,0.00,1.92,25.92,
O-202609-0194-L01,O-202609-0194,1,2026-09-07T07:23:00,C056,Marcus Hughes,marcus.hughes56@example.com,555-010-0056,GRANOLA11,Granola Jar,3,11.00,0.00,2.64,35.64,
O-202609-0194-L02,O-202609-0194,1,2026-09-07T07:23:00,C056,Marcus Hughes,marcus.hughes56@example.com,555-010-0056,MUFFIN15,Muffin Box (4),1,15.00,0.00,1.20,16.20,
O-202609-0195-L01,O-202609-0195,1,2026-09-07T07:42:00,C006,Tom Walsh,tom.walsh6@example.com,555-010-0006,BAGUETTE5,Baguette,2,5.00,0.00,0.80,10.80,
O-202609-0195-L02,O-202609-0195,1,2026-09-07T07:42:00,C006,Tom Walsh,tom.walsh6@example.com,555-010-0006,PIE32,Seasonal Pie,2,32.00,0.00,5.12,69.12,
O-202609-0196-L01,O-202609-0196,1,2026-09-07T07:49:00,C059,Fatima Evans,fatima.evans59@example.com,555-010-0059,COFFEE18,Coffee Beans 1lb,2,18.00,0.00,2.88,38.88,
O-202609-0196-L02,O-202609-0196,1,2026-09-07T07:49:00,C059,Fatima Evans,fatima.evans59@example.com,555-010-0059,CROISSANT21,Croissant Box (6),3,21.00,0.00,5.04,68.04,
O-202609-0196-L03,O-202609-0196,1,2026-09-07T07:49:00,C059,Fatima Evans,fatima.evans59@example.com,555-010-0059,MUFFIN15,Muffin Box (4),2,15.00,0.00,2.40,32.40,
O-202609-0197-L01,O-202609-0197,1,2026-09-07T08:18:00,C005,Aisha Rahman,aisha.rahman5@example.com,555-010-0005,BAGUETTE5,Baguette,2,5.00,0.00,0.80,10.80,
O-202609-0197-L02,O-202609-0197,1,2026-09-07T08:18:00,C005,Aisha Rahman,aisha.rahman5@example.com,555-010-0005,CROISSANT21,Croissant Box (6),3,21.00,3.15,4.79,64.64,
O-202609-0198-L01,O-202609-0198,1,2026-09-07T09:32:00,,,,,BAGUETTE5,Baguette,4,5.00,0.00,1.60,21.60,
O-202609-0198-L02,O-202609-0198,1,2026-09-07T09:32:00,,,,,MUFFIN15,Muffin Box (4),2,15.00,3.00,2.16,29.16,
O-202609-0199-L01,O-202609-0199,1,2026-09-07T10:06:00,,,,,MUFFIN15,Muffin Box (4),4,15.00,0.00,4.80,64.80,
O-202609-0200-L01,O-202609-0200,1,2026-09-07T10:15:00,C002,James Chen,james.chen2@example.com,555-010-0002,COFFEE18,Coffee Beans 1lb,3,18.00,0.00,4.32,58.32,
O-202609-0200-L02,O-202609-0200,1,2026-09-07T10:15:00,C002,James Chen,james.chen2@example.com,555-010-0002,BREAD9,Sourdough Loaf,4,9.00,0.00,2.88,38.88,
O-202609-0201-L01,O-202609-0201,1,2026-09-07T10:16:00,C006,Tom Walsh,tom.walsh6@example.com,555-010-0006,COFFEE18,Coffee Beans 1lb,3,18.00,5.40,3.89,52.49,
O-202609-0201-L02,O-202609-0201,1,2026-09-07T10:16:00,C006,Tom Walsh,tom.walsh6@example.com,555-010-0006,BREAD9,Sourdough Loaf,4,9.00,3.60,2.59,34.99,
O-202609-0202-L01,O-202609-0202,1,2026-09-07T10:27:00,,,,,COOKIE12,Cookie Box (12),4,12.00,0.00,3.84,51.84,
O-202609-0202-L02,O-202609-0202,1,2026-09-07T10:27:00,,,,,MUFFIN15,Muffin Box (4),2,15.00,0.00,2.40,32.40,
O-202609-0203-L01,O-202609-0203,1,2026-09-07T11:12:00,,,,,COOKIE12,Cookie Box (12),4,12.00,7.20,3.26,44.06,
O-202609-0203-L02,O-202609-0203,1,2026-09-07T11:12:00,,,,,CATER120,Catering Tray,1,120.00,18.00,8.16,110.16,
O-202609-0203-L03,O-202609-0203,1,2026-09-07T11:12:00,,,,,MUFFIN15,Muffin Box (4),2,15.00,0.00,2.40,32.40,
O-202609-0204-L01,O-202609-0204,1,2026-09-07T11:18:00,C046,Tom Petrov,tom.petrov46@example.com,555-010-0046,CATER120,Catering Tray,1,120.00,0.00,9.60,129.60,
O-202609-0204-L02,O-202609-0204,1,2026-09-07T11:18:00,C046,Tom Petrov,tom.petrov46@example.com,555-010-0046,CROISSANT21,Croissant Box (6),3,21.00,0.00,5.04,68.04,
O-202609-0205-L01,O-202609-0205,1,2026-09-07T12:26:00,C053,Nina Moreau,nina.moreau53@example.com,555-010-0053,CAKE48,Birthday Cake,2,48.00,9.60,6.91,93.31,
O-202609-0205-L02,O-202609-0205,1,2026-09-07T12:26:00,C053,Nina Moreau,nina.moreau53@example.com,555-010-0053,MUFFIN15,Muffin Box (4),4,15.00,3.00,4.56,61.56,
O-202609-0206-L01,O-202609-0206,1,2026-09-07T12:29:00,C002,James Chen,james.chen2@example.com,555-010-0002,COOKIE12,Cookie Box (12),1,12.00,0.00,0.96,12.96,
O-202609-0207-L01,O-202609-0207,1,2026-09-07T12:35:00,,,,,BAGUETTE5,Baguette,2,5.00,1.00,0.72,9.72,
O-202609-0207-L02,O-202609-0207,1,2026-09-07T12:35:00,,,,,COFFEE18,Coffee Beans 1lb,1,18.00,0.00,1.44,19.44,
O-202609-0208-L01,O-202609-0208,1,2026-09-07T13:27:00,,,,,PIE32,Seasonal Pie,1,32.00,0.00,2.56,34.56,
O-202609-0209-L01,O-202609-0209,1,2026-09-07T13:53:00,,,,,BAGUETTE5,Baguette,2,5.00,1.50,0.68,9.18,
O-202609-0209-L02,O-202609-0209,1,2026-09-07T13:53:00,,,,,PIE32,Seasonal Pie,2,32.00,0.00,5.12,69.12,Staff to box separately
O-202609-0209-L03,O-202609-0209,1,2026-09-07T13:53:00,,,,,BREAD9,Sourdough Loaf,2,9.00,0.90,1.37,18.47,
O-202609-0210-L01,O-202609-0210,1,2026-09-07T13:54:00,C070,Ethan Mensah,ethan.mensah70@example.com,555-010-0070,BREAD9,Sourdough Loaf,4,9.00,0.00,2.88,38.88,
O-202609-0210-L02,O-202609-0210,1,2026-09-07T13:54:00,C070,Ethan Mensah,ethan.mensah70@example.com,555-010-0070,CATER120,Catering Tray,1,120.00,0.00,9.60,129.60,
O-202609-0211-L01,O-202609-0211,1,2026-09-07T14:04:00,C007,Keiko Tanaka,keiko.tanaka7@example.com,555-010-0007,CATER120,Catering Tray,1,120.00,6.00,9.12,123.12,Gift wrap
O-202609-0211-L02,O-202609-0211,1,2026-09-07T14:04:00,C007,Keiko Tanaka,keiko.tanaka7@example.com,555-010-0007,MUFFIN15,Muffin Box (4),2,15.00,0.00,2.40,32.40,
O-202609-0212-L01,O-202609-0212,1,2026-09-07T14:16:00,C033,Chloe Martin,chloe.martin33@example.com,555-010-0033,MUFFIN15,Muffin Box (4),3,15.00,0.00,3.60,48.60,
O-202609-0212-L02,O-202609-0212,1,2026-09-07T14:16:00,C033,Chloe Martin,chloe.martin33@example.com,555-010-0033,BREAD9,Sourdough Loaf,2,9.00,0.00,1.44,19.44,
O-202609-0212-L03,O-202609-0212,1,2026-09-07T14:16:00,C033,Chloe Martin,chloe.martin33@example.com,555-010-0033,BAGUETTE5,Baguette,2,5.00,1.50,0.68,9.18,
O-202609-0213-L01,O-202609-0213,1,2026-09-07T14:30:00,C014,Alex Morgan,morgan.household@example.com,555-010-1400,CAKE48,Birthday Cake,1,48.00,0.00,3.84,51.84,
O-202609-0213-L02,O-202609-0213,1,2026-09-07T14:30:00,C014,Alex Morgan,morgan.household@example.com,555-010-1400,COFFEE18,Coffee Beans 1lb,3,18.00,0.00,4.32,58.32,
O-202609-0213-L03,O-202609-0213,1,2026-09-07T14:30:00,C014,Alex Morgan,morgan.household@example.com,555-010-1400,COOKIE12,Cookie Box (12),4,12.00,2.40,3.65,49.25,
O-202609-0214-L01,O-202609-0214,1,2026-09-07T15:37:00,C013,Nina Petrov,nina.petrov13@example.com,555-010-0013,MUFFIN15,Muffin Box (4),2,15.00,0.00,2.40,32.40,
O-202609-0215-L01,O-202609-0215,1,2026-09-07T15:57:00,C041,Sam Ortiz,ortiz.family@example.com,555-010-4100,CROISSANT21,Croissant Box (6),4,21.00,12.60,5.71,77.11,
O-202609-0215-L02,O-202609-0215,1,2026-09-07T15:57:00,C041,Sam Ortiz,ortiz.family@example.com,555-010-4100,BAGUETTE5,Baguette,4,5.00,1.00,1.52,20.52,
O-202609-0216-L01,O-202609-0216,1,2026-09-07T16:23:00,C011,Hannah Brooks,hannah.brooks11@example.com,555-010-0011,BAGUETTE5,Baguette,2,5.00,0.00,0.80,10.80,
O-202609-0216-L02,O-202609-0216,1,2026-09-07T16:23:00,C011,Hannah Brooks,hannah.brooks11@example.com,555-010-0011,CAKE48,Birthday Cake,2,48.00,0.00,7.68,103.68,
O-202609-0216-L03,O-202609-0216,1,2026-09-07T16:23:00,C011,Hannah Brooks,hannah.brooks11@example.com,555-010-0011,BREAD9,Sourdough Loaf,1,9.00,0.00,0.72,9.72,
O-202609-0217-L01,O-202609-0217,1,2026-09-07T16:31:00,C005,Aisha Rahman,aisha.rahman5@example.com,555-010-0005,COFFEE18,Coffee Beans 1lb,1,18.00,0.00,1.44,19.44,
O-202609-0217-L02,O-202609-0217,1,2026-09-07T16:31:00,C005,Aisha Rahman,aisha.rahman5@example.com,555-010-0005,CAKE48,Birthday Cake,1,48.00,4.80,3.46,46.66,
O-202609-0218-L01,O-202609-0218,1,2026-09-07T16:40:00,C044,Daniel Brooks,daniel.brooks44@example.com,555-010-0044,CROISSANT21,Croissant Box (6),1,16.80,0.00,1.34,18.14,
O-202609-0219-L01,O-202609-0219,1,2026-09-07T17:07:00,C080,Kofi Tanaka,kofi.tanaka80@example.com,555-010-0080,CAKE48,Birthday Cake,2,48.00,0.00,7.68,103.68,
O-202609-0219-L02,O-202609-0219,1,2026-09-07T17:07:00,C080,Kofi Tanaka,kofi.tanaka80@example.com,555-010-0080,COFFEE18,Coffee Beans 1lb,4,18.00,10.80,4.90,66.10,Call on arrival
O-202609-0220-L01,O-202609-0220,1,2026-09-07T17:10:00,,,,,COFFEE18,Coffee Beans 1lb,4,18.00,0.00,5.76,77.76,
O-202609-0220-L02,O-202609-0220,1,2026-09-07T17:10:00,,,,,BREAD9,Sourdough Loaf,2,9.00,1.80,1.30,17.50,
O-202609-0221-L01,O-202609-0221,1,2026-09-07T17:15:00,C009,Grace Kim,grace.kim9@example.com,555-010-0009,CAKE48,Birthday Cake,1,48.00,0.00,3.84,51.84,
O-202609-0221-L02,O-202609-0221,1,2026-09-07T17:15:00,C009,Grace Kim,grace.kim9@example.com,555-010-0009,PIE32,Seasonal Pie,1,32.00,3.20,2.30,31.10,
O-202609-0222-L01,O-202609-0222,1,2026-09-07T17:23:00,C005,Aisha Rahman,aisha.rahman5@example.com,555-010-0005,PIE32,Seasonal Pie,1,32.00,0.00,2.56,34.56,Loyalty card CL-0005 scanned
O-202609-0222-L02,O-202609-0222,1,2026-09-07T17:23:00,C005,Aisha Rahman,aisha.rahman5@example.com,555-010-0005,CAKE48,Birthday Cake,1,48.00,0.00,3.84,51.84,
O-202609-0223-L01,O-202609-0223,1,2026-09-07T17:38:00,C017,Sofia Costa,sofia.costa17@example.com,555-010-0017,CROISSANT21,Croissant Box (6),3,21.00,0.00,5.04,68.04,
O-202609-0223-L02,O-202609-0223,1,2026-09-07T17:38:00,C017,Sofia Costa,sofia.costa17@example.com,555-010-0017,COFFEE18,Coffee Beans 1lb,3,18.00,0.00,4.32,58.32,
O-202609-0224-L01,O-202609-0224,1,2026-09-08T07:23:00,,,,,CAKE48,Birthday Cake,2,48.00,0.00,7.68,103.68,
O-202609-0225-L01,O-202609-0225,1,2026-09-08T07:45:00,C011,Hannah Brooks,hannah.brooks11@example.com,555-010-0011,CROISSANT21,Croissant Box (6),4,21.00,0.00,6.72,90.72,
O-202609-0225-L02,O-202609-0225,1,2026-09-08T07:45:00,C011,Hannah Brooks,hannah.brooks11@example.com,555-010-0011,COOKIE12,Cookie Box (12),1,12.00,1.80,0.82,11.02,
O-202609-0226-L01,O-202609-0226,1,2026-09-08T07:51:00,C003,Priya Patel,priya.patel3@example.com,555-010-0003,CAKE48,Birthday Cake,2,48.00,0.00,7.68,103.68,
O-202609-0226-L02,O-202609-0226,1,2026-09-08T07:51:00,C003,Priya Patel,priya.patel3@example.com,555-010-0003,GRANOLA11,Granola Jar,1,11.00,1.10,0.79,10.69,
O-202609-0227-L01,O-202609-0227,1,2026-09-08T07:54:00,,,,,GRANOLA11,Granola Jar,4,11.00,4.40,3.17,42.77,
O-202609-0227-L02,O-202609-0227,1,2026-09-08T07:54:00,,,,,CROISSANT21,Croissant Box (6),3,21.00,9.45,4.28,57.83,
O-202609-0228-L01,O-202609-0228,1,2026-09-08T08:06:00,C011,Hannah Brooks,hannah.brooks11@example.com,555-010-0011,GRANOLA11,Granola Jar,3,11.00,3.30,2.38,32.08,
O-202609-0228-L02,O-202609-0228,1,2026-09-08T08:06:00,C011,Hannah Brooks,hannah.brooks11@example.com,555-010-0011,MUFFIN15,Muffin Box (4),2,15.00,0.00,2.40,32.40,
O-202609-0229-L01,O-202609-0229,1,2026-09-08T08:20:00,,,,,BAGUETTE5,Baguette,1,5.00,0.00,0.40,5.40,
O-202609-0229-L02,O-202609-0229,1,2026-09-08T08:20:00,,,,,COFFEE18,Coffee Beans 1lb,1,18.00,2.70,1.22,16.52,
O-202609-0230-L01,O-202609-0230,1,2026-09-08T08:22:00,C028,Jonah Grant,jonah.grant28@example.com,555-010-0028,CROISSANT21,Croissant Box (6),4,21.00,0.00,6.72,90.72,
O-202609-0231-L01,O-202609-0231,1,2026-09-08T08:55:00,,,,,BAGUETTE5,Baguette,1,5.00,0.50,0.36,4.86,
O-202609-0231-L02,O-202609-0231,1,2026-09-08T08:55:00,,,,,CATER120,Catering Tray,1,120.00,0.00,9.60,129.60,
O-202609-0231-L03,O-202609-0231,1,2026-09-08T08:55:00,,,,,PIE32,Seasonal Pie,1,32.00,0.00,2.56,34.56,
O-202609-0232-L01,O-202609-0232,1,2026-09-08T09:00:00,C003,Priya Patel,priya.patel3@example.com,555-010-0003,CROISSANT21,Croissant Box (6),1,21.00,0.00,1.68,22.68,
O-202609-0232-L02,O-202609-0232,1,2026-09-08T09:00:00,C003,Priya Patel,priya.patel3@example.com,555-010-0003,CATER120,Catering Tray,1,120.00,0.00,9.60,129.60,
O-202609-0232-L03,O-202609-0232,1,2026-09-08T09:00:00,C003,Priya Patel,priya.patel3@example.com,555-010-0003,BAGUETTE5,Baguette,2,5.00,1.50,0.68,9.18,
O-202609-0233-L01,O-202609-0233,1,2026-09-08T09:14:00,,,,,CROISSANT21,Croissant Box (6),3,21.00,0.00,5.04,68.04,
O-202609-0234-L01,O-202609-0234,1,2026-09-08T10:03:00,C002,James Chen,james.chen2@example.com,555-010-0002,COFFEE18,Coffee Beans 1lb,1,18.00,0.00,1.44,19.44,
O-202609-0234-L02,O-202609-0234,1,2026-09-08T10:03:00,C002,James Chen,james.chen2@example.com,555-010-0002,CATER120,Catering Tray,1,120.00,12.00,8.64,116.64,
O-202609-0234-L03,O-202609-0234,1,2026-09-08T10:03:00,C002,James Chen,james.chen2@example.com,555-010-0002,COOKIE12,Cookie Box (12),2,12.00,1.20,1.82,24.62,
O-202609-0235-L01,O-202609-0235,1,2026-09-08T10:18:00,C011,Hannah Brooks,hannah.brooks11@example.com,555-010-0011,CROISSANT21,Croissant Box (6),3,21.00,9.45,4.28,57.83,
O-202609-0235-L02,O-202609-0235,1,2026-09-08T10:18:00,C011,Hannah Brooks,hannah.brooks11@example.com,555-010-0011,BAGUETTE5,Baguette,2,5.00,1.50,0.68,9.18,
O-202609-0235-L03,O-202609-0235,1,2026-09-08T10:18:00,C011,Hannah Brooks,hannah.brooks11@example.com,555-010-0011,COFFEE18,Coffee Beans 1lb,3,18.00,0.00,4.32,58.32,
O-202609-0236-L01,O-202609-0236,1,2026-09-08T10:22:00,C008,Luis Garcia,luis.garcia8@example.com,555-010-0008,CROISSANT21,Croissant Box (6),3,21.00,6.30,4.54,61.24,
O-202609-0236-L02,O-202609-0236,1,2026-09-08T10:22:00,C008,Luis Garcia,luis.garcia8@example.com,555-010-0008,CATER120,Catering Tray,2,120.00,0.00,19.20,259.20,
O-202609-0236-L03,O-202609-0236,1,2026-09-08T10:22:00,C008,Luis Garcia,luis.garcia8@example.com,555-010-0008,MUFFIN15,Muffin Box (4),3,15.00,0.00,3.60,48.60,
O-202609-0237-L01,O-202609-0237,1,2026-09-08T10:35:00,C029,Rosa Mendes,rosa.mendes29@example.com,555-010-0029,GRANOLA11,Granola Jar,4,11.00,0.00,3.52,47.52,
O-202609-0237-L02,O-202609-0237,1,2026-09-08T10:35:00,C029,Rosa Mendes,rosa.mendes29@example.com,555-010-0029,CATER120,Catering Tray,1,120.00,0.00,9.60,129.60,
O-202609-0238-L01,O-202609-0238,1,2026-09-08T10:35:00,C003,Priya Patel,priya.patel3@example.com,555-010-0003,COFFEE18,Coffee Beans 1lb,2,18.00,0.00,2.88,38.88,
O-202609-0238-L02,O-202609-0238,1,2026-09-08T10:35:00,C003,Priya Patel,priya.patel3@example.com,555-010-0003,PIE32,Seasonal Pie,2,32.00,0.00,5.12,69.12,
O-202609-0239-L01,O-202609-0239,1,2026-09-08T10:38:00,C009,Grace Kim,grace.kim9@example.com,555-010-0009,BREAD9,Sourdough Loaf,2,9.00,0.00,1.44,19.44,
O-202609-0239-L02,O-202609-0239,1,2026-09-08T10:38:00,C009,Grace Kim,grace.kim9@example.com,555-010-0009,MUFFIN15,Muffin Box (4),4,15.00,3.00,4.56,61.56,
O-202609-0240-L01,O-202609-0240,1,2026-09-08T11:00:00,,,,,CAKE48,Birthday Cake,1,48.00,0.00,3.84,51.84,
O-202609-0240-L02,O-202609-0240,1,2026-09-08T11:00:00,,,,,GRANOLA11,Granola Jar,3,11.00,0.00,2.64,35.64,
O-202609-0241-L01,O-202609-0241,1,2026-09-08T11:33:00,C001,Maria Lopez,maria.lopez1@example.com,555-010-0001,PIE32,Seasonal Pie,1,32.00,3.20,2.30,31.10,
O-202609-0242-L01,O-202609-0242,1,2026-09-08T12:00:00,,,,,CROISSANT21,Croissant Box (6),3,21.00,0.00,5.04,68.04,
O-202609-0242-L02,O-202609-0242,1,2026-09-08T12:00:00,,,,,MUFFIN15,Muffin Box (4),4,15.00,6.00,4.32,58.32,
O-202609-0243-L01,O-202609-0243,1,2026-09-08T12:19:00,C072,Diego Sato,diego.sato72@example.com,555-010-0072,BAGUETTE5,Baguette,4,5.00,2.00,1.44,19.44,
O-202609-0243-L02,O-202609-0243,1,2026-09-08T12:19:00,C072,Diego Sato,diego.sato72@example.com,555-010-0072,PIE32,Seasonal Pie,2,32.00,3.20,4.86,65.66,
O-202609-0244-L01,O-202609-0244,1,2026-09-08T12:25:00,C020,Leo Moreau,leo.moreau20@example.com,555-010-0020,BAGUETTE5,Baguette,2,5.00,1.00,0.72,9.72,Birthday pickup
O-202609-0244-L02,O-202609-0244,1,2026-09-08T12:25:00,C020,Leo Moreau,leo.moreau20@example.com,555-010-0020,COOKIE12,Cookie Box (12),4,12.00,0.00,3.84,51.84,
O-202609-0245-L01,O-202609-0245,1,2026-09-08T12:34:00,C004,Daniel Okafor,daniel.okafor4@example.com,555-010-0004,COFFEE18,Coffee Beans 1lb,4,18.00,0.00,5.76,77.76,
O-202609-0246-L01,O-202609-0246,1,2026-09-08T13:06:00,,,,,BREAD9,Sourdough Loaf,2,9.00,0.00,1.44,19.44,
O-202609-0246-L02,O-202609-0246,1,2026-09-08T13:06:00,,,,,CATER120,Catering Tray,2,120.00,0.00,19.20,259.20,
O-202609-0247-L01,O-202609-0247,1,2026-09-08T13:22:00,C002,James Chen,james.chen2@example.com,555-010-0002,CATER120,Catering Tray,1,120.00,0.00,9.60,129.60,Loyalty card CL-0002 scanned
O-202609-0247-L02,O-202609-0247,1,2026-09-08T13:22:00,C002,James Chen,james.chen2@example.com,555-010-0002,MUFFIN15,Muffin Box (4),3,15.00,0.00,3.60,48.60,
O-202609-0248-L01,O-202609-0248,1,2026-09-08T13:48:00,C017,Sofia Costa,sofia.costa17@example.com,555-010-0017,COOKIE12,Cookie Box (12),4,12.00,7.20,3.26,44.06,
O-202609-0248-L02,O-202609-0248,1,2026-09-08T13:48:00,C017,Sofia Costa,sofia.costa17@example.com,555-010-0017,CROISSANT21,Croissant Box (6),1,21.00,1.05,1.60,21.55,
O-202609-0249-L01,O-202609-0249,1,2026-09-08T14:16:00,,,,,MUFFIN15,Muffin Box (4),1,15.00,0.00,1.20,16.20,
O-202609-0249-L02,O-202609-0249,1,2026-09-08T14:16:00,,,,,BAGUETTE5,Baguette,1,5.00,0.00,0.40,5.40,
O-202609-0250-L01,O-202609-0250,1,2026-09-08T14:38:00,C009,Grace Kim,grace.kim9@example.com,555-010-0009,CATER120,Catering Tray,2,120.00,36.00,16.32,220.32,Gift wrap
O-202609-0250-L02,O-202609-0250,1,2026-09-08T14:38:00,C009,Grace Kim,grace.kim9@example.com,555-010-0009,MUFFIN15,Muffin Box (4),4,15.00,0.00,4.80,64.80,
O-202609-0251-L01,O-202609-0251,1,2026-09-08T14:44:00,C003,Priya Patel,priya.patel3@example.com,555-010-0003,CAKE48,Birthday Cake,2,48.00,0.00,7.68,103.68,
O-202609-0251-L02,O-202609-0251,1,2026-09-08T14:44:00,C003,Priya Patel,priya.patel3@example.com,555-010-0003,MUFFIN15,Muffin Box (4),3,15.00,6.75,3.06,41.31,
O-202609-0252-L01,O-202609-0252,1,2026-09-08T14:53:00,C023,Megan Hughes,megan.hughes23@example.com,555-010-0023,COOKIE12,Cookie Box (12),2,12.00,0.00,1.92,25.92,
O-202609-0252-L02,O-202609-0252,1,2026-09-08T14:53:00,C023,Megan Hughes,megan.hughes23@example.com,555-010-0023,BAGUETTE5,Baguette,2,5.00,1.50,0.68,9.18,
O-202609-0252-L03,O-202609-0252,1,2026-09-08T14:53:00,C023,Megan Hughes,megan.hughes23@example.com,555-010-0023,CAKE48,Birthday Cake,2,48.00,0.00,7.68,103.68,
O-202609-0253-L01,O-202609-0253,1,2026-09-08T15:11:00,C009,Grace Kim,grace.kim9@example.com,555-010-0009,GRANOLA11,Granola Jar,3,11.00,0.00,2.64,35.64,
O-202609-0253-L02,O-202609-0253,1,2026-09-08T15:11:00,C009,Grace Kim,grace.kim9@example.com,555-010-0009,PIE32,Seasonal Pie,1,32.00,0.00,2.56,34.56,Gift wrap
O-202609-0254-L01,O-202609-0254,1,2026-09-08T15:15:00,C011,Hannah Brooks,hannah.brooks11@example.com,555-010-0011,MUFFIN15,Muffin Box (4),4,15.00,6.00,4.32,58.32,Write 'Happy 40th'
O-202609-0254-L02,O-202609-0254,1,2026-09-08T15:15:00,C011,Hannah Brooks,hannah.brooks11@example.com,555-010-0011,BAGUETTE5,Baguette,4,5.00,0.00,1.60,21.60,
O-202609-0255-L01,O-202609-0255,1,2026-09-08T15:31:00,C019,Fatima Ali,fatima.ali19@example.com,555-010-0019,CAKE48,Birthday Cake,2,48.00,0.00,7.68,103.68,
O-202609-0255-L02,O-202609-0255,1,2026-09-08T15:31:00,C019,Fatima Ali,fatima.ali19@example.com,555-010-0019,MUFFIN15,Muffin Box (4),3,15.00,0.00,3.60,48.60,
O-202609-0256-L01,O-202609-0256,1,2026-09-08T16:02:00,,Victor Nguyen,victor.nguyen12@exmaple.com,(555) 010-0012,CATER120,Catering Tray,2,120.00,0.00,19.20,259.20,Pre-order
O-202609-0257-L01,O-202609-0257,1,2026-09-08T16:18:00,C008,Luis Garcia,luis.garcia8@example.com,555-010-0008,COOKIE12,Cookie Box (12),4,12.00,2.40,3.65,49.25,
O-202609-0258-L01,O-202609-0258,1,2026-09-08T16:27:00,,,,,BAGUETTE5,Baguette,2,5.00,0.00,0.80,10.80,
O-202609-0258-L02,O-202609-0258,1,2026-09-08T16:27:00,,,,,MUFFIN15,Muffin Box (4),3,15.00,2.25,3.42,46.17,
O-202609-0259-L01,O-202609-0259,1,2026-09-08T16:36:00,,,,,PIE32,Seasonal Pie,2,32.00,0.00,5.12,69.12,
O-202609-0259-L02,O-202609-0259,1,2026-09-08T16:36:00,,,,,CAKE48,Birthday Cake,2,48.00,4.80,7.30,98.50,Call on arrival
O-202609-0260-L01,O-202609-0260,1,2026-09-08T17:03:00,C003,Priya Patel,priya.patel3@example.com,555-010-0003,CATER120,Catering Tray,1,120.00,0.00,9.60,129.60,
O-202609-0261-L01,O-202609-0261,1,2026-09-08T17:29:00,C046,Tom Petrov,tom.petrov46@example.com,555-010-0046,PIE32,Seasonal Pie,1,32.00,0.00,2.56,34.56,
O-202609-0261-L02,O-202609-0261,1,2026-09-08T17:29:00,C046,Tom Petrov,tom.petrov46@example.com,555-010-0046,BREAD9,Sourdough Loaf,4,9.00,0.00,2.88,38.88,
O-202609-0262-L01,O-202609-0262,1,2026-09-08T17:33:00,C013,Nina Petrov,nina.petrov13@example.com,555-010-0013,MUFFIN15,Muffin Box (4),3,15.00,0.00,3.60,48.60,
O-202609-0262-L02,O-202609-0262,1,2026-09-08T17:33:00,C013,Nina Petrov,nina.petrov13@example.com,555-010-0013,COFFEE18,Coffee Beans 1lb,3,18.00,0.00,4.32,58.32,
O-202609-0263-L01,O-202609-0263,1,2026-09-08T17:41:00,,,,,PIE32,Seasonal Pie,1,32.00,0.00,2.56,34.56,
O-202609-0263-L02,O-202609-0263,1,2026-09-08T17:41:00,,,,,BREAD9,Sourdough Loaf,3,9.00,0.00,2.16,29.16,
O-202609-0264-L01,O-202609-0264,1,2026-09-09T08:32:00,,,,,COOKIE12,Cookie Box (12),4,12.00,0.00,3.84,51.84,
O-202609-0264-L02,O-202609-0264,1,2026-09-09T08:32:00,,,,,CATER120,Catering Tray,1,120.00,6.00,9.12,123.12,
O-202609-0264-L03,O-202609-0264,1,2026-09-09T08:32:00,,,,,CROISSANT21,Croissant Box (6),3,21.00,9.45,4.28,57.83,
O-202609-0265-L01,O-202609-0265,1,2026-09-09T08:50:00,C050,Omar Costa,omar.costa50@example.com,555-010-0050,CAKE48,Birthday Cake,1,48.00,0.00,3.84,51.84,
O-202609-0265-L02,O-202609-0265,1,2026-09-09T08:50:00,C050,Omar Costa,omar.costa50@example.com,555-010-0050,CATER120,Catering Tray,2,120.00,0.00,19.20,259.20,
O-202609-0265-L03,O-202609-0265,1,2026-09-09T08:50:00,C050,Omar Costa,omar.costa50@example.com,555-010-0050,CROISSANT21,Croissant Box (6),2,21.00,0.00,3.36,45.36,
O-202609-0266-L01,O-202609-0266,1,2026-09-09T08:51:00,C074,Samir Lopez,samir.lopez74@example.com,555-010-0074,CROISSANT21,Croissant Box (6),4,21.00,0.00,6.72,90.72,
O-202609-0266-L02,O-202609-0266,1,2026-09-09T08:51:00,C074,Samir Lopez,samir.lopez74@example.com,555-010-0074,CATER120,Catering Tray,2,120.00,0.00,19.20,259.20,
O-202609-0267-L01,O-202609-0267,1,2026-09-09T09:43:00,C012,Victor Nguyen,victor.nguyen12@example.com,555-010-0012,GRANOLA11,Granola Jar,1,11.00,0.00,0.88,11.88,
O-202609-0268-L01,O-202609-0268,1,2026-09-09T09:56:00,C007,Keiko Tanaka,keiko.tanaka7@example.com,555-010-0007,GRANOLA11,Granola Jar,3,11.00,0.00,2.64,35.64,
O-202609-0268-L02,O-202609-0268,1,2026-09-09T09:56:00,C007,Keiko Tanaka,keiko.tanaka7@example.com,555-010-0007,CROISSANT21,Croissant Box (6),1,21.00,3.15,1.43,19.28,
O-202609-0268-L03,O-202609-0268,1,2026-09-09T09:56:00,C007,Keiko Tanaka,keiko.tanaka7@example.com,555-010-0007,MUFFIN15,Muffin Box (4),1,15.00,0.00,1.20,16.20,
O-202609-0269-L01,O-202609-0269,1,2026-09-09T10:10:00,C025,Zara Khan,zara.khan25@example.com,555-010-0025,MUFFIN15,Muffin Box (4),3,15.00,6.75,3.06,41.31,
O-202609-0269-L02,O-202609-0269,1,2026-09-09T10:10:00,C025,Zara Khan,zara.khan25@example.com,555-010-0025,COFFEE18,Coffee Beans 1lb,4,18.00,3.60,5.47,73.87,
O-202609-0269-L03,O-202609-0269,1,2026-09-09T10:10:00,C025,Zara Khan,zara.khan25@example.com,555-010-0025,COOKIE12,Cookie Box (12),4,12.00,7.20,3.26,44.06,
O-202609-0270-L01,O-202609-0270,1,2026-09-09T10:35:00,C004,Daniel Okafor,daniel.okafor4@example.com,555-010-0004,BREAD9,Sourdough Loaf,1,9.00,0.00,0.72,9.72,
O-202609-0270-L02,O-202609-0270,1,2026-09-09T10:35:00,C004,Daniel Okafor,daniel.okafor4@example.com,555-010-0004,COFFEE18,Coffee Beans 1lb,1,18.00,0.00,1.44,19.44,
O-202609-0669-L01,O-202609-0669,1,2026-09-21T07:56:00,C007,Keiko Tanaka,keiko.tanaka7@example.com,555-010-0007,CAKE48,Birthday Cake,2,48.00,0.00,7.68,103.68,
O-202609-0271-L01,O-202609-0271,1,2026-09-09T11:04:00,C004,Daniel Okafor,daniel.okafor4@example.com,555-010-0004,COOKIE12,Cookie Box (12),1,12.00,1.20,0.86,11.66,
O-202609-0271-L02,O-202609-0271,1,2026-09-09T11:04:00,C004,Daniel Okafor,daniel.okafor4@example.com,555-010-0004,BAGUETTE5,Baguette,3,5.00,0.00,1.20,16.20,
O-202609-0272-L01,O-202609-0272,1,2026-09-09T11:07:00,C011,Hannah Brooks,hannah.brooks11@example.com,555-010-0011,COFFEE18,Coffee Beans 1lb,2,18.00,0.00,2.88,38.88,
O-202609-0272-L02,O-202609-0272,1,2026-09-09T11:07:00,C011,Hannah Brooks,hannah.brooks11@example.com,555-010-0011,GRANOLA11,Granola Jar,4,11.00,0.00,3.52,47.52,
O-202609-0272-L03,O-202609-0272,1,2026-09-09T11:07:00,C011,Hannah Brooks,hannah.brooks11@example.com,555-010-0011,BAGUETTE5,Baguette,2,5.00,0.00,0.80,10.80,
O-202609-0272-L04,O-202609-0272,1,2026-09-09T11:07:00,C011,Hannah Brooks,hannah.brooks11@example.com,555-010-0011,BREAD9,Sourdough Loaf,3,9.00,0.00,2.16,29.16,
O-202609-0273-L01,O-202609-0273,1,2026-09-09T11:17:00,C004,Daniel Okafor,daniel.okafor4@example.com,555-010-0004,CROISSANT21,Croissant Box (6),4,21.00,0.00,6.72,90.72,
O-202609-0274-L01,O-202609-0274,1,2026-09-09T11:38:00,C031,Mei Liu,mei.liu31@example.com,555-010-0031,CATER120,Catering Tray,2,120.00,36.00,16.32,220.32,
O-202609-0274-L02,O-202609-0274,1,2026-09-09T11:38:00,C031,Mei Liu,mei.liu31@example.com,555-010-0031,CROISSANT21,Croissant Box (6),3,21.00,0.00,5.04,68.04,
O-202609-0275-L01,O-202609-0275,1,2026-09-09T11:51:00,,,,,COFFEE18,Coffee Beans 1lb,4,18.00,0.00,5.76,77.76,
O-202609-0275-L02,O-202609-0275,1,2026-09-09T11:51:00,,,,,CAKE48,Birthday Cake,2,48.00,0.00,7.68,103.68,
O-202609-0275-L03,O-202609-0275,1,2026-09-09T11:51:00,,,,,BREAD9,Sourdough Loaf,1,9.00,0.00,0.72,9.72,
O-202609-0276-L01,O-202609-0276,1,2026-09-09T12:00:00,C013,Nina Petrov,nina.petrov13@example.com,555-010-0013,PIE32,Seasonal Pie,2,32.00,0.00,5.12,69.12,
O-202609-0276-L02,O-202609-0276,1,2026-09-09T12:00:00,C013,Nina Petrov,nina.petrov13@example.com,555-010-0013,COFFEE18,Coffee Beans 1lb,1,18.00,0.00,1.44,19.44,
O-202609-0277-L01,O-202609-0277,1,2026-09-09T12:25:00,C045,Aisha Nguyen,aisha.nguyen45@example.com,555-010-0045,CATER120,Catering Tray,2,120.00,0.00,19.20,259.20,
O-202609-0277-L02,O-202609-0277,1,2026-09-09T12:25:00,C045,Aisha Nguyen,aisha.nguyen45@example.com,555-010-0045,GRANOLA11,Granola Jar,4,11.00,0.00,3.52,47.52,
O-202609-0277-L03,O-202609-0277,1,2026-09-09T12:25:00,C045,Aisha Nguyen,aisha.nguyen45@example.com,555-010-0045,PIE32,Seasonal Pie,1,32.00,0.00,2.56,34.56,
O-202609-0278-L01,O-202609-0278,1,2026-09-09T12:51:00,C012,Victor Nguyen,victor.nguyen12@example.com,555-010-0012,CROISSANT21,Croissant Box (6),2,21.00,0.00,3.36,45.36,
O-202609-0278-L02,O-202609-0278,1,2026-09-09T12:51:00,C012,Victor Nguyen,victor.nguyen12@example.com,555-010-0012,COFFEE18,Coffee Beans 1lb,2,18.00,0.00,2.88,38.88,
O-202609-0278-L03,O-202609-0278,1,2026-09-09T12:51:00,C012,Victor Nguyen,victor.nguyen12@example.com,555-010-0012,BREAD9,Sourdough Loaf,2,9.00,0.00,1.44,19.44,
O-202609-0279-L01,O-202609-0279,1,2026-09-09T14:10:00,C070,Ethan Mensah,ethan.mensah70@example.com,555-010-0070,CAKE48,Birthday Cake,1,48.00,2.40,3.65,49.25,Slice the loaf
O-202609-0279-L02,O-202609-0279,1,2026-09-09T14:10:00,C070,Ethan Mensah,ethan.mensah70@example.com,555-010-0070,GRANOLA11,Granola Jar,3,11.00,1.65,2.51,33.86,
O-202609-0280-L01,O-202609-0280,1,2026-09-09T14:10:00,C004,Daniel Okafor,daniel.okafor4@example.com,555-010-0004,COFFEE18,Coffee Beans 1lb,2,18.00,0.00,2.88,38.88,
O-202609-0280-L02,O-202609-0280,1,2026-09-09T14:10:00,C004,Daniel Okafor,daniel.okafor4@example.com,555-010-0004,BAGUETTE5,Baguette,3,5.00,2.25,1.02,13.77,
O-202609-0280-L03,O-202609-0280,1,2026-09-09T14:10:00,C004,Daniel Okafor,daniel.okafor4@example.com,555-010-0004,GRANOLA11,Granola Jar,3,11.00,0.00,2.64,35.64,
O-202609-0280-L04,O-202609-0280,1,2026-09-09T14:10:00,C004,Daniel Okafor,daniel.okafor4@example.com,555-010-0004,PIE32,Seasonal Pie,1,32.00,0.00,2.56,34.56,
O-202609-0281-L01,O-202609-0281,1,2026-09-09T14:15:00,C003,Priya Patel,priya.patel3@example.com,555-010-0003,BAGUETTE5,Baguette,1,5.00,0.00,0.40,5.40,
O-202609-0281-L02,O-202609-0281,1,2026-09-09T14:15:00,C003,Priya Patel,priya.patel3@example.com,555-010-0003,COOKIE12,Cookie Box (12),2,12.00,0.00,1.92,25.92,
O-202609-0282-L01,O-202609-0282,1,2026-09-09T14:24:00,C059,Fatima Evans,fatima.evans59@example.com,555-010-0059,BAGUETTE5,Baguette,1,5.00,0.00,0.40,5.40,
O-202609-0282-L02,O-202609-0282,1,2026-09-09T14:24:00,C059,Fatima Evans,fatima.evans59@example.com,555-010-0059,CATER120,Catering Tray,2,120.00,36.00,16.32,220.32,
O-202609-0283-L01,O-202609-0283,1,2026-09-09T15:11:00,C004,Daniel Okafor,daniel.okafor4@example.com,555-010-0004,CATER120,Catering Tray,1,120.00,6.00,9.12,123.12,
O-202609-0283-L02,O-202609-0283,1,2026-09-09T15:11:00,C004,Daniel Okafor,daniel.okafor4@example.com,555-010-0004,COFFEE18,Coffee Beans 1lb,4,18.00,7.20,5.18,69.98,
O-202609-0284-L01,O-202609-0284,1,2026-09-09T16:13:00,,,,,CATER120,Catering Tray,2,120.00,0.00,19.20,259.20,
O-202609-0284-L02,O-202609-0284,1,2026-09-09T16:13:00,,,,,COFFEE18,Coffee Beans 1lb,3,18.00,0.00,4.32,58.32,
O-202609-0284-L03,O-202609-0284,1,2026-09-09T16:13:00,,,,,MUFFIN15,Muffin Box (4),2,15.00,0.00,2.40,32.40,Staff to box separately
O-202609-0285-L01,O-202609-0285,1,2026-09-09T16:57:00,C004,Daniel Okafor,daniel.okafor4@example.com,555-010-0004,COFFEE18,Coffee Beans 1lb,3,18.00,0.00,4.32,58.32,Write 'Happy 40th'
O-202609-0285-L02,O-202609-0285,1,2026-09-09T16:57:00,C004,Daniel Okafor,daniel.okafor4@example.com,555-010-0004,GRANOLA11,Granola Jar,2,11.00,0.00,1.76,23.76,
O-202609-0286-L01,O-202609-0286,1,2026-09-09T17:30:00,,,,,CROISSANT21,Croissant Box (6),2,21.00,0.00,3.36,45.36,
O-202609-0286-L02,O-202609-0286,1,2026-09-09T17:30:00,,,,,GRANOLA11,Granola Jar,2,11.00,0.00,1.76,23.76,
O-202609-0287-L01,O-202609-0287,1,2026-09-09T17:36:00,C061,Ivy Grant,ivy.grant61@example.com,555-010-0061,CAKE48,Birthday Cake,2,48.00,0.00,7.68,103.68,
O-202609-0287-L02,O-202609-0287,1,2026-09-09T17:36:00,C061,Ivy Grant,ivy.grant61@example.com,555-010-0061,CROISSANT21,Croissant Box (6),3,21.00,0.00,5.04,68.04,
O-202609-0288-L01,O-202609-0288,1,2026-09-10T07:07:00,C038,Owen Byrne,owen.byrne38@example.com,555-010-0038,CROISSANT21,Croissant Box (6),3,21.00,9.45,4.28,57.83,
O-202609-0288-L02,O-202609-0288,1,2026-09-10T07:07:00,C038,Owen Byrne,owen.byrne38@example.com,555-010-0038,BAGUETTE5,Baguette,4,5.00,0.00,1.60,21.60,No nuts please
O-202609-0289-L01,O-202609-0289,1,2026-09-10T07:10:00,C003,Priya Patel,priya.patel3@example.com,555-010-0003,GRANOLA11,Granola Jar,1,11.00,0.55,0.84,11.29,
O-202609-0289-L02,O-202609-0289,1,2026-09-10T07:10:00,C003,Priya Patel,priya.patel3@example.com,555-010-0003,BREAD9,Sourdough Loaf,4,9.00,1.80,2.74,36.94,
O-202609-0290-L01,O-202609-0290,1,2026-09-10T07:13:00,,,,,CATER120,Catering Tray,1,120.00,0.00,9.60,129.60,
O-202609-0291-L01,O-202609-0291,1,2026-09-10T07:17:00,C056,Marcus Hughes,marcus.hughes56@example.com,555-010-0056,BAGUETTE5,Baguette,1,5.00,0.00,0.40,5.40,
O-202609-0291-L02,O-202609-0291,1,2026-09-10T07:17:00,C056,Marcus Hughes,marcus.hughes56@example.com,555-010-0056,PIE32,Seasonal Pie,2,32.00,6.40,4.61,62.21,
O-202609-0291-L03,O-202609-0291,1,2026-09-10T07:17:00,C056,Marcus Hughes,marcus.hughes56@example.com,555-010-0056,CAKE48,Birthday Cake,1,48.00,0.00,3.84,51.84,Call on arrival
O-202609-0706-L01,O-202609-0706,1,2026-09-22T10:11:00,C001,Maria Lopez,maria.lopez1@example.com,555-010-0001,COOKIE12,Cookie Box (12),2,12.00,0.00,1.92,25.92,
O-202609-0292-L01,O-202609-0292,1,2026-09-10T07:51:00,C023,Megan Hughes,megan.hughes23@example.com,555-010-0023,PIE32,Seasonal Pie,2,32.00,0.00,5.12,69.12,
O-202609-0292-L02,O-202609-0292,1,2026-09-10T07:51:00,C023,Megan Hughes,megan.hughes23@example.com,555-010-0023,BREAD9,Sourdough Loaf,4,9.00,0.00,2.88,38.88,
O-202609-0292-L03,O-202609-0292,1,2026-09-10T07:51:00,C023,Megan Hughes,megan.hughes23@example.com,555-010-0023,COOKIE12,Cookie Box (12),3,12.00,0.00,2.88,38.88,
O-202609-0293-L01,O-202609-0293,1,2026-09-10T07:57:00,C054,Ravi Reed,ravi.reed54@example.com,555-010-0054,MUFFIN15,Muffin Box (4),1,15.00,0.75,1.14,15.39,Loyalty card CL-0054 scanned
O-202609-0294-L01,O-202609-0294,1,2026-09-10T08:45:00,C071,Mei Byrne,mei.byrne71@example.com,555-010-0071,BREAD9,Sourdough Loaf,4,9.00,0.00,2.88,38.88,
O-202609-0294-L02,O-202609-0294,1,2026-09-10T08:45:00,C071,Mei Byrne,mei.byrne71@example.com,555-010-0071,BAGUETTE5,Baguette,3,5.00,0.00,1.20,16.20,
O-202609-0295-L01,O-202609-0295,1,2026-09-10T08:49:00,C005,Aisha Rahman,aisha.rahman5@example.com,555-010-0005,COOKIE12,Cookie Box (12),1,12.00,0.00,0.96,12.96,
O-202609-0295-L02,O-202609-0295,1,2026-09-10T08:49:00,C005,Aisha Rahman,aisha.rahman5@example.com,555-010-0005,PIE32,Seasonal Pie,2,32.00,0.00,5.12,69.12,
O-202609-0296-L01,O-202609-0296,1,2026-09-10T08:51:00,,,,,MUFFIN15,Muffin Box (4),4,15.00,3.00,4.56,61.56,
O-202609-0296-L02,O-202609-0296,1,2026-09-10T08:51:00,,,,,COOKIE12,Cookie Box (12),2,12.00,0.00,1.92,25.92,
O-202609-0296-L03,O-202609-0296,1,2026-09-10T08:51:00,,,,,BREAD9,Sourdough Loaf,3,9.00,0.00,2.16,29.16,
O-202609-0297-L01,O-202609-0297,1,2026-09-10T08:59:00,C002,James Chen,james.chen2@example.com,555-010-0002,CATER120,Catering Tray,2,120.00,0.00,19.20,259.20,
O-202609-0297-L02,O-202609-0297,1,2026-09-10T08:59:00,C002,James Chen,james.chen2@example.com,555-010-0002,CAKE48,Birthday Cake,1,48.00,0.00,3.84,51.84,
O-202609-0297-L03,O-202609-0297,1,2026-09-10T08:59:00,C002,James Chen,james.chen2@example.com,555-010-0002,BREAD9,Sourdough Loaf,1,9.00,0.45,0.68,9.23,
O-202609-0298-L01,O-202609-0298,1,2026-09-10T09:01:00,,,,,COFFEE18,Coffee Beans 1lb,2,18.00,0.00,2.88,38.88,
O-202609-0298-L02,O-202609-0298,1,2026-09-10T09:01:00,,,,,BREAD9,Sourdough Loaf,3,9.00,0.00,2.16,29.16,
O-202609-0299-L01,O-202609-0299,1,2026-09-10T09:50:00,,,,,CROISSANT21,Croissant Box (6),2,21.00,0.00,3.36,45.36,
O-202609-0299-L02,O-202609-0299,1,2026-09-10T09:50:00,,,,,BREAD9,Sourdough Loaf,1,9.00,0.00,0.72,9.72,
O-202609-0300-L01,O-202609-0300,1,2026-09-10T11:41:00,C029,Rosa Mendes,rosa.mendes29@example.com,555-010-0029,GRANOLA11,Granola Jar,3,11.00,4.95,2.24,30.29,
O-202609-0301-L01,O-202609-0301,1,2026-09-10T11:41:00,C002,James Chen,james.chen2@example.com,555-010-0002,COOKIE12,Cookie Box (12),2,12.00,0.00,1.92,25.92,
O-202609-0301-L02,O-202609-0301,1,2026-09-10T11:41:00,C002,James Chen,james.chen2@example.com,555-010-0002,GRANOLA11,Granola Jar,4,11.00,0.00,3.52,47.52,
O-202609-0301-L03,O-202609-0301,1,2026-09-10T11:41:00,C002,James Chen,james.chen2@example.com,555-010-0002,PIE32,Seasonal Pie,1,32.00,4.80,2.18,29.38,
O-202609-0302-L01,O-202609-0302,1,2026-09-10T11:58:00,C005,Aisha Rahman,aisha.rahman5@example.com,555-010-0005,CATER120,Catering Tray,1,120.00,0.00,9.60,129.60,
O-202609-0303-L01,O-202609-0303,1,2026-09-10T12:18:00,C003,Priya Patel,priya.patel3@example.com,555-010-0003,BAGUETTE5,Baguette,2,5.00,0.00,0.80,10.80,
O-202609-0303-L02,O-202609-0303,1,2026-09-10T12:18:00,C003,Priya Patel,priya.patel3@example.com,555-010-0003,CAKE48,Birthday Cake,2,48.00,4.80,7.30,98.50,
O-202609-0303-L03,O-202609-0303,1,2026-09-10T12:18:00,C003,Priya Patel,priya.patel3@example.com,555-010-0003,GRANOLA11,Granola Jar,4,11.00,6.60,2.99,40.39,
O-202609-0303-L04,O-202609-0303,1,2026-09-10T12:18:00,C003,Priya Patel,priya.patel3@example.com,555-010-0003,CATER120,Catering Tray,2,120.00,0.00,19.20,259.20,
O-202609-0304-L01,O-202609-0304,1,2026-09-10T12:47:00,C006,Tom Walsh,tom.walsh6@example.com,555-010-0006,CAKE48,Birthday Cake,2,48.00,0.00,7.68,103.68,
O-202609-0304-L02,O-202609-0304,1,2026-09-10T12:47:00,C006,Tom Walsh,tom.walsh6@example.com,555-010-0006,COOKIE12,Cookie Box (12),1,12.00,0.00,0.96,12.96,
O-202609-0304-L03,O-202609-0304,1,2026-09-10T12:47:00,C006,Tom Walsh,tom.walsh6@example.com,555-010-0006,CATER120,Catering Tray,2,120.00,0.00,19.20,259.20,
O-202609-0304-L04,O-202609-0304,1,2026-09-10T12:47:00,C006,Tom Walsh,tom.walsh6@example.com,555-010-0006,COFFEE18,Coffee Beans 1lb,3,18.00,0.00,4.32,58.32,
O-202609-0305-L01,O-202609-0305,1,2026-09-10T13:15:00,C003,Priya Patel,priya.patel3@example.com,555-010-0003,CATER120,Catering Tray,1,120.00,0.00,9.60,129.60,
O-202609-0305-L02,O-202609-0305,1,2026-09-10T13:15:00,C003,Priya Patel,priya.patel3@example.com,555-010-0003,COOKIE12,Cookie Box (12),2,12.00,0.00,1.92,25.92,
O-202609-0306-L01,O-202609-0306,1,2026-09-10T13:19:00,,,,,CATER120,Catering Tray,1,120.00,18.00,8.16,110.16,
O-202609-0307-L01,O-202609-0307,1,2026-09-10T14:04:00,C003,Priya Patel,priya.patel3@example.com,555-010-0003,MUFFIN15,Muffin Box (4),4,15.00,0.00,4.80,64.80,
O-202609-0307-L02,O-202609-0307,1,2026-09-10T14:04:00,C003,Priya Patel,priya.patel3@example.com,555-010-0003,GRANOLA11,Granola Jar,4,11.00,6.60,2.99,40.39,
O-202609-0308-L01,O-202609-0308,1,2026-09-10T14:14:00,C018,Ben Fischer,ben.fischer18@example.com,555-010-0018,COFFEE18,Coffee Beans 1lb,4,18.00,0.00,5.76,77.76,
O-202609-0308-L02,O-202609-0308,1,2026-09-10T14:14:00,C018,Ben Fischer,ben.fischer18@example.com,555-010-0018,GRANOLA11,Granola Jar,3,11.00,0.00,2.64,35.64,
O-202609-0309-L01,O-202609-0309,1,2026-09-10T14:14:00,C067,Lily Shah,lily.shah67@example.com,555-010-0067,GRANOLA11,Granola Jar,1,11.00,0.55,0.84,11.29,
O-202609-0309-L02,O-202609-0309,1,2026-09-10T14:14:00,C067,Lily Shah,lily.shah67@example.com,555-010-0067,MUFFIN15,Muffin Box (4),3,15.00,0.00,3.60,48.60,
O-202609-0310-L01,O-202609-0310,1,2026-09-10T14:28:00,C059,Fatima Evans,fatima.evans59@example.com,555-010-0059,CAKE48,Birthday Cake,1,48.00,0.00,3.84,51.84,
O-202609-0311-L01,O-202609-0311,1,2026-09-10T14:29:00,C017,Sofia Costa,sofia.costa17@example.com,555-010-0017,COOKIE12,Cookie Box (12),3,12.00,3.60,2.59,34.99,
O-202609-0311-L02,O-202609-0311,1,2026-09-10T14:29:00,C017,Sofia Costa,sofia.costa17@example.com,555-010-0017,BREAD9,Sourdough Loaf,4,9.00,0.00,2.88,38.88,
O-202609-0312-L01,O-202609-0312,1,2026-09-10T14:30:00,C004,Daniel Okafor,daniel.okafor4@example.com,555-010-0004,COOKIE12,Cookie Box (12),1,12.00,1.20,0.86,11.66,Pre-order
O-202609-0312-L02,O-202609-0312,1,2026-09-10T14:30:00,C004,Daniel Okafor,daniel.okafor4@example.com,555-010-0004,MUFFIN15,Muffin Box (4),2,15.00,1.50,2.28,30.78,
O-202609-0082-L01,O-202609-0082,1,2026-09-03T13:24:00,C001,Maria Lopez,maria.lopez1@example.com,555-010-0001,GRANOLA11,Granola Jar,3,11.00,0.00,2.64,35.64,
O-202609-0312-L03,O-202609-0312,1,2026-09-10T14:30:00,C004,Daniel Okafor,daniel.okafor4@example.com,555-010-0004,CATER120,Catering Tray,1,120.00,0.00,9.60,129.60,
O-202609-0313-L01,O-202609-0313,1,2026-09-10T14:32:00,C044,Daniel Brooks,daniel.brooks44@example.com,555-010-0044,PIE32,Seasonal Pie,1,32.00,0.00,2.56,34.56,Pickup after 3pm
O-202609-0314-L01,O-202609-0314,1,2026-09-10T15:01:00,C045,Aisha Nguyen,aisha.nguyen45@example.com,555-010-0045,PIE32,Seasonal Pie,2,32.00,3.20,4.86,65.66,
O-202609-0314-L02,O-202609-0314,1,2026-09-10T15:01:00,C045,Aisha Nguyen,aisha.nguyen45@example.com,555-010-0045,BREAD9,Sourdough Loaf,4,9.00,3.60,2.59,34.99,
O-202609-0315-L01,O-202609-0315,1,2026-09-10T15:14:00,,,,,BREAD9,Sourdough Loaf,4,9.00,0.00,2.88,38.88,
O-202609-0315-L02,O-202609-0315,1,2026-09-10T15:14:00,,,,,CAKE48,Birthday Cake,2,48.00,9.60,6.91,93.31,
O-202609-0456-L01,O-202609-0456,1,2026-09-14T16:40:00,C010,Omar Haddad,omar.haddad10@example.com,555-010-0010,CROISSANT21,Croissant Box (6),6,21.00,0.00,10.08,136.08,
O-202609-0316-L01,O-202609-0316,1,2026-09-10T15:16:00,C012,Victor Nguyen,victor.nguyen12@example.com,555-010-0012,BREAD9,Sourdough Loaf,2,9.00,2.70,1.22,16.52,
O-202609-0317-L01,O-202609-0317,1,2026-09-10T15:26:00,C021,Ivy Reed,ivy.reed21@example.com,555-010-0021,CATER120,Catering Tray,1,120.00,0.00,9.60,129.60,
O-202609-0317-L02,O-202609-0317,1,2026-09-10T15:26:00,C021,Ivy Reed,ivy.reed21@example.com,555-010-0021,CROISSANT21,Croissant Box (6),4,21.00,4.20,6.38,86.18,
O-202609-0318-L01,O-202609-0318,1,2026-09-10T15:28:00,C025,Zara Khan,zara.khan25@example.com,555-010-0025,PIE32,Seasonal Pie,1,32.00,0.00,2.56,34.56,Loyalty card CL-0025 scanned
O-202609-0318-L02,O-202609-0318,1,2026-09-10T15:28:00,C025,Zara Khan,zara.khan25@example.com,555-010-0025,MUFFIN15,Muffin Box (4),4,15.00,0.00,4.80,64.80,
O-202609-0319-L01,O-202609-0319,1,2026-09-10T15:36:00,C004,Daniel Okafor,daniel.okafor4@example.com,555-010-0004,CATER120,Catering Tray,1,90.00,0.00,7.20,97.20,
O-202609-0320-L01,O-202609-0320,1,2026-09-10T16:26:00,C078,Owen Rahman,owen.rahman78@example.com,555-010-0078,COOKIE12,Cookie Box (12),3,12.00,5.40,2.45,33.05,
O-202609-0320-L02,O-202609-0320,1,2026-09-10T16:26:00,C078,Owen Rahman,owen.rahman78@example.com,555-010-0078,CATER120,Catering Tray,1,120.00,0.00,9.60,129.60,
O-202609-0321-L01,O-202609-0321,1,2026-09-10T16:41:00,C052,Victor Ali,victor.ali52@example.com,555-010-0052,BREAD9,Sourdough Loaf,4,9.00,3.60,2.59,34.99,
O-202609-0321-L02,O-202609-0321,1,2026-09-10T16:41:00,C052,Victor Ali,victor.ali52@example.com,555-010-0052,BAGUETTE5,Baguette,1,5.00,0.50,0.36,4.86,
O-202609-0321-L03,O-202609-0321,1,2026-09-10T16:41:00,C052,Victor Ali,victor.ali52@example.com,555-010-0052,PIE32,Seasonal Pie,1,32.00,0.00,2.56,34.56,
O-202609-0322-L01,O-202609-0322,1,2026-09-10T17:14:00,C007,Keiko Tanaka,keiko.tanaka7@example.com,555-010-0007,CAKE48,Birthday Cake,2,48.00,0.00,7.68,103.68,
O-202609-0322-L02,O-202609-0322,1,2026-09-10T17:14:00,C007,Keiko Tanaka,keiko.tanaka7@example.com,555-010-0007,BAGUETTE5,Baguette,1,5.00,0.00,0.40,5.40,
O-202609-0323-L01,O-202609-0323,1,2026-09-10T17:28:00,C046,Tom Petrov,tom.petrov46@example.com,555-010-0046,PIE32,Seasonal Pie,1,32.00,4.80,2.18,29.38,
O-202609-0324-L01,O-202609-0324,1,2026-09-10T17:47:00,C001,Maria Lopez,maria.lopez1@example.com,555-010-0001,CATER120,Catering Tray,1,120.00,0.00,9.60,129.60,
O-202609-0324-L02,O-202609-0324,1,2026-09-10T17:47:00,C001,Maria Lopez,maria.lopez1@example.com,555-010-0001,COFFEE18,Coffee Beans 1lb,2,18.00,0.00,2.88,38.88,
O-202609-0324-L03,O-202609-0324,1,2026-09-10T17:47:00,C001,Maria Lopez,maria.lopez1@example.com,555-010-0001,MUFFIN15,Muffin Box (4),2,15.00,4.50,2.04,27.54,
O-202609-0325-L01,O-202609-0325,1,2026-09-10T17:58:00,C009,Grace Kim,grace.kim9@example.com,555-010-0009,COOKIE12,Cookie Box (12),3,12.00,5.40,2.45,33.05,
O-202609-0325-L02,O-202609-0325,1,2026-09-10T17:58:00,C009,Grace Kim,grace.kim9@example.com,555-010-0009,COFFEE18,Coffee Beans 1lb,4,18.00,0.00,5.76,77.76,
O-202609-0325-L03,O-202609-0325,1,2026-09-10T17:58:00,C009,Grace Kim,grace.kim9@example.com,555-010-0009,BREAD9,Sourdough Loaf,2,9.00,0.00,1.44,19.44,
O-202609-0326-L01,O-202609-0326,1,2026-09-11T08:06:00,C032,Diego Ramos,diego.ramos32@example.com,555-010-0032,CATER120,Catering Tray,1,120.00,12.00,8.64,116.64,
O-202609-0326-L02,O-202609-0326,1,2026-09-11T08:06:00,C032,Diego Ramos,diego.ramos32@example.com,555-010-0032,BREAD9,Sourdough Loaf,4,9.00,0.00,2.88,38.88,Pre-order
O-202609-0327-L01,O-202609-0327,1,2026-09-11T08:26:00,C004,Daniel Okafor,daniel.okafor4@example.com,555-010-0004,BREAD9,Sourdough Loaf,1,9.00,1.35,0.61,8.26,
O-202609-0328-L01,O-202609-0328,1,2026-09-11T08:29:00,C005,Aisha Rahman,aisha.rahman5@example.com,555-010-0005,COFFEE18,Coffee Beans 1lb,1,18.00,0.00,1.44,19.44,
O-202609-0328-L02,O-202609-0328,1,2026-09-11T08:29:00,C005,Aisha Rahman,aisha.rahman5@example.com,555-010-0005,CATER120,Catering Tray,2,120.00,24.00,17.28,233.28,
O-202609-0329-L01,O-202609-0329,1,2026-09-11T09:42:00,C057,Sofia Park,sofia.park57@example.com,555-010-0057,MUFFIN15,Muffin Box (4),2,15.00,1.50,2.28,30.78,
O-202609-0329-L02,O-202609-0329,1,2026-09-11T09:42:00,C057,Sofia Park,sofia.park57@example.com,555-010-0057,CROISSANT21,Croissant Box (6),2,21.00,0.00,3.36,45.36,Write 'Happy 40th'
O-202609-0330-L01,O-202609-0330,1,2026-09-11T09:48:00,C012,Victor Nguyen,victor.nguyen12@example.com,555-010-0012,BREAD9,Sourdough Loaf,3,9.00,4.05,1.84,24.79,
O-202609-0330-L02,O-202609-0330,1,2026-09-11T09:48:00,C012,Victor Nguyen,victor.nguyen12@example.com,555-010-0012,BAGUETTE5,Baguette,4,5.00,0.00,1.60,21.60,
O-202609-0331-L01,O-202609-0331,1,2026-09-11T10:34:00,C036,Felix Larsen,felix.larsen36@example.com,555-010-0036,BREAD9,Sourdough Loaf,4,9.00,0.00,2.88,38.88,
O-202609-0331-L02,O-202609-0331,1,2026-09-11T10:34:00,C036,Felix Larsen,felix.larsen36@example.com,555-010-0036,CATER120,Catering Tray,2,120.00,24.00,17.28,233.28,
O-202609-0332-L01,O-202609-0332,1,2026-09-11T10:51:00,C068,Jonah Novak,jonah.novak68@example.com,555-010-0068,CAKE48,Birthday Cake,1,48.00,2.40,3.65,49.25,
O-202609-0332-L02,O-202609-0332,1,2026-09-11T10:51:00,C068,Jonah Novak,jonah.novak68@example.com,555-010-0068,GRANOLA11,Granola Jar,2,11.00,0.00,1.76,23.76,
O-202609-0333-L01,O-202609-0333,1,2026-09-11T10:58:00,C003,Priya Patel,priya.patel3@example.com,555-010-0003,BREAD9,Sourdough Loaf,3,9.00,0.00,2.16,29.16,
O-202609-0333-L02,O-202609-0333,1,2026-09-11T10:58:00,C003,Priya Patel,priya.patel3@example.com,555-010-0003,CATER120,Catering Tray,2,120.00,0.00,19.20,259.20,
O-202609-0334-L01,O-202609-0334,1,2026-09-11T11:09:00,C008,Luis Garcia,luis.garcia8@example.com,555-010-0008,COFFEE18,Coffee Beans 1lb,2,18.00,0.00,2.88,38.88,
O-202609-0334-L02,O-202609-0334,1,2026-09-11T11:09:00,C008,Luis Garcia,luis.garcia8@example.com,555-010-0008,COOKIE12,Cookie Box (12),4,12.00,0.00,3.84,51.84,
O-202609-0335-L01,O-202609-0335,1,2026-09-11T11:15:00,C067,Lily Shah,lily.shah67@example.com,555-010-0067,COFFEE18,Coffee Beans 1lb,1,18.00,0.00,1.44,19.44,
O-202609-0335-L02,O-202609-0335,1,2026-09-11T11:15:00,C067,Lily Shah,lily.shah67@example.com,555-010-0067,GRANOLA11,Granola Jar,1,11.00,0.00,0.88,11.88,
O-202609-0336-L01,O-202609-0336,1,2026-09-11T11:38:00,C046,Tom Petrov,tom.petrov46@example.com,555-010-0046,COOKIE12,Cookie Box (12),1,12.00,0.60,0.91,12.31,
O-202609-0336-L02,O-202609-0336,1,2026-09-11T11:38:00,C046,Tom Petrov,tom.petrov46@example.com,555-010-0046,BREAD9,Sourdough Loaf,3,9.00,0.00,2.16,29.16,
O-202609-0337-L01,O-202609-0337,1,2026-09-11T11:55:00,C032,Diego Ramos,diego.ramos32@example.com,555-010-0032,CAKE48,Birthday Cake,2,48.00,0.00,7.68,103.68,
O-202609-0338-L01,O-202609-0338,1,2026-09-11T12:08:00,C043,Priya Haddad,priya.haddad43@example.com,555-010-0043,BAGUETTE5,Baguette,2,5.00,1.50,0.68,9.18,
O-202609-0338-L02,O-202609-0338,1,2026-09-11T12:08:00,C043,Priya Haddad,priya.haddad43@example.com,555-010-0043,CAKE48,Birthday Cake,2,48.00,0.00,7.68,103.68,
O-202609-0338-L03,O-202609-0338,1,2026-09-11T12:08:00,C043,Priya Haddad,priya.haddad43@example.com,555-010-0043,MUFFIN15,Muffin Box (4),2,15.00,0.00,2.40,32.40,
O-202609-0339-L01,O-202609-0339,1,2026-09-11T12:37:00,C024,Theo Park,theo.park24@example.com,555-010-0024,CAKE48,Birthday Cake,2,48.00,0.00,7.68,103.68,
O-202609-0339-L02,O-202609-0339,1,2026-09-11T12:37:00,C024,Theo Park,theo.park24@example.com,555-010-0024,COOKIE12,Cookie Box (12),2,12.00,0.00,1.92,25.92,
O-202609-0340-L01,O-202609-0340,1,2026-09-11T13:04:00,,,,,CAKE48,Birthday Cake,1,48.00,7.20,3.26,44.06,
O-202609-0341-L01,O-202609-0341,1,2026-09-11T13:16:00,C003,Priya Patel,priya.patel3@example.com,555-010-0003,PIE32,Seasonal Pie,1,32.00,1.60,2.43,32.83,
O-202609-0341-L02,O-202609-0341,1,2026-09-11T13:16:00,C003,Priya Patel,priya.patel3@example.com,555-010-0003,CAKE48,Birthday Cake,2,48.00,0.00,7.68,103.68,
O-202609-0342-L01,O-202609-0342,1,2026-09-11T13:26:00,C007,Keiko Tanaka,keiko.tanaka7@example.com,555-010-0007,BAGUETTE5,Baguette,4,5.00,3.00,1.36,18.36,
O-202609-0342-L02,O-202609-0342,1,2026-09-11T13:26:00,C007,Keiko Tanaka,keiko.tanaka7@example.com,555-010-0007,CATER120,Catering Tray,1,120.00,0.00,9.60,129.60,
O-202609-0343-L01,O-202609-0343,1,2026-09-11T13:33:00,C032,Diego Ramos,diego.ramos32@example.com,555-010-0032,CAKE48,Birthday Cake,2,48.00,0.00,7.68,103.68,
O-202609-0343-L02,O-202609-0343,1,2026-09-11T13:33:00,C032,Diego Ramos,diego.ramos32@example.com,555-010-0032,BAGUETTE5,Baguette,3,5.00,0.00,1.20,16.20,
O-202609-0343-L03,O-202609-0343,1,2026-09-11T13:33:00,C032,Diego Ramos,diego.ramos32@example.com,555-010-0032,CATER120,Catering Tray,2,120.00,0.00,19.20,259.20,Birthday pickup
O-202609-0344-L01,O-202609-0344,1,2026-09-11T14:07:00,,,,,CATER120,Catering Tray,2,120.00,36.00,16.32,220.32,
O-202609-0344-L02,O-202609-0344,1,2026-09-11T14:07:00,,,,,MUFFIN15,Muffin Box (4),1,15.00,0.00,1.20,16.20,Birthday pickup
O-202609-0344-L03,O-202609-0344,1,2026-09-11T14:07:00,,,,,BREAD9,Sourdough Loaf,4,9.00,0.00,2.88,38.88,
O-202609-0345-L01,O-202609-0345,1,2026-09-11T15:45:00,C054,Ravi Reed,ravi.reed54@example.com,555-010-0054,COOKIE12,Cookie Box (12),1,12.00,0.00,0.96,12.96,
O-202609-0345-L02,O-202609-0345,1,2026-09-11T15:45:00,C054,Ravi Reed,ravi.reed54@example.com,555-010-0054,BAGUETTE5,Baguette,2,5.00,0.00,0.80,10.80,
O-202609-0346-L01,O-202609-0346,1,2026-09-11T15:56:00,C047,Keiko Iyer,keiko.iyer47@example.com,555-010-0047,BREAD9,Sourdough Loaf,2,9.00,1.80,1.30,17.50,
O-202609-0347-L01,O-202609-0347,1,2026-09-11T16:16:00,,,,,PIE32,Seasonal Pie,2,32.00,0.00,5.12,69.12,
O-202609-0347-L02,O-202609-0347,1,2026-09-11T16:16:00,,,,,CAKE48,Birthday Cake,2,48.00,14.40,6.53,88.13,
O-202609-0348-L01,O-202609-0348,1,2026-09-11T16:42:00,C062,Carlos Mendes,carlos.mendes62@example.com,555-010-0062,CAKE48,Birthday Cake,1,48.00,7.20,3.26,44.06,
O-202609-0348-L02,O-202609-0348,1,2026-09-11T16:42:00,C062,Carlos Mendes,carlos.mendes62@example.com,555-010-0062,GRANOLA11,Granola Jar,2,11.00,0.00,1.76,23.76,
O-202609-0349-L01,O-202609-0349,1,2026-09-11T16:59:00,C037,Yara Mensah,yara.mensah37@example.com,555-010-0037,MUFFIN15,Muffin Box (4),3,15.00,0.00,3.60,48.60,
O-202609-0349-L02,O-202609-0349,1,2026-09-11T16:59:00,C037,Yara Mensah,yara.mensah37@example.com,555-010-0037,COOKIE12,Cookie Box (12),3,12.00,5.40,2.45,33.05,
O-202609-0350-L01,O-202609-0350,1,2026-09-11T17:00:00,C045,Aisha Nguyen,aisha.nguyen45@example.com,555-010-0045,GRANOLA11,Granola Jar,1,11.00,0.00,0.88,11.88,Birthday pickup
O-202609-0350-L02,O-202609-0350,1,2026-09-11T17:00:00,C045,Aisha Nguyen,aisha.nguyen45@example.com,555-010-0045,COFFEE18,Coffee Beans 1lb,4,18.00,0.00,5.76,77.76,
O-202609-0351-L01,O-202609-0351,1,2026-09-11T17:21:00,,,,,COOKIE12,Cookie Box (12),1,12.00,1.80,0.82,11.02,
O-202609-0352-L01,O-202609-0352,1,2026-09-11T17:25:00,C011,Hannah Brooks,hannah.brooks11@example.com,555-010-0011,GRANOLA11,Granola Jar,3,11.00,0.00,2.64,35.64,
O-202609-0352-L02,O-202609-0352,1,2026-09-11T17:25:00,C011,Hannah Brooks,hannah.brooks11@example.com,555-010-0011,MUFFIN15,Muffin Box (4),2,15.00,0.00,2.40,32.40,
O-202609-0352-L03,O-202609-0352,1,2026-09-11T17:25:00,C011,Hannah Brooks,hannah.brooks11@example.com,555-010-0011,CROISSANT21,Croissant Box (6),4,21.00,4.20,6.38,86.18,
O-202609-0353-L01,O-202609-0353,1,2026-09-11T17:31:00,,,,,PIE32,Seasonal Pie,1,32.00,0.00,2.56,34.56,
O-202609-0353-L02,O-202609-0353,1,2026-09-11T17:31:00,,,,,COFFEE18,Coffee Beans 1lb,4,18.00,0.00,5.76,77.76,
O-202609-0354-L01,O-202609-0354,1,2026-09-11T17:41:00,C017,Sofia Costa,sofia.costa17@example.com,555-010-0017,BREAD9,Sourdough Loaf,3,9.00,0.00,2.16,29.16,
O-202609-0354-L02,O-202609-0354,1,2026-09-11T17:41:00,C017,Sofia Costa,sofia.costa17@example.com,555-010-0017,CAKE48,Birthday Cake,2,48.00,0.00,7.68,103.68,
O-202609-0354-L03,O-202609-0354,1,2026-09-11T17:41:00,C017,Sofia Costa,sofia.costa17@example.com,555-010-0017,BAGUETTE5,Baguette,2,5.00,0.00,0.80,10.80,
O-202609-0355-L01,O-202609-0355,1,2026-09-12T08:18:00,,,,,CAKE48,Birthday Cake,1,48.00,4.80,3.46,46.66,
O-202609-0355-L02,O-202609-0355,1,2026-09-12T08:18:00,,,,,MUFFIN15,Muffin Box (4),1,15.00,0.00,1.20,16.20,
O-202609-0356-L01,O-202609-0356,1,2026-09-12T08:23:00,C011,Hannah Brooks,hannah.brooks11@example.com,555-010-0011,CATER120,Catering Tray,1,120.00,0.00,9.60,129.60,
O-202609-0356-L02,O-202609-0356,1,2026-09-12T08:23:00,C011,Hannah Brooks,hannah.brooks11@example.com,555-010-0011,GRANOLA11,Granola Jar,2,11.00,1.10,1.67,22.57,
O-202609-0357-L01,O-202609-0357,1,2026-09-12T08:40:00,C002,James Chen,james.chen2@example.com,555-010-0002,COFFEE18,Coffee Beans 1lb,3,18.00,0.00,4.32,58.32,
O-202609-0358-L01,O-202609-0358,1,2026-09-12T08:43:00,C009,Grace Kim,grace.kim9@example.com,555-010-0009,PIE32,Seasonal Pie,2,32.00,0.00,5.12,69.12,
O-202609-0359-L01,O-202609-0359,1,2026-09-12T08:50:00,C004,Daniel Okafor,daniel.okafor4@example.com,555-010-0004,CROISSANT21,Croissant Box (6),2,21.00,0.00,3.36,45.36,
O-202609-0359-L02,O-202609-0359,1,2026-09-12T08:50:00,C004,Daniel Okafor,daniel.okafor4@example.com,555-010-0004,BREAD9,Sourdough Loaf,4,9.00,0.00,2.88,38.88,
O-202609-0360-L01,O-202609-0360,1,2026-09-12T08:58:00,C043,Priya Haddad,priya.haddad43@example.com,555-010-0043,PIE32,Seasonal Pie,2,32.00,9.60,4.35,58.75,
O-202609-0361-L01,O-202609-0361,1,2026-09-12T08:59:00,C013,Nina Petrov,nina.petrov13@example.com,555-010-0013,MUFFIN15,Muffin Box (4),4,15.00,6.00,4.32,58.32,
O-202609-0361-L02,O-202609-0361,1,2026-09-12T08:59:00,C013,Nina Petrov,nina.petrov13@example.com,555-010-0013,CAKE48,Birthday Cake,1,48.00,0.00,3.84,51.84,
O-202609-0361-L03,O-202609-0361,1,2026-09-12T08:59:00,C013,Nina Petrov,nina.petrov13@example.com,555-010-0013,CROISSANT21,Croissant Box (6),4,21.00,0.00,6.72,90.72,
O-202609-0362-L01,O-202609-0362,1,2026-09-12T09:19:00,,,,,BAGUETTE5,Baguette,1,5.00,0.00,0.40,5.40,
O-202609-0362-L02,O-202609-0362,1,2026-09-12T09:19:00,,,,,COFFEE18,Coffee Beans 1lb,1,18.00,0.90,1.37,18.47,
O-202609-0363-L01,O-202609-0363,1,2026-09-12T11:03:00,C031,Mei Liu,mei.liu31@example.com,555-010-0031,GRANOLA11,Granola Jar,2,11.00,0.00,1.76,23.76,
O-202609-0363-L02,O-202609-0363,1,2026-09-12T11:03:00,C031,Mei Liu,mei.liu31@example.com,555-010-0031,CAKE48,Birthday Cake,1,48.00,0.00,3.84,51.84,
O-202609-0363-L03,O-202609-0363,1,2026-09-12T11:03:00,C031,Mei Liu,mei.liu31@example.com,555-010-0031,PIE32,Seasonal Pie,1,32.00,0.00,2.56,34.56,
O-202609-0363-L04,O-202609-0363,1,2026-09-12T11:03:00,C031,Mei Liu,mei.liu31@example.com,555-010-0031,BAGUETTE5,Baguette,4,5.00,0.00,1.60,21.60,
O-202609-0364-L01,O-202609-0364,1,2026-09-12T11:04:00,C038,Owen Byrne,owen.byrne38@example.com,555-010-0038,BREAD9,Sourdough Loaf,4,9.00,0.00,2.88,38.88,Call on arrival
O-202609-0364-L02,O-202609-0364,1,2026-09-12T11:04:00,C038,Owen Byrne,owen.byrne38@example.com,555-010-0038,PIE32,Seasonal Pie,1,32.00,1.60,2.43,32.83,
O-202609-0365-L01,O-202609-0365,1,2026-09-12T11:10:00,C009,Grace Kim,grace.kim9@example.com,555-010-0009,GRANOLA11,Granola Jar,2,11.00,0.00,1.76,23.76,
O-202609-0366-L01,O-202609-0366,1,2026-09-12T11:15:00,C075,Ada Chen,ada.chen75@example.com,555-010-0075,COOKIE12,Cookie Box (12),3,12.00,0.00,2.88,38.88,
O-202609-0366-L02,O-202609-0366,1,2026-09-12T11:15:00,C075,Ada Chen,ada.chen75@example.com,555-010-0075,BAGUETTE5,Baguette,1,5.00,0.00,0.40,5.40,
O-202609-0367-L01,O-202609-0367,1,2026-09-12T11:17:00,,,,,CAKE48,Birthday Cake,1,48.00,7.20,3.26,44.06,
O-202609-0367-L02,O-202609-0367,1,2026-09-12T11:17:00,,,,,BAGUETTE5,Baguette,4,5.00,1.00,1.52,20.52,
O-202609-0367-L03,O-202609-0367,1,2026-09-12T11:17:00,,,,,BREAD9,Sourdough Loaf,2,9.00,0.00,1.44,19.44,
O-202609-0368-L01,O-202609-0368,1,2026-09-12T11:22:00,,,,,GRANOLA11,Granola Jar,1,11.00,1.10,0.79,10.69,
O-202609-0368-L02,O-202609-0368,1,2026-09-12T11:22:00,,,,,BAGUETTE5,Baguette,4,5.00,0.00,1.60,21.60,
O-202609-0369-L01,O-202609-0369,1,2026-09-12T11:35:00,C005,Aisha Rahman,aisha.rahman5@example.com,555-010-0005,COFFEE18,Coffee Beans 1lb,2,18.00,0.00,2.88,38.88,
O-202609-0370-L01,O-202609-0370,1,2026-09-12T11:39:00,C002,James Chen,james.chen2@example.com,555-010-0002,COOKIE12,Cookie Box (12),3,12.00,0.00,2.88,38.88,
O-202609-0370-L02,O-202609-0370,1,2026-09-12T11:39:00,C002,James Chen,james.chen2@example.com,555-010-0002,PIE32,Seasonal Pie,1,32.00,0.00,2.56,34.56,
O-202609-0371-L01,O-202609-0371,1,2026-09-12T11:44:00,C078,Owen Rahman,owen.rahman78@example.com,555-010-0078,BAGUETTE5,Baguette,2,5.00,1.50,0.68,9.18,
O-202609-0371-L02,O-202609-0371,1,2026-09-12T11:44:00,C078,Owen Rahman,owen.rahman78@example.com,555-010-0078,CAKE48,Birthday Cake,2,48.00,0.00,7.68,103.68,
O-202609-0372-L01,O-202609-0372,1,2026-09-12T12:03:00,C010,Omar Haddad,omar.haddad10@example.com,555-010-0010,CATER120,Catering Tray,2,120.00,24.00,17.28,233.28,
O-202609-0372-L02,O-202609-0372,1,2026-09-12T12:03:00,C010,Omar Haddad,omar.haddad10@example.com,555-010-0010,CROISSANT21,Croissant Box (6),3,21.00,6.30,4.54,61.24,
O-202609-0373-L01,O-202609-0373,1,2026-09-12T12:06:00,C066,Noah Martin,noah.martin66@example.com,555-010-0066,PIE32,Seasonal Pie,1,32.00,0.00,2.56,34.56,
O-202609-0373-L02,O-202609-0373,1,2026-09-12T12:06:00,C066,Noah Martin,noah.martin66@example.com,555-010-0066,COFFEE18,Coffee Beans 1lb,2,18.00,0.00,2.88,38.88,
O-202609-0374-L01,O-202609-0374,1,2026-09-12T12:07:00,C002,James Chen,james.chen2@example.com,555-010-0002,CROISSANT21,Croissant Box (6),3,21.00,0.00,5.04,68.04,
O-202609-0374-L02,O-202609-0374,1,2026-09-12T12:07:00,C002,James Chen,james.chen2@example.com,555-010-0002,BREAD9,Sourdough Loaf,2,9.00,0.00,1.44,19.44,Slice the loaf
O-202609-0375-L01,O-202609-0375,1,2026-09-12T12:13:00,C010,Omar Haddad,omar.haddad10@example.com,555-010-0010,MUFFIN15,Muffin Box (4),2,15.00,0.00,2.40,32.40,Loyalty card CL-0010 scanned
O-202609-0375-L02,O-202609-0375,1,2026-09-12T12:13:00,C010,Omar Haddad,omar.haddad10@example.com,555-010-0010,BREAD9,Sourdough Loaf,2,9.00,0.00,1.44,19.44,
O-202609-0375-L03,O-202609-0375,1,2026-09-12T12:13:00,C010,Omar Haddad,omar.haddad10@example.com,555-010-0010,PIE32,Seasonal Pie,1,32.00,0.00,2.56,34.56,
O-202609-0376-L01,O-202609-0376,1,2026-09-12T12:52:00,,,,,COOKIE12,Cookie Box (12),4,12.00,7.20,3.26,44.06,
O-202609-0377-L01,O-202609-0377,1,2026-09-12T12:53:00,,,,,BAGUETTE5,Baguette,2,5.00,1.00,0.72,9.72,
O-202609-0377-L02,O-202609-0377,1,2026-09-12T12:53:00,,,,,BREAD9,Sourdough Loaf,4,9.00,0.00,2.88,38.88,
O-202609-0377-L03,O-202609-0377,1,2026-09-12T12:53:00,,,,,MUFFIN15,Muffin Box (4),3,15.00,0.00,3.60,48.60,
O-202609-0378-L01,O-202609-0378,1,2026-09-12T13:10:00,,,,,COOKIE12,Cookie Box (12),3,12.00,0.00,2.88,38.88,
O-202609-0378-L02,O-202609-0378,1,2026-09-12T13:10:00,,,,,CATER120,Catering Tray,2,120.00,0.00,19.20,259.20,
O-202609-0379-L01,O-202609-0379,1,2026-09-12T13:46:00,,,,,GRANOLA11,Granola Jar,3,11.00,0.00,2.64,35.64,
O-202609-0379-L02,O-202609-0379,1,2026-09-12T13:46:00,,,,,MUFFIN15,Muffin Box (4),2,15.00,1.50,2.28,30.78,
O-202609-0380-L01,O-202609-0380,1,2026-09-12T14:23:00,C002,James Chen,james.chen2@example.com,555-010-0002,CROISSANT21,Croissant Box (6),4,21.00,12.60,5.71,77.11,
O-202609-0380-L02,O-202609-0380,1,2026-09-12T14:23:00,C002,James Chen,james.chen2@example.com,555-010-0002,CAKE48,Birthday Cake,2,48.00,0.00,7.68,103.68,
O-202609-0381-L01,O-202609-0381,1,2026-09-12T14:36:00,C005,Aisha Rahman,aisha.rahman5@example.com,555-010-0005,BAGUETTE5,Baguette,2,5.00,1.50,0.68,9.18,
O-202609-0382-L01,O-202609-0382,1,2026-09-12T14:53:00,C027,Chris Lee,chris.lee27@example.com,555-010-0027,MUFFIN15,Muffin Box (4),4,15.00,0.00,4.80,64.80,
O-202609-0382-L02,O-202609-0382,1,2026-09-12T14:53:00,C027,Chris Lee,chris.lee27@example.com,555-010-0027,PIE32,Seasonal Pie,2,32.00,0.00,5.12,69.12,
O-202609-0382-L03,O-202609-0382,1,2026-09-12T14:53:00,C027,Chris Lee,chris.lee27@example.com,555-010-0027,COFFEE18,Coffee Beans 1lb,3,18.00,0.00,4.32,58.32,
O-202609-0383-L01,O-202609-0383,1,2026-09-12T15:31:00,C008,Luis Garcia,luis.garcia8@example.com,555-010-0008,MUFFIN15,Muffin Box (4),3,15.00,6.75,3.06,41.31,
O-202609-0383-L02,O-202609-0383,1,2026-09-12T15:31:00,C008,Luis Garcia,luis.garcia8@example.com,555-010-0008,COOKIE12,Cookie Box (12),1,12.00,0.00,0.96,12.96,
O-202609-0384-L01,O-202609-0384,1,2026-09-12T15:47:00,,,,,COFFEE18,Coffee Beans 1lb,3,18.00,0.00,4.32,58.32,
O-202609-0384-L02,O-202609-0384,1,2026-09-12T15:47:00,,,,,CROISSANT21,Croissant Box (6),3,21.00,3.15,4.79,64.64,
O-202609-0385-L01,O-202609-0385,1,2026-09-12T16:49:00,C009,Grace Kim,grace.kim9@example.com,555-010-0009,COFFEE18,Coffee Beans 1lb,4,18.00,0.00,5.76,77.76,
O-202609-0386-L01,O-202609-0386,1,2026-09-12T16:54:00,C025,Zara Khan,zara.khan25@example.com,555-010-0025,CAKE48,Birthday Cake,2,48.00,0.00,7.68,103.68,
O-202609-0386-L02,O-202609-0386,1,2026-09-12T16:54:00,C025,Zara Khan,zara.khan25@example.com,555-010-0025,GRANOLA11,Granola Jar,1,11.00,0.00,0.88,11.88,Staff to box separately
O-202609-0386-L03,O-202609-0386,1,2026-09-12T16:54:00,C025,Zara Khan,zara.khan25@example.com,555-010-0025,PIE32,Seasonal Pie,1,32.00,0.00,2.56,34.56,
O-202609-0387-L01,O-202609-0387,1,2026-09-12T17:07:00,C012,Victor Nguyen,victor.nguyen12@example.com,555-010-0012,MUFFIN15,Muffin Box (4),2,15.00,0.00,2.40,32.40,
O-202609-0388-L01,O-202609-0388,1,2026-09-12T17:31:00,C002,James Chen,james.chen2@example.com,555-010-0002,COOKIE12,Cookie Box (12),3,12.00,0.00,2.88,38.88,
O-202609-0389-L01,O-202609-0389,1,2026-09-12T17:44:00,,,,,BREAD9,Sourdough Loaf,2,9.00,1.80,1.30,17.50,
O-202609-0389-L02,O-202609-0389,1,2026-09-12T17:44:00,,,,,MUFFIN15,Muffin Box (4),1,15.00,1.50,1.08,14.58,
O-202609-0390-L01,O-202609-0390,1,2026-09-13T07:15:00,C006,Tom Walsh,tom.walsh6@example.com,555-010-0006,COOKIE12,Cookie Box (12),4,12.00,0.00,3.84,51.84,
O-202609-0391-L01,O-202609-0391,2,2026-09-13T07:15:00,C049,Grace Bell,grace.bell49@example.com,555-010-0049,COOKIE12,Cookie Box (12),4,12.00,7.20,3.26,44.06,
O-202609-0391-L02,O-202609-0391,1,2026-09-13T07:15:00,C049,Grace Bell,grace.bell49@example.com,555-010-0049,CAKE48,Birthday Cake,1,48.00,0.00,3.84,51.84,
O-202609-0392-L01,O-202609-0392,1,2026-09-13T07:27:00,C004,Daniel Okafor,daniel.okafor4@example.com,555-010-0004,GRANOLA11,Granola Jar,1,11.00,0.00,0.88,11.88,Loyalty card CL-0004 scanned
O-202609-0392-L02,O-202609-0392,1,2026-09-13T07:27:00,C004,Daniel Okafor,daniel.okafor4@example.com,555-010-0004,BREAD9,Sourdough Loaf,2,9.00,0.00,1.44,19.44,
O-202609-0393-L01,O-202609-0393,1,2026-09-13T07:53:00,C047,Keiko Iyer,keiko.iyer47@example.com,555-010-0047,COOKIE12,Cookie Box (12),4,12.00,2.40,3.65,49.25,
O-202609-0393-L02,O-202609-0393,1,2026-09-13T07:53:00,C047,Keiko Iyer,keiko.iyer47@example.com,555-010-0047,BAGUETTE5,Baguette,1,5.00,0.50,0.36,4.86,
O-202609-0394-L01,O-202609-0394,2,2026-09-13T09:44:00,C005,Aisha Rahman,aisha.rahman5@example.com,555-010-0005,BREAD9,Sourdough Loaf,2,9.00,1.80,1.30,17.50,
O-202609-0394-L02,O-202609-0394,1,2026-09-13T09:44:00,C005,Aisha Rahman,aisha.rahman5@example.com,555-010-0005,MUFFIN15,Muffin Box (4),1,15.00,0.00,1.20,16.20,Pickup after 3pm
O-202609-0395-L01,O-202609-0395,1,2026-09-13T10:16:00,C077,Yara Okafor,yara.okafor77@example.com,555-010-0077,CROISSANT21,Croissant Box (6),3,21.00,0.00,5.04,68.04,
O-202609-0395-L02,O-202609-0395,1,2026-09-13T10:16:00,C077,Yara Okafor,yara.okafor77@example.com,555-010-0077,GRANOLA11,Granola Jar,1,11.00,1.10,0.79,10.69,
O-202609-0396-L01,O-202609-0396,1,2026-09-13T10:32:00,C049,Grace Bell,grace.bell49@example.com,555-010-0049,MUFFIN15,Muffin Box (4),1,15.00,0.00,1.20,16.20,
O-202609-0397-L01,O-202609-0397,1,2026-09-13T11:12:00,C017,Sofia Costa,sofia.costa17@example.com,555-010-0017,COOKIE12,Cookie Box (12),3,12.00,0.00,2.88,38.88,Loyalty card CL-0017 scanned
O-202609-0397-L02,O-202609-0397,1,2026-09-13T11:12:00,C017,Sofia Costa,sofia.costa17@example.com,555-010-0017,COFFEE18,Coffee Beans 1lb,2,18.00,0.00,2.88,38.88,
O-202609-0398-L01,O-202609-0398,1,2026-09-13T11:26:00,C052,Victor Ali,victor.ali52@example.com,555-010-0052,GRANOLA11,Granola Jar,1,11.00,0.55,0.84,11.29,
O-202609-0398-L02,O-202609-0398,1,2026-09-13T11:26:00,C052,Victor Ali,victor.ali52@example.com,555-010-0052,PIE32,Seasonal Pie,1,32.00,3.20,2.30,31.10,
O-202609-0398-L03,O-202609-0398,1,2026-09-13T11:26:00,C052,Victor Ali,victor.ali52@example.com,555-010-0052,BAGUETTE5,Baguette,2,5.00,0.00,0.80,10.80,
O-202609-0399-L01,O-202609-0399,1,2026-09-13T11:28:00,C006,Tom Walsh,tom.walsh6@example.com,555-010-0006,CATER120,Catering Tray,2,120.00,12.00,18.24,246.24,
O-202609-0399-L02,O-202609-0399,1,2026-09-13T11:28:00,C006,Tom Walsh,tom.walsh6@example.com,555-010-0006,COFFEE18,Coffee Beans 1lb,3,18.00,0.00,4.32,58.32,
O-202609-0399-L03,O-202609-0399,1,2026-09-13T11:28:00,C006,Tom Walsh,tom.walsh6@example.com,555-010-0006,BAGUETTE5,Baguette,4,5.00,2.00,1.44,19.44,
O-202609-0400-L01,O-202609-0400,1,2026-09-13T11:32:00,C026,Noah Evans,noah.evans26@example.com,555-010-0026,CATER120,Catering Tray,2,120.00,36.00,16.32,220.32,
O-202609-0400-L02,O-202609-0400,1,2026-09-13T11:32:00,C026,Noah Evans,noah.evans26@example.com,555-010-0026,COOKIE12,Cookie Box (12),1,12.00,1.80,0.82,11.02,
O-202609-0400-L03,O-202609-0400,1,2026-09-13T11:32:00,C026,Noah Evans,noah.evans26@example.com,555-010-0026,BREAD9,Sourdough Loaf,3,9.00,0.00,2.16,29.16,
O-202609-0401-L01,O-202609-0401,1,2026-09-13T11:38:00,C071,Mei Byrne,mei.byrne71@example.com,555-010-0071,CROISSANT21,Croissant Box (6),2,21.00,0.00,3.36,45.36,
O-202609-0401-L02,O-202609-0401,1,2026-09-13T11:38:00,C071,Mei Byrne,mei.byrne71@example.com,555-010-0071,PIE32,Seasonal Pie,1,32.00,0.00,2.56,34.56,
O-202609-0401-L03,O-202609-0401,1,2026-09-13T11:38:00,C071,Mei Byrne,mei.byrne71@example.com,555-010-0071,COOKIE12,Cookie Box (12),1,12.00,0.00,0.96,12.96,
O-202609-0402-L01,O-202609-0402,1,2026-09-13T11:41:00,C008,Luis Garcia,luis.garcia8@example.com,555-010-0008,CROISSANT21,Croissant Box (6),3,21.00,0.00,5.04,68.04,
O-202609-0402-L02,O-202609-0402,1,2026-09-13T11:41:00,C008,Luis Garcia,luis.garcia8@example.com,555-010-0008,CATER120,Catering Tray,2,120.00,0.00,19.20,259.20,
O-202609-0496-L02,O-202609-0496,1,2026-09-15T16:25:00,C071,Mei Byrne,mei.byrne71@example.com,555-010-0071,COOKIE12,Cookie Box (12),4,12.00,0.00,3.84,51.84,
O-202609-0403-L01,O-202609-0403,1,2026-09-13T11:58:00,C026,Noah Evans,noah.evans26@example.com,555-010-0026,CATER120,Catering Tray,2,120.00,36.00,16.32,220.32,Slice the loaf
O-202609-0403-L02,O-202609-0403,1,2026-09-13T11:58:00,C026,Noah Evans,noah.evans26@example.com,555-010-0026,COOKIE12,Cookie Box (12),1,12.00,1.80,0.82,11.02,
O-202609-0403-L03,O-202609-0403,1,2026-09-13T11:58:00,C026,Noah Evans,noah.evans26@example.com,555-010-0026,BREAD9,Sourdough Loaf,3,9.00,0.00,2.16,29.16,Slice the loaf
O-202609-0404-L01,O-202609-0404,1,2026-09-13T12:15:00,C005,Aisha Rahman,aisha.rahman5@example.com,555-010-0005,CROISSANT21,Croissant Box (6),4,21.00,0.00,6.72,90.72,
O-202609-0405-L01,O-202609-0405,1,2026-09-13T12:22:00,C062,Carlos Mendes,carlos.mendes62@example.com,555-010-0062,PIE32,Seasonal Pie,1,32.00,0.00,2.56,34.56,
O-202609-0977-L02,O-202609-0977,1,2026-09-30T10:52:00,,,,,CATER120,Catering Tray,2,120.00,0.00,19.20,259.20,
O-202609-0405-L02,O-202609-0405,1,2026-09-13T12:22:00,C062,Carlos Mendes,carlos.mendes62@example.com,555-010-0062,MUFFIN15,Muffin Box (4),2,15.00,1.50,2.28,30.78,
O-202609-0406-L01,O-202609-0406,1,2026-09-13T12:24:00,C060,Leo Dubois,leo.dubois60@example.com,555-010-0060,GRANOLA11,Granola Jar,2,11.00,1.10,1.67,22.57,Loyalty card CL-0060 scanned
O-202609-0406-L02,O-202609-0406,1,2026-09-13T12:24:00,C060,Leo Dubois,leo.dubois60@example.com,555-010-0060,CROISSANT21,Croissant Box (6),1,21.00,3.15,1.43,19.28,
O-202609-0407-L01,O-202609-0407,1,2026-09-13T12:38:00,C007,Keiko Tanaka,keiko.tanaka7@example.com,555-010-0007,BREAD9,Sourdough Loaf,2,9.00,0.00,1.44,19.44,
O-202609-0407-L02,O-202609-0407,1,2026-09-13T12:38:00,C007,Keiko Tanaka,keiko.tanaka7@example.com,555-010-0007,GRANOLA11,Granola Jar,1,11.00,0.00,0.88,11.88,
O-202609-0408-L01,O-202609-0408,1,2026-09-13T12:39:00,,,,,MUFFIN15,Muffin Box (4),1,15.00,0.00,1.20,16.20,
O-202609-0408-L02,O-202609-0408,1,2026-09-13T12:39:00,,,,,CROISSANT21,Croissant Box (6),1,21.00,0.00,1.68,22.68,
O-202609-0408-L03,O-202609-0408,1,2026-09-13T12:39:00,,,,,BAGUETTE5,Baguette,1,5.00,0.50,0.36,4.86,
O-202609-0409-L01,O-202609-0409,1,2026-09-13T13:34:00,,,,,COFFEE18,Coffee Beans 1lb,3,18.00,0.00,4.32,58.32,Write 'Happy 40th'
O-202609-0409-L02,O-202609-0409,1,2026-09-13T13:34:00,,,,,CAKE48,Birthday Cake,2,48.00,14.40,6.53,88.13,
O-202609-0410-L01,O-202609-0410,1,2026-09-13T13:34:00,C036,Felix Larsen,felix.larsen36@example.com,555-010-0036,GRANOLA11,Granola Jar,3,11.00,0.00,2.64,35.64,
O-202609-0411-L01,O-202609-0411,1,2026-09-13T13:39:00,C045,Aisha Nguyen,aisha.nguyen45@example.com,555-010-0045,BAGUETTE5,Baguette,3,5.00,0.00,1.20,16.20,
O-202609-0411-L02,O-202609-0411,1,2026-09-13T13:39:00,C045,Aisha Nguyen,aisha.nguyen45@example.com,555-010-0045,COOKIE12,Cookie Box (12),2,12.00,0.00,1.92,25.92,
O-202609-0412-L01,O-202609-0412,1,2026-09-13T13:54:00,C073,Chloe Quinn,chloe.quinn73@example.com,555-010-0073,PIE32,Seasonal Pie,1,32.00,0.00,2.56,34.56,
O-202609-0100-L01,O-202609-0100,1,2026-09-04T08:55:00,C010,Omar Haddad,omar.haddad10@example.com,555-010-0010,CAKE48,Birthday Cake,1,48.00,2.40,3.65,49.25,
O-202609-0412-L02,O-202609-0412,1,2026-09-13T13:54:00,C073,Chloe Quinn,chloe.quinn73@example.com,555-010-0073,BREAD9,Sourdough Loaf,3,9.00,1.35,2.05,27.70,
O-202609-0412-L03,O-202609-0412,1,2026-09-13T13:54:00,C073,Chloe Quinn,chloe.quinn73@example.com,555-010-0073,BAGUETTE5,Baguette,3,5.00,1.50,1.08,14.58,
O-202609-0413-L01,O-202609-0413,1,2026-09-13T14:15:00,C010,Omar Haddad,omar.haddad10@example.com,555-010-0010,BAGUETTE5,Baguette,4,5.00,0.00,1.60,21.60,
O-202609-0413-L02,O-202609-0413,1,2026-09-13T14:15:00,C010,Omar Haddad,omar.haddad10@example.com,555-010-0010,COFFEE18,Coffee Beans 1lb,4,18.00,7.20,5.18,69.98,
O-202609-0414-L01,O-202609-0414,1,2026-09-13T17:10:00,C001,Maria Lopez,maria.lopez1@example.com,555-010-0001,CATER120,Catering Tray,1,120.00,0.00,9.60,129.60,
O-202609-0414-L02,O-202609-0414,1,2026-09-13T17:10:00,C001,Maria Lopez,maria.lopez1@example.com,555-010-0001,CAKE48,Birthday Cake,2,48.00,14.40,6.53,88.13,
O-202609-0415-L01,O-202609-0415,1,2026-09-13T17:11:00,,,,,BAGUETTE5,Baguette,3,5.00,0.75,1.14,15.39,Call on arrival
O-202609-0415-L02,O-202609-0415,1,2026-09-13T17:11:00,,,,,CATER120,Catering Tray,1,120.00,0.00,9.60,129.60,
O-202609-0416-L01,O-202609-0416,1,2026-09-13T17:19:00,C002,James Chen,james.chen2@example.com,555-010-0002,CATER120,Catering Tray,1,120.00,18.00,8.16,110.16,
O-202609-0416-L02,O-202609-0416,1,2026-09-13T17:19:00,C002,James Chen,james.chen2@example.com,555-010-0002,COOKIE12,Cookie Box (12),3,12.00,3.60,2.59,34.99,
O-202609-0417-L01,O-202609-0417,1,2026-09-14T07:31:00,,,,,PIE32,Seasonal Pie,2,32.00,3.20,4.86,65.66,
O-202609-0417-L02,O-202609-0417,1,2026-09-14T07:31:00,,,,,BREAD9,Sourdough Loaf,2,9.00,2.70,1.22,16.52,
O-202609-0417-L03,O-202609-0417,1,2026-09-14T07:31:00,,,,,CAKE48,Birthday Cake,2,48.00,0.00,7.68,103.68,
O-202609-0417-L04,O-202609-0417,1,2026-09-14T07:31:00,,,,,COOKIE12,Cookie Box (12),2,12.00,0.00,1.92,25.92,
O-202609-0418-L01,O-202609-0418,1,2026-09-14T07:31:00,C036,Felix Larsen,felix.larsen36@example.com,555-010-0036,CAKE48,Birthday Cake,2,48.00,0.00,7.68,103.68,
O-202609-0419-L01,O-202609-0419,1,2026-09-14T07:59:00,C012,Victor Nguyen,victor.nguyen12@example.com,555-010-0012,CROISSANT21,Croissant Box (6),2,21.00,0.00,3.36,45.36,
O-202609-0419-L02,O-202609-0419,1,2026-09-14T07:59:00,C012,Victor Nguyen,victor.nguyen12@example.com,555-010-0012,BREAD9,Sourdough Loaf,1,9.00,1.35,0.61,8.26,
O-202609-0419-L03,O-202609-0419,1,2026-09-14T07:59:00,C012,Victor Nguyen,victor.nguyen12@example.com,555-010-0012,COFFEE18,Coffee Beans 1lb,3,18.00,0.00,4.32,58.32,
O-202609-0419-L04,O-202609-0419,1,2026-09-14T07:59:00,C012,Victor Nguyen,victor.nguyen12@example.com,555-010-0012,CATER120,Catering Tray,1,120.00,18.00,8.16,110.16,
O-202609-0420-L01,O-202609-0420,1,2026-09-14T07:59:00,C068,Jonah Novak,jonah.novak68@example.com,555-010-0068,CROISSANT21,Croissant Box (6),1,21.00,0.00,1.68,22.68,
O-202609-0420-L02,O-202609-0420,1,2026-09-14T07:59:00,C068,Jonah Novak,jonah.novak68@example.com,555-010-0068,COOKIE12,Cookie Box (12),1,12.00,1.20,0.86,11.66,
O-202609-0421-L01,O-202609-0421,1,2026-09-14T08:51:00,C078,Owen Rahman,owen.rahman78@example.com,555-010-0078,COFFEE18,Coffee Beans 1lb,4,18.00,0.00,5.76,77.76,
O-202609-0421-L02,O-202609-0421,1,2026-09-14T08:51:00,C078,Owen Rahman,owen.rahman78@example.com,555-010-0078,PIE32,Seasonal Pie,2,32.00,9.60,4.35,58.75,
O-202609-0422-L01,O-202609-0422,1,2026-09-14T09:00:00,C078,Owen Rahman,owen.rahman78@example.com,555-010-0078,BREAD9,Sourdough Loaf,4,9.00,0.00,2.88,38.88,
O-202609-0422-L02,O-202609-0422,1,2026-09-14T09:00:00,C078,Owen Rahman,owen.rahman78@example.com,555-010-0078,COFFEE18,Coffee Beans 1lb,3,18.00,8.10,3.67,49.57,
O-202609-0422-L03,O-202609-0422,1,2026-09-14T09:00:00,C078,Owen Rahman,owen.rahman78@example.com,555-010-0078,PIE32,Seasonal Pie,1,32.00,4.80,2.18,29.38,
O-202609-0423-L01,O-202609-0423,1,2026-09-14T09:09:00,C073,Chloe Quinn,chloe.quinn73@example.com,555-010-0073,GRANOLA11,Granola Jar,3,11.00,0.00,2.64,35.64,
O-202609-0423-L02,O-202609-0423,1,2026-09-14T09:09:00,C073,Chloe Quinn,chloe.quinn73@example.com,555-010-0073,CROISSANT21,Croissant Box (6),3,21.00,3.15,4.79,64.64,
O-202609-0424-L01,O-202609-0424,1,2026-09-14T09:12:00,C007,Keiko Tanaka,keiko.tanaka7@example.com,555-010-0007,COOKIE12,Cookie Box (12),1,12.00,0.60,0.91,12.31,
O-202609-0424-L02,O-202609-0424,1,2026-09-14T09:12:00,C007,Keiko Tanaka,keiko.tanaka7@example.com,555-010-0007,COFFEE18,Coffee Beans 1lb,1,18.00,0.00,1.44,19.44,
O-202609-0425-L01,O-202609-0425,1,2026-09-14T09:12:00,C029,Rosa Mendes,rosa.mendes29@example.com,555-010-0029,COFFEE18,Coffee Beans 1lb,2,18.00,0.00,2.88,38.88,
O-202609-0425-L02,O-202609-0425,1,2026-09-14T09:12:00,C029,Rosa Mendes,rosa.mendes29@example.com,555-010-0029,MUFFIN15,Muffin Box (4),3,15.00,0.00,3.60,48.60,
O-202609-0426-L01,O-202609-0426,1,2026-09-14T09:57:00,C003,Priya Patel,priya.patel3@example.com,555-010-0003,PIE32,Seasonal Pie,1,32.00,3.20,2.30,31.10,
O-202609-0427-L01,O-202609-0427,1,2026-09-14T10:02:00,C031,Mei Liu,mei.liu31@example.com,555-010-0031,GRANOLA11,Granola Jar,4,11.00,6.60,2.99,40.39,
O-202609-0427-L02,O-202609-0427,1,2026-09-14T10:02:00,C031,Mei Liu,mei.liu31@example.com,555-010-0031,CAKE48,Birthday Cake,1,48.00,0.00,3.84,51.84,
O-202609-0428-L01,O-202609-0428,1,2026-09-14T10:17:00,C012,Victor Nguyen,victor.nguyen12@example.com,555-010-0012,GRANOLA11,Granola Jar,3,11.00,0.00,2.64,35.64,
O-202609-0428-L02,O-202609-0428,1,2026-09-14T10:17:00,C012,Victor Nguyen,victor.nguyen12@example.com,555-010-0012,COFFEE18,Coffee Beans 1lb,1,18.00,0.00,1.44,19.44,No nuts please
O-202609-0428-L03,O-202609-0428,1,2026-09-14T10:17:00,C012,Victor Nguyen,victor.nguyen12@example.com,555-010-0012,MUFFIN15,Muffin Box (4),3,15.00,0.00,3.60,48.60,
O-202609-0429-L01,O-202609-0429,1,2026-09-14T10:24:00,C009,Grace Kim,grace.kim9@example.com,555-010-0009,PIE32,Seasonal Pie,2,32.00,0.00,5.12,69.12,
O-202609-0429-L02,O-202609-0429,1,2026-09-14T10:24:00,C009,Grace Kim,grace.kim9@example.com,555-010-0009,BREAD9,Sourdough Loaf,3,9.00,0.00,2.16,29.16,
O-202609-0430-L01,O-202609-0430,1,2026-09-14T10:40:00,C004,Daniel Okafor,daniel.okafor4@example.com,555-010-0004,CAKE48,Birthday Cake,2,48.00,0.00,7.68,103.68,
O-202609-0430-L02,O-202609-0430,1,2026-09-14T10:40:00,C004,Daniel Okafor,daniel.okafor4@example.com,555-010-0004,COOKIE12,Cookie Box (12),3,12.00,0.00,2.88,38.88,
O-202609-0431-L01,O-202609-0431,1,2026-09-14T10:52:00,C005,Aisha Rahman,aisha.rahman5@example.com,555-010-0005,CAKE48,Birthday Cake,2,48.00,0.00,7.68,103.68,
O-202609-0431-L02,O-202609-0431,1,2026-09-14T10:52:00,C005,Aisha Rahman,aisha.rahman5@example.com,555-010-0005,GRANOLA11,Granola Jar,4,11.00,0.00,3.52,47.52,
O-202609-0432-L01,O-202609-0432,1,2026-09-14T10:54:00,,,,,MUFFIN15,Muffin Box (4),1,15.00,0.00,1.20,16.20,
O-202609-0433-L01,O-202609-0433,1,2026-09-14T11:02:00,C009,Grace Kim,grace.kim9@example.com,555-010-0009,MUFFIN15,Muffin Box (4),4,15.00,0.00,4.80,64.80,
O-202609-0433-L02,O-202609-0433,1,2026-09-14T11:02:00,C009,Grace Kim,grace.kim9@example.com,555-010-0009,COFFEE18,Coffee Beans 1lb,4,18.00,3.60,5.47,73.87,
O-202609-0434-L01,O-202609-0434,1,2026-09-14T11:09:00,C019,Fatima Ali,fatima.ali19@example.com,555-010-0019,BAGUETTE5,Baguette,4,5.00,0.00,1.60,21.60,
O-202609-0434-L02,O-202609-0434,1,2026-09-14T11:09:00,C019,Fatima Ali,fatima.ali19@example.com,555-010-0019,PIE32,Seasonal Pie,2,32.00,0.00,5.12,69.12,
O-202609-0435-L01,O-202609-0435,1,2026-09-14T11:17:00,C059,Fatima Evans,fatima.evans59@example.com,555-010-0059,COFFEE18,Coffee Beans 1lb,1,18.00,0.00,1.44,19.44,
O-202609-0435-L02,O-202609-0435,1,2026-09-14T11:17:00,C059,Fatima Evans,fatima.evans59@example.com,555-010-0059,CAKE48,Birthday Cake,2,48.00,14.40,6.53,88.13,
O-202609-0436-L01,O-202609-0436,1,2026-09-14T11:26:00,C054,Ravi Reed,ravi.reed54@example.com,555-010-0054,GRANOLA11,Granola Jar,4,11.00,0.00,3.52,47.52,
O-202609-0436-L02,O-202609-0436,1,2026-09-14T11:26:00,C054,Ravi Reed,ravi.reed54@example.com,555-010-0054,CROISSANT21,Croissant Box (6),2,21.00,6.30,2.86,38.56,
O-202609-0437-L01,O-202609-0437,1,2026-09-14T11:26:00,,,,,COFFEE18,Coffee Beans 1lb,2,18.00,0.00,2.88,38.88,
O-202609-0438-L01,O-202609-0438,1,2026-09-14T11:39:00,C029,Rosa Mendes,rosa.mendes29@example.com,555-010-0029,BREAD9,Sourdough Loaf,4,9.00,1.80,2.74,36.94,
O-202609-0438-L02,O-202609-0438,1,2026-09-14T11:39:00,C029,Rosa Mendes,rosa.mendes29@example.com,555-010-0029,CAKE48,Birthday Cake,2,48.00,4.80,7.30,98.50,
O-202609-0438-L03,O-202609-0438,1,2026-09-14T11:39:00,C029,Rosa Mendes,rosa.mendes29@example.com,555-010-0029,BAGUETTE5,Baguette,3,5.00,0.75,1.14,15.39,
O-202609-0439-L01,O-202609-0439,1,2026-09-14T11:53:00,C003,Priya Patel,priya.patel3@example.com,555-010-0003,CROISSANT21,Croissant Box (6),2,21.00,0.00,3.36,45.36,
O-202609-0439-L02,O-202609-0439,1,2026-09-14T11:53:00,C003,Priya Patel,priya.patel3@example.com,555-010-0003,CAKE48,Birthday Cake,1,48.00,0.00,3.84,51.84,
O-202609-0440-L01,O-202609-0440,1,2026-09-14T12:10:00,C002,James Chen,james.chen2@example.com,555-010-0002,BAGUETTE5,Baguette,3,5.00,1.50,1.08,14.58,
O-202609-0441-L01,O-202609-0441,1,2026-09-14T12:15:00,,,,,CROISSANT21,Croissant Box (6),3,21.00,6.30,4.54,61.24,
O-202609-0441-L02,O-202609-0441,1,2026-09-14T12:15:00,,,,,MUFFIN15,Muffin Box (4),1,15.00,0.75,1.14,15.39,
O-202609-0441-L03,O-202609-0441,1,2026-09-14T12:15:00,,,,,COFFEE18,Coffee Beans 1lb,4,18.00,0.00,5.76,77.76,
O-202609-0442-L01,O-202609-0442,1,2026-09-14T12:36:00,C005,Aisha Rahman,aisha.rahman5@example.com,555-010-0005,CROISSANT21,Croissant Box (6),4,21.00,4.20,6.38,86.18,
O-202609-0442-L02,O-202609-0442,1,2026-09-14T12:36:00,C005,Aisha Rahman,aisha.rahman5@example.com,555-010-0005,PIE32,Seasonal Pie,1,32.00,0.00,2.56,34.56,
O-202609-0442-L03,O-202609-0442,1,2026-09-14T12:36:00,C005,Aisha Rahman,aisha.rahman5@example.com,555-010-0005,MUFFIN15,Muffin Box (4),4,15.00,6.00,4.32,58.32,
O-202609-0443-L01,O-202609-0443,1,2026-09-14T12:50:00,C004,Daniel Okafor,daniel.okafor4@example.com,555-010-0004,COOKIE12,Cookie Box (12),2,12.00,3.60,1.63,22.03,Loyalty card CL-0004 scanned
O-202609-0443-L02,O-202609-0443,1,2026-09-14T12:50:00,C004,Daniel Okafor,daniel.okafor4@example.com,555-010-0004,CAKE48,Birthday Cake,2,48.00,0.00,7.68,103.68,
O-202609-0444-L01,O-202609-0444,1,2026-09-14T12:55:00,C050,Omar Costa,omar.costa50@example.com,555-010-0050,COOKIE12,Cookie Box (12),2,12.00,2.40,1.73,23.33,
O-202609-0444-L02,O-202609-0444,1,2026-09-14T12:55:00,C050,Omar Costa,omar.costa50@example.com,555-010-0050,COFFEE18,Coffee Beans 1lb,3,18.00,0.00,4.32,58.32,
O-202609-0444-L03,O-202609-0444,1,2026-09-14T12:55:00,C050,Omar Costa,omar.costa50@example.com,555-010-0050,BREAD9,Sourdough Loaf,2,9.00,0.00,1.44,19.44,
O-202609-0445-L01,O-202609-0445,1,2026-09-14T13:17:00,,,,,GRANOLA11,Granola Jar,3,11.00,0.00,2.64,35.64,
O-202609-0446-L01,O-202609-0446,1,2026-09-14T13:21:00,C011,Hannah Brooks,hannah.brooks11@example.com,555-010-0011,COFFEE18,Coffee Beans 1lb,3,18.00,5.40,3.89,52.49,
O-202609-0446-L02,O-202609-0446,1,2026-09-14T13:21:00,C011,Hannah Brooks,hannah.brooks11@example.com,555-010-0011,BREAD9,Sourdough Loaf,1,9.00,0.00,0.72,9.72,
O-202609-0446-L03,O-202609-0446,1,2026-09-14T13:21:00,C011,Hannah Brooks,hannah.brooks11@example.com,555-010-0011,MUFFIN15,Muffin Box (4),1,15.00,0.75,1.14,15.39,
O-202609-0447-L01,O-202609-0447,1,2026-09-14T13:40:00,C002,James Chen,james.chen2@example.com,555-010-0002,CAKE48,Birthday Cake,2,48.00,0.00,7.68,103.68,
O-202609-0447-L02,O-202609-0447,1,2026-09-14T13:40:00,C002,James Chen,james.chen2@example.com,555-010-0002,CROISSANT21,Croissant Box (6),2,21.00,4.20,3.02,40.82,
O-202609-0448-L01,O-202609-0448,1,2026-09-14T14:31:00,,,,,MUFFIN15,Muffin Box (4),4,15.00,6.00,4.32,58.32,
O-202609-0448-L02,O-202609-0448,1,2026-09-14T14:31:00,,,,,CAKE48,Birthday Cake,1,48.00,0.00,3.84,51.84,
O-202609-0449-L01,O-202609-0449,1,2026-09-14T14:56:00,,,,,GRANOLA11,Granola Jar,3,11.00,0.00,2.64,35.64,
O-202609-0449-L02,O-202609-0449,1,2026-09-14T14:56:00,,,,,CATER120,Catering Tray,1,120.00,18.00,8.16,110.16,
O-202609-0450-L01,O-202609-0450,1,2026-09-14T15:15:00,C043,Priya Haddad,priya.haddad43@example.com,555-010-0043,COFFEE18,Coffee Beans 1lb,3,18.00,0.00,4.32,58.32,
O-202609-0450-L02,O-202609-0450,1,2026-09-14T15:15:00,C043,Priya Haddad,priya.haddad43@example.com,555-010-0043,CAKE48,Birthday Cake,1,48.00,0.00,3.84,51.84,
O-202609-0450-L03,O-202609-0450,1,2026-09-14T15:15:00,C043,Priya Haddad,priya.haddad43@example.com,555-010-0043,PIE32,Seasonal Pie,1,32.00,0.00,2.56,34.56,
O-202609-0451-L01,O-202609-0451,1,2026-09-14T15:29:00,C001,Maria Lopez,maria.lopez1@example.com,555-010-0001,GRANOLA11,Granola Jar,3,11.00,0.00,2.64,35.64,
O-202609-0451-L02,O-202609-0451,1,2026-09-14T15:29:00,C001,Maria Lopez,maria.lopez1@example.com,555-010-0001,COOKIE12,Cookie Box (12),2,12.00,0.00,1.92,25.92,
O-202609-0451-L03,O-202609-0451,1,2026-09-14T15:29:00,C001,Maria Lopez,maria.lopez1@example.com,555-010-0001,MUFFIN15,Muffin Box (4),2,15.00,0.00,2.40,32.40,
O-202609-0452-L01,O-202609-0452,1,2026-09-14T15:55:00,C011,Hannah Brooks,hannah.brooks11@example.com,555-010-0011,MUFFIN15,Muffin Box (4),2,15.00,0.00,2.40,32.40,Loyalty card CL-0011 scanned
O-202609-0452-L02,O-202609-0452,1,2026-09-14T15:55:00,C011,Hannah Brooks,hannah.brooks11@example.com,555-010-0011,BAGUETTE5,Baguette,1,5.00,0.75,0.34,4.59,
O-202609-0453-L01,O-202609-0453,1,2026-09-14T16:00:00,C069,Rosa Larsen,rosa.larsen69@example.com,555-010-0069,GRANOLA11,Granola Jar,3,11.00,3.30,2.38,32.08,
O-202609-0453-L02,O-202609-0453,1,2026-09-14T16:00:00,C069,Rosa Larsen,rosa.larsen69@example.com,555-010-0069,BREAD9,Sourdough Loaf,3,9.00,0.00,2.16,29.16,
O-202609-0454-L01,O-202609-0454,1,2026-09-14T16:23:00,,,,,CROISSANT21,Croissant Box (6),2,21.00,0.00,3.36,45.36,
O-202609-0454-L02,O-202609-0454,1,2026-09-14T16:23:00,,,,,CAKE48,Birthday Cake,2,48.00,14.40,6.53,88.13,
O-202609-0454-L03,O-202609-0454,1,2026-09-14T16:23:00,,,,,MUFFIN15,Muffin Box (4),4,15.00,0.00,4.80,64.80,
O-202609-0455-L01,O-202609-0455,1,2026-09-14T16:30:00,C012,Victor Nguyen,victor.nguyen12@example.com,555-010-0012,PIE32,Seasonal Pie,1,32.00,0.00,2.56,34.56,
O-202609-0456-L01,O-202609-0456,3,2026-09-14T16:40:00,C010,Omar Haddad,omar.haddad10@example.com,555-010-0010,CROISSANT21,Croissant Box (6),4,21.00,12.60,5.71,77.11,
O-202609-0456-L02,O-202609-0456,1,2026-09-14T16:40:00,C010,Omar Haddad,omar.haddad10@example.com,555-010-0010,BAGUETTE5,Baguette,1,5.00,0.50,0.36,4.86,
O-202609-0457-L01,O-202609-0457,1,2026-09-14T17:16:00,C078,Owen Rahman,owen.rahman78@example.com,555-010-0078,BREAD9,Sourdough Loaf,1,9.00,0.45,0.68,9.23,
O-202609-0457-L02,O-202609-0457,1,2026-09-14T17:16:00,C078,Owen Rahman,owen.rahman78@example.com,555-010-0078,COOKIE12,Cookie Box (12),3,12.00,0.00,2.88,38.88,
O-202609-0457-L03,O-202609-0457,1,2026-09-14T17:16:00,C078,Owen Rahman,owen.rahman78@example.com,555-010-0078,PIE32,Seasonal Pie,2,32.00,0.00,5.12,69.12,
O-202609-0458-L01,O-202609-0458,1,2026-09-14T17:32:00,C074,Samir Lopez,samir.lopez74@example.com,555-010-0074,COFFEE18,Coffee Beans 1lb,3,18.00,5.40,3.89,52.49,
O-202609-0458-L02,O-202609-0458,1,2026-09-14T17:32:00,C074,Samir Lopez,samir.lopez74@example.com,555-010-0074,BAGUETTE5,Baguette,4,5.00,0.00,1.60,21.60,
O-202609-0458-L03,O-202609-0458,1,2026-09-14T17:32:00,C074,Samir Lopez,samir.lopez74@example.com,555-010-0074,PIE32,Seasonal Pie,2,32.00,9.60,4.35,58.75,
O-202609-0459-L01,O-202609-0459,1,2026-09-14T17:38:00,C005,Aisha Rahman,aisha.rahman5@example.com,555-010-0005,COOKIE12,Cookie Box (12),3,12.00,0.00,2.88,38.88,
O-202609-0459-L02,O-202609-0459,1,2026-09-14T17:38:00,C005,Aisha Rahman,aisha.rahman5@example.com,555-010-0005,CATER120,Catering Tray,2,120.00,0.00,19.20,259.20,
O-202609-0460-L01,O-202609-0460,1,2026-09-14T17:56:00,C003,Priya Patel,priya.patel3@example.com,555-010-0003,CATER120,Catering Tray,1,120.00,0.00,9.60,129.60,
O-202609-0460-L02,O-202609-0460,1,2026-09-14T17:56:00,C003,Priya Patel,priya.patel3@example.com,555-010-0003,CROISSANT21,Croissant Box (6),3,21.00,0.00,5.04,68.04,
O-202609-0460-L03,O-202609-0460,1,2026-09-14T17:56:00,C003,Priya Patel,priya.patel3@example.com,555-010-0003,COFFEE18,Coffee Beans 1lb,4,18.00,0.00,5.76,77.76,
O-202609-0461-L01,O-202609-0461,1,2026-09-15T07:17:00,,,,,CROISSANT21,Croissant Box (6),4,21.00,4.20,6.38,86.18,
O-202609-0462-L01,O-202609-0462,1,2026-09-15T07:28:00,C066,Noah Martin,noah.martin66@example.com,555-010-0066,BAGUETTE5,Baguette,1,5.00,0.25,0.38,5.13,
O-202609-0462-L02,O-202609-0462,1,2026-09-15T07:28:00,C066,Noah Martin,noah.martin66@example.com,555-010-0066,CAKE48,Birthday Cake,1,48.00,0.00,3.84,51.84,
O-202609-0463-L01,O-202609-0463,1,2026-09-15T07:50:00,C011,Hannah Brooks,hannah.brooks11@example.com,555-010-0011,COFFEE18,Coffee Beans 1lb,1,18.00,1.80,1.30,17.50,
O-202609-0463-L02,O-202609-0463,1,2026-09-15T07:50:00,C011,Hannah Brooks,hannah.brooks11@example.com,555-010-0011,COOKIE12,Cookie Box (12),1,12.00,0.00,0.96,12.96,
O-202609-0464-L01,O-202609-0464,1,2026-09-15T08:09:00,C004,Daniel Okafor,daniel.okafor4@example.com,555-010-0004,PIE32,Seasonal Pie,2,32.00,0.00,5.12,69.12,
O-202609-0464-L02,O-202609-0464,1,2026-09-15T08:09:00,C004,Daniel Okafor,daniel.okafor4@example.com,555-010-0004,CAKE48,Birthday Cake,2,48.00,0.00,7.68,103.68,Slice the loaf
O-202609-0464-L03,O-202609-0464,1,2026-09-15T08:09:00,C004,Daniel Okafor,daniel.okafor4@example.com,555-010-0004,BREAD9,Sourdough Loaf,4,9.00,1.80,2.74,36.94,
O-202609-0465-L01,O-202609-0465,1,2026-09-15T08:25:00,C003,Priya Patel,priya.patel3@example.com,555-010-0003,BREAD9,Sourdough Loaf,4,9.00,0.00,2.88,38.88,Call on arrival
O-202609-0465-L02,O-202609-0465,1,2026-09-15T08:25:00,C003,Priya Patel,priya.patel3@example.com,555-010-0003,BAGUETTE5,Baguette,2,5.00,0.00,0.80,10.80,
O-202609-0466-L01,O-202609-0466,1,2026-09-15T08:29:00,C003,Priya Patel,priya.patel3@example.com,555-010-0003,GRANOLA11,Granola Jar,3,11.00,0.00,2.64,35.64,
O-202609-0466-L02,O-202609-0466,1,2026-09-15T08:29:00,C003,Priya Patel,priya.patel3@example.com,555-010-0003,CROISSANT21,Croissant Box (6),3,21.00,0.00,5.04,68.04,
O-202609-0467-L01,O-202609-0467,1,2026-09-15T08:54:00,C001,Maria Lopez,maria.lopez1@example.com,555-010-0001,COOKIE12,Cookie Box (12),1,12.00,0.00,0.96,12.96,
O-202609-0467-L02,O-202609-0467,1,2026-09-15T08:54:00,C001,Maria Lopez,maria.lopez1@example.com,555-010-0001,PIE32,Seasonal Pie,1,32.00,0.00,2.56,34.56,
O-202609-0468-L01,O-202609-0468,1,2026-09-15T09:00:00,C013,Nina Petrov,nina.petrov13@example.com,555-010-0013,PIE32,Seasonal Pie,2,32.00,0.00,5.12,69.12,
O-202609-0468-L02,O-202609-0468,1,2026-09-15T09:00:00,C013,Nina Petrov,nina.petrov13@example.com,555-010-0013,MUFFIN15,Muffin Box (4),3,15.00,0.00,3.60,48.60,
O-202609-0469-L01,O-202609-0469,1,2026-09-15T09:19:00,C062,Carlos Mendes,carlos.mendes62@example.com,555-010-0062,PIE32,Seasonal Pie,2,32.00,0.00,5.12,69.12,
O-202609-0469-L02,O-202609-0469,1,2026-09-15T09:19:00,C062,Carlos Mendes,carlos.mendes62@example.com,555-010-0062,COOKIE12,Cookie Box (12),1,12.00,0.00,0.96,12.96,
O-202609-0469-L03,O-202609-0469,1,2026-09-15T09:19:00,C062,Carlos Mendes,carlos.mendes62@example.com,555-010-0062,CROISSANT21,Croissant Box (6),2,21.00,0.00,3.36,45.36,
O-202609-0469-L04,O-202609-0469,1,2026-09-15T09:19:00,C062,Carlos Mendes,carlos.mendes62@example.com,555-010-0062,BREAD9,Sourdough Loaf,1,9.00,0.00,0.72,9.72,
O-202609-0470-L01,O-202609-0470,1,2026-09-15T09:38:00,C036,Felix Larsen,felix.larsen36@example.com,555-010-0036,BAGUETTE5,Baguette,3,5.00,0.00,1.20,16.20,
O-202609-0470-L02,O-202609-0470,1,2026-09-15T09:38:00,C036,Felix Larsen,felix.larsen36@example.com,555-010-0036,CROISSANT21,Croissant Box (6),3,21.00,0.00,5.04,68.04,
O-202609-0471-L01,O-202609-0471,1,2026-09-15T09:59:00,C002,James Chen,james.chen2@example.com,555-010-0002,GRANOLA11,Granola Jar,1,11.00,1.65,0.75,10.10,
O-202609-0471-L02,O-202609-0471,1,2026-09-15T09:59:00,C002,James Chen,james.chen2@example.com,555-010-0002,COOKIE12,Cookie Box (12),3,12.00,0.00,2.88,38.88,
O-202609-0472-L01,O-202609-0472,1,2026-09-15T10:02:00,C079,Lucia Walsh,lucia.walsh79@example.com,555-010-0079,BAGUETTE5,Baguette,2,5.00,0.00,0.80,10.80,
O-202609-0473-L01,O-202609-0473,1,2026-09-15T10:14:00,C038,Owen Byrne,owen.byrne38@example.com,555-010-0038,COOKIE12,Cookie Box (12),2,12.00,0.00,1.92,25.92,
O-202609-0473-L02,O-202609-0473,1,2026-09-15T10:14:00,C038,Owen Byrne,owen.byrne38@example.com,555-010-0038,MUFFIN15,Muffin Box (4),3,15.00,0.00,3.60,48.60,No nuts please
O-202609-0473-L03,O-202609-0473,1,2026-09-15T10:14:00,C038,Owen Byrne,owen.byrne38@example.com,555-010-0038,PIE32,Seasonal Pie,2,32.00,0.00,5.12,69.12,
O-202609-0474-L01,O-202609-0474,1,2026-09-15T10:35:00,C005,Aisha Rahman,aisha.rahman5@example.com,555-010-0005,PIE32,Seasonal Pie,2,32.00,0.00,5.12,69.12,
O-202609-0474-L02,O-202609-0474,1,2026-09-15T10:35:00,C005,Aisha Rahman,aisha.rahman5@example.com,555-010-0005,BAGUETTE5,Baguette,4,5.00,0.00,1.60,21.60,
O-202609-0474-L03,O-202609-0474,1,2026-09-15T10:35:00,C005,Aisha Rahman,aisha.rahman5@example.com,555-010-0005,CAKE48,Birthday Cake,2,48.00,0.00,7.68,103.68,
O-202609-0475-L01,O-202609-0475,1,2026-09-15T10:38:00,,,,,COFFEE18,Coffee Beans 1lb,4,18.00,0.00,5.76,77.76,
O-202609-0475-L02,O-202609-0475,1,2026-09-15T10:38:00,,,,,CAKE48,Birthday Cake,2,48.00,0.00,7.68,103.68,
O-202609-0475-L03,O-202609-0475,1,2026-09-15T10:38:00,,,,,BAGUETTE5,Baguette,3,5.00,0.00,1.20,16.20,
O-202609-0476-L01,O-202609-0476,1,2026-09-15T10:54:00,C016,Marcus Bell,marcus.bell16@example.com,555-010-0016,CROISSANT21,Croissant Box (6),1,21.00,1.05,1.60,21.55,
O-202609-0476-L02,O-202609-0476,1,2026-09-15T10:54:00,C016,Marcus Bell,marcus.bell16@example.com,555-010-0016,BAGUETTE5,Baguette,1,5.00,0.50,0.36,4.86,
O-202609-0477-L01,O-202609-0477,1,2026-09-15T11:01:00,,,,,BAGUETTE5,Baguette,1,5.00,0.00,0.40,5.40,
O-202609-0478-L01,O-202609-0478,1,2026-09-15T11:22:00,C035,Ada Novak,ada.novak35@example.com,555-010-0035,MUFFIN15,Muffin Box (4),1,15.00,1.50,1.08,14.58,
O-202609-0478-L02,O-202609-0478,1,2026-09-15T11:22:00,C035,Ada Novak,ada.novak35@example.com,555-010-0035,BREAD9,Sourdough Loaf,4,9.00,1.80,2.74,36.94,
O-202609-0479-L01,O-202609-0479,1,2026-09-15T11:38:00,C005,Aisha Rahman,aisha.rahman5@example.com,555-010-0005,BAGUETTE5,Baguette,1,5.00,0.00,0.40,5.40,
O-202609-0479-L02,O-202609-0479,1,2026-09-15T11:38:00,C005,Aisha Rahman,aisha.rahman5@example.com,555-010-0005,CAKE48,Birthday Cake,1,48.00,4.80,3.46,46.66,
O-202609-0479-L03,O-202609-0479,1,2026-09-15T11:38:00,C005,Aisha Rahman,aisha.rahman5@example.com,555-010-0005,GRANOLA11,Granola Jar,2,11.00,0.00,1.76,23.76,
O-202609-0479-L04,O-202609-0479,1,2026-09-15T11:38:00,C005,Aisha Rahman,aisha.rahman5@example.com,555-010-0005,PIE32,Seasonal Pie,1,32.00,3.20,2.30,31.10,
O-202609-0480-L01,O-202609-0480,1,2026-09-15T11:48:00,C044,Daniel Brooks,daniel.brooks44@example.com,555-010-0044,GRANOLA11,Granola Jar,3,11.00,0.00,2.64,35.64,
O-202609-0481-L01,O-202609-0481,1,2026-09-15T12:10:00,,,,,CROISSANT21,Croissant Box (6),4,21.00,0.00,6.72,90.72,
O-202609-0481-L02,O-202609-0481,1,2026-09-15T12:10:00,,,,,COFFEE18,Coffee Beans 1lb,4,18.00,10.80,4.90,66.10,
O-202609-0481-L03,O-202609-0481,1,2026-09-15T12:10:00,,,,,BAGUETTE5,Baguette,4,5.00,0.00,1.60,21.60,
O-202609-0482-L01,O-202609-0482,1,2026-09-15T12:26:00,,,,,CAKE48,Birthday Cake,2,48.00,0.00,7.68,103.68,
O-202609-0482-L02,O-202609-0482,1,2026-09-15T12:26:00,,,,,COOKIE12,Cookie Box (12),3,12.00,5.40,2.45,33.05,Write 'Happy 40th'
O-202609-0483-L01,O-202609-0483,1,2026-09-15T12:27:00,C003,Priya Patel,priya.patel3@example.com,555-010-0003,GRANOLA11,Granola Jar,2,11.00,0.00,1.76,23.76,
O-202609-0483-L02,O-202609-0483,1,2026-09-15T12:27:00,C003,Priya Patel,priya.patel3@example.com,555-010-0003,PIE32,Seasonal Pie,1,32.00,3.20,2.30,31.10,
O-202609-0484-L01,O-202609-0484,1,2026-09-15T13:13:00,C011,Hannah Brooks,hannah.brooks11@example.com,555-010-0011,CAKE48,Birthday Cake,1,48.00,0.00,3.84,51.84,Loyalty card CL-0011 scanned
O-202609-0484-L02,O-202609-0484,1,2026-09-15T13:13:00,C011,Hannah Brooks,hannah.brooks11@example.com,555-010-0011,GRANOLA11,Granola Jar,2,11.00,2.20,1.58,21.38,
O-202609-0485-L01,O-202609-0485,1,2026-09-15T13:31:00,,Kofi,kofi.quinn40@example.com,,CROISSANT21,Croissant Box (6),2,21.00,0.00,3.36,45.36,
O-202609-0485-L02,O-202609-0485,1,2026-09-15T13:31:00,,Kofi,kofi.quinn40@example.com,,COOKIE12,Cookie Box (12),2,12.00,0.00,1.92,25.92,
O-202609-0486-L01,O-202609-0486,1,2026-09-15T13:44:00,C018,Ben Fischer,ben.fischer18@example.com,555-010-0018,COOKIE12,Cookie Box (12),4,12.00,4.80,3.46,46.66,
O-202609-0486-L02,O-202609-0486,1,2026-09-15T13:44:00,C018,Ben Fischer,ben.fischer18@example.com,555-010-0018,CROISSANT21,Croissant Box (6),4,21.00,8.40,6.05,81.65,
O-202609-0487-L01,O-202609-0487,1,2026-09-15T14:00:00,C002,James Chen,james.chen2@example.com,555-010-0002,CROISSANT21,Croissant Box (6),4,21.00,8.40,6.05,81.65,
O-202609-0487-L02,O-202609-0487,1,2026-09-15T14:00:00,C002,James Chen,james.chen2@example.com,555-010-0002,PIE32,Seasonal Pie,2,32.00,0.00,5.12,69.12,
O-202609-0488-L01,O-202609-0488,1,2026-09-15T14:05:00,C079,Lucia Walsh,lucia.walsh79@example.com,555-010-0079,CAKE48,Birthday Cake,1,48.00,0.00,3.84,51.84,
O-202609-0488-L02,O-202609-0488,1,2026-09-15T14:05:00,C079,Lucia Walsh,lucia.walsh79@example.com,555-010-0079,MUFFIN15,Muffin Box (4),2,15.00,0.00,2.40,32.40,
O-202609-0488-L03,O-202609-0488,1,2026-09-15T14:05:00,C079,Lucia Walsh,lucia.walsh79@example.com,555-010-0079,CATER120,Catering Tray,2,120.00,0.00,19.20,259.20,
O-202609-0489-L01,O-202609-0489,1,2026-09-15T14:18:00,C002,James Chen,james.chen2@example.com,555-010-0002,MUFFIN15,Muffin Box (4),4,15.00,0.00,4.80,64.80,
O-202609-0489-L02,O-202609-0489,1,2026-09-15T14:18:00,C002,James Chen,james.chen2@example.com,555-010-0002,PIE32,Seasonal Pie,1,32.00,0.00,2.56,34.56,
O-202609-0490-L01,O-202609-0490,1,2026-09-15T14:23:00,C004,Daniel Okafor,daniel.okafor4@example.com,555-010-0004,MUFFIN15,Muffin Box (4),3,15.00,0.00,3.60,48.60,
O-202609-0490-L02,O-202609-0490,1,2026-09-15T14:23:00,C004,Daniel Okafor,daniel.okafor4@example.com,555-010-0004,BAGUETTE5,Baguette,1,5.00,0.25,0.38,5.13,
O-202609-0490-L03,O-202609-0490,1,2026-09-15T14:23:00,C004,Daniel Okafor,daniel.okafor4@example.com,555-010-0004,CAKE48,Birthday Cake,2,48.00,14.40,6.53,88.13,
O-202609-0491-L01,O-202609-0491,1,2026-09-15T15:14:00,C005,Aisha Rahman,aisha.rahman5@example.com,555-010-0005,MUFFIN15,Muffin Box (4),3,15.00,0.00,3.60,48.60,
O-202609-0491-L02,O-202609-0491,1,2026-09-15T15:14:00,C005,Aisha Rahman,aisha.rahman5@example.com,555-010-0005,CROISSANT21,Croissant Box (6),3,21.00,0.00,5.04,68.04,
O-202609-0492-L01,O-202609-0492,1,2026-09-15T15:17:00,C009,Grace Kim,grace.kim9@example.com,555-010-0009,GRANOLA11,Granola Jar,1,11.00,1.65,0.75,10.10,
O-202609-0492-L02,O-202609-0492,1,2026-09-15T15:17:00,C009,Grace Kim,grace.kim9@example.com,555-010-0009,CROISSANT21,Croissant Box (6),4,21.00,4.20,6.38,86.18,
O-202609-0493-L01,O-202609-0493,1,2026-09-15T15:47:00,,,,,PIE32,Seasonal Pie,1,32.00,4.80,2.18,29.38,
O-202609-0493-L02,O-202609-0493,1,2026-09-15T15:47:00,,,,,BREAD9,Sourdough Loaf,3,9.00,0.00,2.16,29.16,
O-202609-0493-L03,O-202609-0493,1,2026-09-15T15:47:00,,,,,CATER120,Catering Tray,1,120.00,0.00,9.60,129.60,
O-202609-0494-L01,O-202609-0494,1,2026-09-15T16:02:00,C067,Lily Shah,lily.shah67@example.com,555-010-0067,MUFFIN15,Muffin Box (4),4,15.00,6.00,4.32,58.32,Write 'Happy 40th'
O-202609-0495-L01,O-202609-0495,1,2026-09-15T16:09:00,C069,Rosa Larsen,rosa.larsen69@example.com,555-010-0069,BREAD9,Sourdough Loaf,1,9.00,1.35,0.61,8.26,
O-202609-0496-L01,O-202609-0496,1,2026-09-15T16:25:00,C071,Mei Byrne,mei.byrne71@example.com,555-010-0071,CROISSANT21,Croissant Box (6),1,21.00,2.10,1.51,20.41,
O-202609-0496-L02,O-202609-0496,1,2026-09-15T16:25:00,C071,Mei Byrne,mei.byrne71@example.com,555-010-0071,COOKIE12,Cookie Box (12),4,12.00,0.00,3.84,51.84,
O-202609-0497-L01,O-202609-0497,1,2026-09-15T16:32:00,C004,Daniel Okafor,daniel.okafor4@example.com,555-010-0004,CATER120,Catering Tray,2,120.00,36.00,16.32,220.32,
O-202609-0497-L02,O-202609-0497,1,2026-09-15T16:32:00,C004,Daniel Okafor,daniel.okafor4@example.com,555-010-0004,COFFEE18,Coffee Beans 1lb,1,18.00,0.00,1.44,19.44,
O-202609-0498-L01,O-202609-0498,1,2026-09-15T16:56:00,C022,Carlos Silva,carlos.silva22@example.com,555-010-0022,BREAD9,Sourdough Loaf,1,9.00,0.00,0.72,9.72,Loyalty card CL-0022 scanned
O-202609-0499-L01,O-202609-0499,1,2026-09-15T17:18:00,C002,James Chen,james.chen2@example.com,555-010-0002,MUFFIN15,Muffin Box (4),2,15.00,0.00,2.40,32.40,
O-202609-0499-L02,O-202609-0499,1,2026-09-15T17:18:00,C002,James Chen,james.chen2@example.com,555-010-0002,CAKE48,Birthday Cake,1,48.00,4.80,3.46,46.66,
O-202609-0499-L03,O-202609-0499,1,2026-09-15T17:18:00,C002,James Chen,james.chen2@example.com,555-010-0002,PIE32,Seasonal Pie,2,32.00,3.20,4.86,65.66,
O-202609-0500-L01,O-202609-0500,1,2026-09-15T17:22:00,C080,Kofi Tanaka,kofi.tanaka80@example.com,555-010-0080,PIE32,Seasonal Pie,1,32.00,0.00,2.56,34.56,
O-202609-0501-L01,O-202609-0501,1,2026-09-15T17:27:00,,,,,MUFFIN15,Muffin Box (4),1,15.00,0.00,1.20,16.20,
O-202609-0501-L02,O-202609-0501,1,2026-09-15T17:27:00,,,,,COFFEE18,Coffee Beans 1lb,4,18.00,10.80,4.90,66.10,
O-202609-0501-L03,O-202609-0501,1,2026-09-15T17:27:00,,,,,GRANOLA11,Granola Jar,4,11.00,4.40,3.17,42.77,
O-202609-0502-L01,O-202609-0502,1,2026-09-15T17:53:00,C010,Omar Haddad,omar.haddad10@example.com,555-010-0010,COOKIE12,Cookie Box (12),4,12.00,2.40,3.65,49.25,
O-202609-0502-L02,O-202609-0502,1,2026-09-15T17:53:00,C010,Omar Haddad,omar.haddad10@example.com,555-010-0010,GRANOLA11,Granola Jar,3,11.00,0.00,2.64,35.64,
O-202609-0502-L03,O-202609-0502,1,2026-09-15T17:53:00,C010,Omar Haddad,omar.haddad10@example.com,555-010-0010,CATER120,Catering Tray,2,120.00,0.00,19.20,259.20,
O-202609-0503-L01,O-202609-0503,1,2026-09-16T07:15:00,,Maria,maria.lopez1@example.com,,CAKE48,Birthday Cake,1,48.00,0.00,3.84,51.84,
O-202609-0503-L02,O-202609-0503,1,2026-09-16T07:15:00,,Maria,maria.lopez1@example.com,,CROISSANT21,Croissant Box (6),1,21.00,3.15,1.43,19.28,
O-202609-0504-L01,O-202609-0504,1,2026-09-16T07:37:00,,,,,BREAD9,Sourdough Loaf,4,9.00,0.00,2.88,38.88,
O-202609-0504-L02,O-202609-0504,1,2026-09-16T07:37:00,,,,,BAGUETTE5,Baguette,3,5.00,0.00,1.20,16.20,
O-202609-0505-L01,O-202609-0505,1,2026-09-16T08:34:00,C004,Daniel Okafor,daniel.okafor4@example.com,555-010-0004,COFFEE18,Coffee Beans 1lb,3,18.00,0.00,4.32,58.32,
O-202609-0506-L01,O-202609-0506,1,2026-09-16T09:15:00,C004,Daniel Okafor,daniel.okafor4@example.com,555-010-0004,CAKE48,Birthday Cake,1,48.00,7.20,3.26,44.06,
O-202609-0507-L01,O-202609-0507,1,2026-09-16T09:33:00,,,,,PIE32,Seasonal Pie,1,32.00,0.00,2.56,34.56,
O-202609-0507-L02,O-202609-0507,1,2026-09-16T09:33:00,,,,,COFFEE18,Coffee Beans 1lb,1,18.00,0.00,1.44,19.44,
O-202609-0507-L03,O-202609-0507,1,2026-09-16T09:33:00,,,,,BREAD9,Sourdough Loaf,3,9.00,4.05,1.84,24.79,
O-202609-0508-L01,O-202609-0508,1,2026-09-16T10:10:00,C047,Keiko Iyer,keiko.iyer47@example.com,555-010-0047,CROISSANT21,Croissant Box (6),2,21.00,0.00,3.36,45.36,
O-202609-0508-L02,O-202609-0508,1,2026-09-16T10:10:00,C047,Keiko Iyer,keiko.iyer47@example.com,555-010-0047,CATER120,Catering Tray,1,120.00,18.00,8.16,110.16,
O-202609-0508-L03,O-202609-0508,1,2026-09-16T10:10:00,C047,Keiko Iyer,keiko.iyer47@example.com,555-010-0047,COOKIE12,Cookie Box (12),2,12.00,3.60,1.63,22.03,
O-202609-0509-L01,O-202609-0509,1,2026-09-16T10:45:00,,,,,CATER120,Catering Tray,2,120.00,36.00,16.32,220.32,
O-202609-0509-L02,O-202609-0509,1,2026-09-16T10:45:00,,,,,CROISSANT21,Croissant Box (6),3,21.00,0.00,5.04,68.04,
O-202609-0509-L03,O-202609-0509,1,2026-09-16T10:45:00,,,,,GRANOLA11,Granola Jar,1,11.00,1.65,0.75,10.10,
O-202609-0510-L01,O-202609-0510,1,2026-09-16T12:23:00,,,,,PIE32,Seasonal Pie,1,32.00,0.00,2.56,34.56,
O-202609-0510-L02,O-202609-0510,1,2026-09-16T12:23:00,,,,,CATER120,Catering Tray,2,120.00,24.00,17.28,233.28,
O-202609-0511-L01,O-202609-0511,1,2026-09-16T13:13:00,C064,Lee Nguyen,nguyen.home@example.com,555-010-6300,GRANOLA11,Granola Jar,3,11.00,1.65,2.51,33.86,
O-202609-0512-L01,O-202609-0512,1,2026-09-16T13:34:00,C065,Zara Ramos,zara.ramos65@example.com,555-010-0065,CROISSANT21,Croissant Box (6),3,21.00,0.00,5.04,68.04,
O-202609-0513-L01,O-202609-0513,1,2026-09-16T13:49:00,C008,Luis Garcia,luis.garcia8@example.com,555-010-0008,BAGUETTE5,Baguette,3,5.00,0.00,1.20,16.20,
O-202609-0514-L01,O-202609-0514,1,2026-09-16T14:26:00,,,,,BREAD9,Sourdough Loaf,2,9.00,0.00,1.44,19.44,
O-202609-0514-L02,O-202609-0514,1,2026-09-16T14:26:00,,,,,CATER120,Catering Tray,1,120.00,18.00,8.16,110.16,
O-202609-0514-L03,O-202609-0514,1,2026-09-16T14:26:00,,,,,COFFEE18,Coffee Beans 1lb,3,18.00,0.00,4.32,58.32,
O-202609-0515-L01,O-202609-0515,1,2026-09-16T14:27:00,C003,Priya Patel,priya.patel3@example.com,555-010-0003,BAGUETTE5,Baguette,2,5.00,0.00,0.80,10.80,
O-202609-0515-L02,O-202609-0515,1,2026-09-16T14:27:00,C003,Priya Patel,priya.patel3@example.com,555-010-0003,BREAD9,Sourdough Loaf,1,9.00,0.00,0.72,9.72,
O-202609-0515-L03,O-202609-0515,1,2026-09-16T14:27:00,C003,Priya Patel,priya.patel3@example.com,555-010-0003,PIE32,Seasonal Pie,1,32.00,0.00,2.56,34.56,
O-202609-0516-L01,O-202609-0516,1,2026-09-16T14:28:00,,,,,CATER120,Catering Tray,2,120.00,0.00,19.20,259.20,
O-202609-0516-L02,O-202609-0516,1,2026-09-16T14:28:00,,,,,CROISSANT21,Croissant Box (6),4,21.00,0.00,6.72,90.72,
O-202609-0517-L01,O-202609-0517,1,2026-09-16T15:25:00,,,,,BAGUETTE5,Baguette,4,5.00,1.00,1.52,20.52,
O-202609-0517-L02,O-202609-0517,1,2026-09-16T15:25:00,,,,,BREAD9,Sourdough Loaf,1,9.00,0.00,0.72,9.72,
O-202609-0518-L01,O-202609-0518,1,2026-09-16T15:33:00,C001,Maria Lopez,maria.lopez1@example.com,555-010-0001,COFFEE18,Coffee Beans 1lb,3,18.00,0.00,4.32,58.32,Write 'Happy 40th'
O-202609-0518-L02,O-202609-0518,1,2026-09-16T15:33:00,C001,Maria Lopez,maria.lopez1@example.com,555-010-0001,BREAD9,Sourdough Loaf,1,9.00,0.00,0.72,9.72,
O-202609-0519-L01,O-202609-0519,1,2026-09-16T15:44:00,C001,Maria Lopez,maria.lopez1@example.com,555-010-0001,COFFEE18,Coffee Beans 1lb,3,18.00,0.00,4.32,58.32,
O-202609-0519-L02,O-202609-0519,1,2026-09-16T15:44:00,C001,Maria Lopez,maria.lopez1@example.com,555-010-0001,BREAD9,Sourdough Loaf,1,9.00,0.00,0.72,9.72,
O-202609-0520-L01,O-202609-0520,1,2026-09-16T15:49:00,C079,Lucia Walsh,lucia.walsh79@example.com,555-010-0079,PIE32,Seasonal Pie,1,32.00,0.00,2.56,34.56,
O-202609-0521-L01,O-202609-0521,1,2026-09-16T15:56:00,C003,Priya Patel,priya.patel3@example.com,555-010-0003,CROISSANT21,Croissant Box (6),3,21.00,0.00,5.04,68.04,
O-202609-0521-L02,O-202609-0521,1,2026-09-16T15:56:00,C003,Priya Patel,priya.patel3@example.com,555-010-0003,PIE32,Seasonal Pie,2,32.00,6.40,4.61,62.21,
O-202609-0521-L03,O-202609-0521,1,2026-09-16T15:56:00,C003,Priya Patel,priya.patel3@example.com,555-010-0003,MUFFIN15,Muffin Box (4),2,15.00,0.00,2.40,32.40,
O-202609-0522-L01,O-202609-0522,1,2026-09-16T16:16:00,C080,Kofi Tanaka,kofi.tanaka80@example.com,555-010-0080,PIE32,Seasonal Pie,1,32.00,0.00,2.56,34.56,
O-202609-0522-L02,O-202609-0522,1,2026-09-16T16:16:00,C080,Kofi Tanaka,kofi.tanaka80@example.com,555-010-0080,CROISSANT21,Croissant Box (6),3,21.00,6.30,4.54,61.24,
O-202609-0522-L03,O-202609-0522,1,2026-09-16T16:16:00,C080,Kofi Tanaka,kofi.tanaka80@example.com,555-010-0080,CATER120,Catering Tray,2,120.00,24.00,17.28,233.28,
O-202609-0523-L01,O-202609-0523,1,2026-09-16T16:39:00,C036,Felix Larsen,felix.larsen36@example.com,555-010-0036,CAKE48,Birthday Cake,1,48.00,0.00,3.84,51.84,
O-202609-0524-L01,O-202609-0524,1,2026-09-16T16:54:00,C002,James Chen,james.chen2@example.com,555-010-0002,CATER120,Catering Tray,1,120.00,12.00,8.64,116.64,
O-202609-0524-L02,O-202609-0524,1,2026-09-16T16:54:00,C002,James Chen,james.chen2@example.com,555-010-0002,BREAD9,Sourdough Loaf,1,9.00,0.00,0.72,9.72,
O-202609-0525-L01,O-202609-0525,1,2026-09-16T16:56:00,C012,Victor Nguyen,victor.nguyen12@example.com,555-010-0012,COOKIE12,Cookie Box (12),3,12.00,0.00,2.88,38.88,Gift wrap
O-202609-0526-L01,O-202609-0526,1,2026-09-16T17:18:00,C004,Daniel Okafor,daniel.okafor4@example.com,555-010-0004,COFFEE18,Coffee Beans 1lb,4,18.00,0.00,5.76,77.76,
O-202609-0526-L02,O-202609-0526,1,2026-09-16T17:18:00,C004,Daniel Okafor,daniel.okafor4@example.com,555-010-0004,COOKIE12,Cookie Box (12),4,12.00,0.00,3.84,51.84,
O-202609-0527-L01,O-202609-0527,1,2026-09-16T17:41:00,C074,Samir Lopez,samir.lopez74@example.com,555-010-0074,CROISSANT21,Croissant Box (6),4,21.00,4.20,6.38,86.18,
O-202609-0527-L02,O-202609-0527,1,2026-09-16T17:41:00,C074,Samir Lopez,samir.lopez74@example.com,555-010-0074,COOKIE12,Cookie Box (12),3,12.00,0.00,2.88,38.88,
O-202609-0527-L03,O-202609-0527,1,2026-09-16T17:41:00,C074,Samir Lopez,samir.lopez74@example.com,555-010-0074,CAKE48,Birthday Cake,1,48.00,0.00,3.84,51.84,
O-202609-0528-L01,O-202609-0528,1,2026-09-16T17:43:00,C038,Owen Byrne,owen.byrne38@example.com,555-010-0038,CROISSANT21,Croissant Box (6),4,21.00,12.60,5.71,77.11,
O-202609-0528-L02,O-202609-0528,1,2026-09-16T17:43:00,C038,Owen Byrne,owen.byrne38@example.com,555-010-0038,MUFFIN15,Muffin Box (4),4,15.00,3.00,4.56,61.56,
O-202609-0529-L01,O-202609-0529,1,2026-09-17T07:03:00,C004,Daniel Okafor,daniel.okafor4@example.com,555-010-0004,CATER120,Catering Tray,1,120.00,12.00,8.64,116.64,
O-202609-0530-L01,O-202609-0530,1,2026-09-17T07:28:00,C053,Nina Moreau,nina.moreau53@example.com,555-010-0053,BREAD9,Sourdough Loaf,3,9.00,0.00,2.16,29.16,
O-202609-0530-L02,O-202609-0530,1,2026-09-17T07:28:00,C053,Nina Moreau,nina.moreau53@example.com,555-010-0053,BAGUETTE5,Baguette,1,5.00,0.00,0.40,5.40,
O-202609-0530-L03,O-202609-0530,1,2026-09-17T07:28:00,C053,Nina Moreau,nina.moreau53@example.com,555-010-0053,CAKE48,Birthday Cake,1,48.00,0.00,3.84,51.84,
O-202609-0531-L01,O-202609-0531,1,2026-09-17T08:07:00,C002,James Chen,james.chen2@example.com,555-010-0002,COFFEE18,Coffee Beans 1lb,3,18.00,0.00,4.32,58.32,
O-202609-0532-L01,O-202609-0532,1,2026-09-17T08:51:00,C001,Maria Lopez,maria.lopez1@example.com,555-010-0001,MUFFIN15,Muffin Box (4),1,15.00,2.25,1.02,13.77,
O-202609-0532-L02,O-202609-0532,1,2026-09-17T08:51:00,C001,Maria Lopez,maria.lopez1@example.com,555-010-0001,CROISSANT21,Croissant Box (6),4,21.00,0.00,6.72,90.72,
O-202609-0533-L01,O-202609-0533,1,2026-09-17T09:28:00,C056,Marcus Hughes,marcus.hughes56@example.com,555-010-0056,CATER120,Catering Tray,1,120.00,0.00,9.60,129.60,
O-202609-0533-L02,O-202609-0533,1,2026-09-17T09:28:00,C056,Marcus Hughes,marcus.hughes56@example.com,555-010-0056,BAGUETTE5,Baguette,1,5.00,0.00,0.40,5.40,
O-202609-0534-L01,O-202609-0534,1,2026-09-17T09:31:00,C005,Aisha Rahman,aisha.rahman5@example.com,555-010-0005,CROISSANT21,Croissant Box (6),3,21.00,0.00,5.04,68.04,
O-202609-0534-L02,O-202609-0534,1,2026-09-17T09:31:00,C005,Aisha Rahman,aisha.rahman5@example.com,555-010-0005,GRANOLA11,Granola Jar,4,11.00,0.00,3.52,47.52,
O-202609-0535-L01,O-202609-0535,1,2026-09-17T10:08:00,C009,Grace Kim,grace.kim9@example.com,555-010-0009,COOKIE12,Cookie Box (12),3,12.00,0.00,2.88,38.88,
O-202609-0536-L01,O-202609-0536,1,2026-09-17T10:27:00,C004,Daniel Okafor,daniel.okafor4@example.com,555-010-0004,COFFEE18,Coffee Beans 1lb,3,18.00,2.70,4.10,55.40,
O-202609-0537-L01,O-202609-0537,1,2026-09-17T10:38:00,C030,Ethan Wright,ethan.wright30@example.com,555-010-0030,CROISSANT21,Croissant Box (6),1,21.00,0.00,1.68,22.68,
O-202609-0537-L02,O-202609-0537,1,2026-09-17T10:38:00,C030,Ethan Wright,ethan.wright30@example.com,555-010-0030,PIE32,Seasonal Pie,2,32.00,0.00,5.12,69.12,
O-202609-0538-L01,O-202609-0538,1,2026-09-17T10:49:00,C047,Keiko Iyer,keiko.iyer47@example.com,555-010-0047,CATER120,Catering Tray,2,120.00,0.00,19.20,259.20,
O-202609-0539-L01,O-202609-0539,1,2026-09-17T11:26:00,C004,Daniel Okafor,daniel.okafor4@example.com,555-010-0004,CROISSANT21,Croissant Box (6),1,21.00,0.00,1.68,22.68,
O-202609-0540-L01,O-202609-0540,1,2026-09-17T11:26:00,C023,Megan Hughes,megan.hughes23@example.com,555-010-0023,COOKIE12,Cookie Box (12),2,12.00,0.00,1.92,25.92,
O-202609-0541-L01,O-202609-0541,1,2026-09-17T11:57:00,C002,James Chen,james.chen2@example.com,555-010-0002,BREAD9,Sourdough Loaf,2,9.00,0.00,1.44,19.44,Loyalty card CL-0002 scanned
O-202609-0541-L02,O-202609-0541,1,2026-09-17T11:57:00,C002,James Chen,james.chen2@example.com,555-010-0002,GRANOLA11,Granola Jar,1,11.00,1.10,0.79,10.69,
O-202609-0542-L01,O-202609-0542,1,2026-09-17T12:18:00,,,,,CATER120,Catering Tray,1,120.00,6.00,9.12,123.12,
O-202609-0542-L02,O-202609-0542,1,2026-09-17T12:18:00,,,,,BREAD9,Sourdough Loaf,4,9.00,0.00,2.88,38.88,
O-202609-0543-L01,O-202609-0543,1,2026-09-17T12:34:00,C004,Daniel Okafor,daniel.okafor4@example.com,555-010-0004,CATER120,Catering Tray,2,120.00,0.00,19.20,259.20,
O-202609-0543-L02,O-202609-0543,1,2026-09-17T12:34:00,C004,Daniel Okafor,daniel.okafor4@example.com,555-010-0004,GRANOLA11,Granola Jar,2,11.00,0.00,1.76,23.76,
O-202609-0544-L01,O-202609-0544,1,2026-09-17T12:47:00,C013,Nina Petrov,nina.petrov13@example.com,555-010-0013,COOKIE12,Cookie Box (12),2,12.00,0.00,1.92,25.92,
O-202609-0544-L02,O-202609-0544,1,2026-09-17T12:47:00,C013,Nina Petrov,nina.petrov13@example.com,555-010-0013,GRANOLA11,Granola Jar,4,11.00,0.00,3.52,47.52,
O-202609-0545-L01,O-202609-0545,1,2026-09-17T13:20:00,C053,Nina Moreau,nina.moreau53@example.com,555-010-0053,CAKE48,Birthday Cake,1,48.00,4.80,3.46,46.66,
O-202609-0546-L01,O-202609-0546,1,2026-09-17T13:25:00,C003,Priya Patel,priya.patel3@example.com,555-010-0003,PIE32,Seasonal Pie,1,32.00,1.60,2.43,32.83,
O-202609-0547-L01,O-202609-0547,1,2026-09-17T13:42:00,C008,Luis Garcia,luis.garcia8@example.com,555-010-0008,CAKE48,Birthday Cake,2,48.00,4.80,7.30,98.50,
O-202609-0547-L02,O-202609-0547,1,2026-09-17T13:42:00,C008,Luis Garcia,luis.garcia8@example.com,555-010-0008,PIE32,Seasonal Pie,2,32.00,0.00,5.12,69.12,
O-202609-0548-L01,O-202609-0548,1,2026-09-17T13:42:00,C046,TOM PETROV,tom.petrov46@example.com,555-010-0046,GRANOLA11,GRANOLA JAR,2,11.00,0.00,1.76,23.76,
O-202609-0548-L02,O-202609-0548,1,2026-09-17T13:42:00,C046,TOM PETROV,tom.petrov46@example.com,555-010-0046,CAKE48,Birthday Cake,1,48.00,0.00,3.84,51.84,Pickup after 3pm
O-202609-0548-L03,O-202609-0548,1,2026-09-17T13:42:00,C046,TOM PETROV,tom.petrov46@example.com,555-010-0046,CROISSANT21,Croissant Box (6),4,21.00,0.00,6.72,90.72,
O-202609-0549-L01,O-202609-0549,1,2026-09-17T14:03:00,,,,,CATER120,Catering Tray,1,120.00,0.00,9.60,129.60,
O-202609-0550-L01,O-202609-0550,1,2026-09-17T14:17:00,C024,Theo Park,theo.park24@example.com,555-010-0024,MUFFIN15,Muffin Box (4),2,15.00,0.00,2.40,32.40,
O-202609-0551-L01,O-202609-0551,1,2026-09-17T14:57:00,,,,,COOKIE12,Cookie Box (12),4,12.00,0.00,3.84,51.84,
O-202609-0552-L01,O-202609-0552,1,2026-09-17T15:16:00,C055,Elena Silva,elena.silva55@example.com,555-010-0055,CAKE48,Birthday Cake,2,48.00,0.00,7.68,103.68,
O-202609-0552-L02,O-202609-0552,1,2026-09-17T15:16:00,C055,Elena Silva,elena.silva55@example.com,555-010-0055,CATER120,Catering Tray,2,120.00,0.00,19.20,259.20,Call on arrival
O-202609-0552-L03,O-202609-0552,1,2026-09-17T15:16:00,C055,Elena Silva,elena.silva55@example.com,555-010-0055,CROISSANT21,Croissant Box (6),1,21.00,0.00,1.68,22.68,
O-202609-0552-L04,O-202609-0552,1,2026-09-17T15:16:00,C055,Elena Silva,elena.silva55@example.com,555-010-0055,GRANOLA11,Granola Jar,3,11.00,0.00,2.64,35.64,
O-202609-0553-L01,O-202609-0553,1,2026-09-17T15:39:00,C021,Ivy Reed,ivy.reed21@example.com,555-010-0021,CATER120,Catering Tray,1,120.00,6.00,9.12,123.12,
O-202609-0553-L02,O-202609-0553,1,2026-09-17T15:39:00,C021,Ivy Reed,ivy.reed21@example.com,555-010-0021,BAGUETTE5,Baguette,2,5.00,0.00,0.80,10.80,
O-202609-0553-L03,O-202609-0553,1,2026-09-17T15:39:00,C021,Ivy Reed,ivy.reed21@example.com,555-010-0021,GRANOLA11,Granola Jar,1,11.00,0.00,0.88,11.88,
O-202609-0554-L01,O-202609-0554,1,2026-09-17T15:53:00,C003,Priya Patel,priya.patel3@example.com,555-010-0003,COOKIE12,Cookie Box (12),2,12.00,1.20,1.82,24.62,
O-202609-0555-L01,O-202609-0555,1,2026-09-17T15:55:00,C013,Nina Petrov,nina.petrov13@example.com,555-010-0013,BAGUETTE5,Baguette,4,5.00,1.00,1.52,20.52,
O-202609-0555-L02,O-202609-0555,1,2026-09-17T15:55:00,C013,Nina Petrov,nina.petrov13@example.com,555-010-0013,CAKE48,Birthday Cake,2,48.00,0.00,7.68,103.68,
O-202609-0555-L03,O-202609-0555,1,2026-09-17T15:55:00,C013,Nina Petrov,nina.petrov13@example.com,555-010-0013,COOKIE12,Cookie Box (12),4,12.00,0.00,3.84,51.84,
O-202609-0556-L01,O-202609-0556,1,2026-09-17T16:15:00,C001,Maria Lopez,maria.lopez1@example.com,555-010-0001,GRANOLA11,Granola Jar,3,11.00,0.00,2.64,35.64,
O-202609-0556-L02,O-202609-0556,1,2026-09-17T16:15:00,C001,Maria Lopez,maria.lopez1@example.com,555-010-0001,MUFFIN15,Muffin Box (4),3,15.00,0.00,3.60,48.60,
O-202609-0557-L01,O-202609-0557,1,2026-09-17T16:24:00,,,,,PIE32,Seasonal Pie,2,32.00,9.60,4.35,58.75,
O-202609-0557-L02,O-202609-0557,1,2026-09-17T16:24:00,,,,,BAGUETTE5,Baguette,4,5.00,0.00,1.60,21.60,
O-202609-0558-L01,O-202609-0558,1,2026-09-17T17:16:00,,,,,PIE32,Seasonal Pie,1,32.00,0.00,2.56,34.56,
O-202609-0559-L01,O-202609-0559,1,2026-09-17T17:49:00,C001,Maria Lopez,maria.lopez1@example.com,555-010-0001,MUFFIN15,Muffin Box (4),1,15.00,0.00,1.20,16.20,
O-202609-0559-L02,O-202609-0559,1,2026-09-17T17:49:00,C001,Maria Lopez,maria.lopez1@example.com,555-010-0001,BAGUETTE5,Baguette,2,5.00,0.00,0.80,10.80,
O-202609-0559-L03,O-202609-0559,1,2026-09-17T17:49:00,C001,Maria Lopez,maria.lopez1@example.com,555-010-0001,BREAD9,Sourdough Loaf,3,9.00,0.00,2.16,29.16,
O-202609-0559-L04,O-202609-0559,1,2026-09-17T17:49:00,C001,Maria Lopez,maria.lopez1@example.com,555-010-0001,CATER120,Catering Tray,1,120.00,0.00,9.60,129.60,
O-202609-0560-L01,O-202609-0560,1,2026-09-18T07:07:00,,,priya.patel3@example.com,555-010-0070,BAGUETTE5,Baguette,3,5.00,0.00,1.20,16.20,Birthday pickup
O-202609-0560-L02,O-202609-0560,1,2026-09-18T07:07:00,,,priya.patel3@example.com,555-010-0070,COOKIE12,Cookie Box (12),4,12.00,0.00,3.84,51.84,
O-202609-0560-L03,O-202609-0560,1,2026-09-18T07:07:00,,,priya.patel3@example.com,555-010-0070,GRANOLA11,Granola Jar,3,11.00,0.00,2.64,35.64,
O-202609-0561-L01,O-202609-0561,1,2026-09-18T07:32:00,C054,Ravi Reed,ravi.reed54@example.com,555-010-0054,CROISSANT21,Croissant Box (6),2,21.00,0.00,3.36,45.36,
O-202609-0561-L02,O-202609-0561,1,2026-09-18T07:32:00,C054,Ravi Reed,ravi.reed54@example.com,555-010-0054,MUFFIN15,Muffin Box (4),3,15.00,0.00,3.60,48.60,Gift wrap
O-202609-0561-L03,O-202609-0561,1,2026-09-18T07:32:00,C054,Ravi Reed,ravi.reed54@example.com,555-010-0054,GRANOLA11,Granola Jar,4,11.00,0.00,3.52,47.52,
O-202609-0562-L01,O-202609-0562,1,2026-09-18T07:33:00,C003,Priya Patel,priya.patel3@example.com,555-010-0003,CATER120,Catering Tray,2,120.00,0.00,19.20,259.20,Loyalty card CL-0003 scanned
O-202609-0562-L02,O-202609-0562,1,2026-09-18T07:33:00,C003,Priya Patel,priya.patel3@example.com,555-010-0003,COFFEE18,Coffee Beans 1lb,1,18.00,1.80,1.30,17.50,
O-202609-0563-L01,O-202609-0563,1,2026-09-18T07:53:00,,,,,BAGUETTE5,Baguette,1,5.00,0.75,0.34,4.59,
O-202609-0563-L02,O-202609-0563,1,2026-09-18T07:53:00,,,,,CATER120,Catering Tray,1,120.00,6.00,9.12,123.12,
O-202609-0563-L03,O-202609-0563,1,2026-09-18T07:53:00,,,,,COOKIE12,Cookie Box (12),4,12.00,4.80,3.46,46.66,
O-202609-0564-L01,O-202609-0564,1,2026-09-18T07:57:00,C010,Omar Haddad,omar.haddad10@example.com,555-010-0010,PIE32,Seasonal Pie,2,32.00,0.00,5.12,69.12,
O-202609-0565-L01,O-202609-0565,1,2026-09-18T08:15:00,C044,Daniel Brooks,daniel.brooks44@example.com,555-010-0044,BAGUETTE5,Baguette,3,5.00,0.75,1.14,15.39,
O-202609-0566-L01,O-202609-0566,1,2026-09-18T08:20:00,C035,Ada Novak,ada.novak35@example.com,555-010-0035,GRANOLA11,Granola Jar,4,11.00,0.00,3.52,47.52,
O-202609-0567-L01,O-202609-0567,1,2026-09-18T08:21:00,C040,Kofi Quinn,kofi.quinn40@example.com,555-010-0040,CAKE48,Birthday Cake,2,48.00,0.00,7.68,103.68,Loyalty card CL-0040 scanned
O-202609-0567-L02,O-202609-0567,1,2026-09-18T08:21:00,C040,Kofi Quinn,kofi.quinn40@example.com,555-010-0040,PIE32,Seasonal Pie,2,32.00,0.00,5.12,69.12,
O-202609-0568-L01,O-202609-0568,1,2026-09-18T08:31:00,C029,Rosa Mendes,rosa.mendes29@example.com,555-010-0029,CAKE48,Birthday Cake,2,48.00,14.40,6.53,88.13,
O-202609-0569-L01,O-202609-0569,1,2026-09-18T08:33:00,,,,,CAKE48,Birthday Cake,1,48.00,0.00,3.84,51.84,
O-202609-0569-L02,O-202609-0569,1,2026-09-18T08:33:00,,,,,BAGUETTE5,Baguette,4,5.00,0.00,1.60,21.60,
O-202609-0570-L01,O-202609-0570,1,2026-09-18T08:46:00,C013,Nina Petrov,nina.petrov13@example.com,555-010-0013,CROISSANT21,Croissant Box (6),1,21.00,0.00,1.68,22.68,
O-202609-0570-L02,O-202609-0570,1,2026-09-18T08:46:00,C013,Nina Petrov,nina.petrov13@example.com,555-010-0013,MUFFIN15,Muffin Box (4),2,15.00,0.00,2.40,32.40,
O-202609-0570-L03,O-202609-0570,1,2026-09-18T08:46:00,C013,Nina Petrov,nina.petrov13@example.com,555-010-0013,CATER120,Catering Tray,1,120.00,12.00,8.64,116.64,
O-202609-0570-L04,O-202609-0570,1,2026-09-18T08:46:00,C013,Nina Petrov,nina.petrov13@example.com,555-010-0013,BAGUETTE5,Baguette,4,5.00,0.00,1.60,21.60,
O-202609-0571-L01,O-202609-0571,1,2026-09-18T09:01:00,C070,Ethan Mensah,ethan.mensah70@example.com,555-010-0070,BAGUETTE5,Baguette,1,5.00,0.50,0.36,4.86,
O-202609-0571-L02,O-202609-0571,1,2026-09-18T09:01:00,C070,Ethan Mensah,ethan.mensah70@example.com,555-010-0070,CATER120,Catering Tray,1,120.00,0.00,9.60,129.60,
O-202609-0571-L03,O-202609-0571,1,2026-09-18T09:01:00,C070,Ethan Mensah,ethan.mensah70@example.com,555-010-0070,BREAD9,Sourdough Loaf,3,9.00,0.00,2.16,29.16,
O-202609-0572-L01,O-202609-0572,1,2026-09-18T09:02:00,,,,,CATER120,Catering Tray,2,120.00,24.00,17.28,233.28,
O-202609-0572-L02,O-202609-0572,1,2026-09-18T09:02:00,,,,,PIE32,Seasonal Pie,1,32.00,0.00,2.56,34.56,
O-202609-0573-L01,O-202609-0573,1,2026-09-18T09:05:00,C006,Tom Walsh,tom.walsh6@example.com,555-010-0006,GRANOLA11,Granola Jar,1,11.00,0.00,0.88,11.88,
O-202609-0574-L01,O-202609-0574,1,2026-09-18T09:21:00,C001,Maria Lopez,maria.lopez1@example.com,555-010-0001,MUFFIN15,Muffin Box (4),4,15.00,9.00,4.08,55.08,
O-202609-0574-L02,O-202609-0574,1,2026-09-18T09:21:00,C001,Maria Lopez,maria.lopez1@example.com,555-010-0001,BREAD9,Sourdough Loaf,4,9.00,0.00,2.88,38.88,Pickup after 3pm
O-202609-0575-L01,O-202609-0575,1,2026-09-18T09:24:00,,,,,MUFFIN15,Muffin Box (4),2,15.00,3.00,2.16,29.16,
O-202609-0575-L02,O-202609-0575,1,2026-09-18T09:24:00,,,,,GRANOLA11,Granola Jar,1,11.00,0.00,0.88,11.88,
O-202609-0576-L01,O-202609-0576,1,2026-09-18T09:38:00,,,,,COOKIE12,Cookie Box (12),1,12.00,0.60,0.91,12.31,
O-202609-0577-L01,O-202609-0577,1,2026-09-18T10:09:00,C052,Victor Ali,victor.ali52@example.com,555-010-0052,PIE32,Seasonal Pie,2,32.00,9.60,4.35,58.75,
O-202609-0577-L02,O-202609-0577,1,2026-09-18T10:09:00,C052,Victor Ali,victor.ali52@example.com,555-010-0052,MUFFIN15,Muffin Box (4),4,15.00,9.00,4.08,55.08,
O-202609-0578-L01,O-202609-0578,1,2026-09-18T10:22:00,,,,,MUFFIN15,Muffin Box (4),2,15.00,4.50,2.04,27.54,
O-202609-0579-L01,O-202609-0579,1,2026-09-18T10:27:00,C002,James Chen,james.chen2@example.com,555-010-0002,BAGUETTE5,Baguette,1,5.00,0.00,0.40,5.40,
O-202609-0579-L02,O-202609-0579,1,2026-09-18T10:27:00,C002,James Chen,james.chen2@example.com,555-010-0002,MUFFIN15,Muffin Box (4),3,15.00,0.00,3.60,48.60,
O-202609-0579-L03,O-202609-0579,1,2026-09-18T10:27:00,C002,James Chen,james.chen2@example.com,555-010-0002,GRANOLA11,Granola Jar,1,11.00,0.00,0.88,11.88,
O-202609-0579-L04,O-202609-0579,1,2026-09-18T10:27:00,C002,James Chen,james.chen2@example.com,555-010-0002,PIE32,Seasonal Pie,1,32.00,0.00,2.56,34.56,
O-202609-0580-L01,O-202609-0580,1,2026-09-18T10:51:00,C009,Grace Kim,grace.kim9@example.com,555-010-0009,CROISSANT21,Croissant Box (6),1,21.00,0.00,1.68,22.68,
O-202609-0580-L02,O-202609-0580,1,2026-09-18T10:51:00,C009,Grace Kim,grace.kim9@example.com,555-010-0009,CATER120,Catering Tray,1,120.00,18.00,8.16,110.16,
O-202609-0580-L03,O-202609-0580,1,2026-09-18T10:51:00,C009,Grace Kim,grace.kim9@example.com,555-010-0009,MUFFIN15,Muffin Box (4),4,15.00,0.00,4.80,64.80,
O-202609-0581-L01,O-202609-0581,1,2026-09-18T10:54:00,C002,James Chen,james.chen2@example.com,555-010-0002,BREAD9,Sourdough Loaf,2,9.00,0.00,1.44,19.44,
O-202609-0581-L02,O-202609-0581,1,2026-09-18T10:54:00,C002,James Chen,james.chen2@example.com,555-010-0002,CROISSANT21,Croissant Box (6),1,21.00,0.00,1.68,22.68,
O-202609-0582-L01,O-202609-0582,1,2026-09-18T11:16:00,C007,Keiko Tanaka,keiko.tanaka7@example.com,555-010-0007,PIE32,Seasonal Pie,2,32.00,0.00,5.12,69.12,
O-202609-0582-L02,O-202609-0582,1,2026-09-18T11:16:00,C007,Keiko Tanaka,keiko.tanaka7@example.com,555-010-0007,CATER120,Catering Tray,2,120.00,0.00,19.20,259.20,
O-202609-0582-L03,O-202609-0582,1,2026-09-18T11:16:00,C007,Keiko Tanaka,keiko.tanaka7@example.com,555-010-0007,BREAD9,Sourdough Loaf,4,9.00,0.00,2.88,38.88,
O-202609-0583-L01,O-202609-0583,1,2026-09-18T11:47:00,C009,Grace Kim,grace.kim9@example.com,555-010-0009,CROISSANT21,Croissant Box (6),1,21.00,0.00,1.68,22.68,
O-202609-0583-L02,O-202609-0583,1,2026-09-18T11:47:00,C009,Grace Kim,grace.kim9@example.com,555-010-0009,BAGUETTE5,Baguette,2,5.00,0.00,0.80,10.80,
O-202609-0584-L01,O-202609-0584,1,2026-09-18T11:49:00,C075,Ada Chen,ada.chen75@example.com,555-010-0075,BREAD9,Sourdough Loaf,1,9.00,0.00,0.72,9.72,
O-202609-0584-L02,O-202609-0584,1,2026-09-18T11:49:00,C075,Ada Chen,ada.chen75@example.com,555-010-0075,CAKE48,Birthday Cake,2,48.00,0.00,7.68,103.68,Birthday pickup
O-202609-0585-L01,O-202609-0585,1,2026-09-18T13:46:00,C010,Omar Haddad,omar.haddad10@example.com,555-010-0010,MUFFIN15,Muffin Box (4),4,15.00,0.00,4.80,64.80,
O-202609-0586-L01,O-202609-0586,1,2026-09-18T13:57:00,,,,,COOKIE12,Cookie Box (12),4,12.00,0.00,3.84,51.84,
O-202609-0586-L02,O-202609-0586,1,2026-09-18T13:57:00,,,,,BREAD9,Sourdough Loaf,2,9.00,0.00,1.44,19.44,
O-202609-0587-L01,O-202609-0587,1,2026-09-18T14:59:00,C002,James Chen,james.chen2@example.com,555-010-0002,CATER120,Catering Tray,2,120.00,24.00,17.28,233.28,
O-202609-0587-L02,O-202609-0587,1,2026-09-18T14:59:00,C002,James Chen,james.chen2@example.com,555-010-0002,COFFEE18,Coffee Beans 1lb,3,18.00,0.00,4.32,58.32,
O-202609-0587-L03,O-202609-0587,1,2026-09-18T14:59:00,C002,James Chen,james.chen2@example.com,555-010-0002,PIE32,Seasonal Pie,1,32.00,0.00,2.56,34.56,
O-202609-0588-L01,O-202609-0588,1,2026-09-18T15:08:00,C004,Daniel Okafor,daniel.okafor4@example.com,555-010-0004,CAKE48,Birthday Cake,1,48.00,0.00,3.84,51.84,
O-202609-0588-L02,O-202609-0588,1,2026-09-18T15:08:00,C004,Daniel Okafor,daniel.okafor4@example.com,555-010-0004,COFFEE18,Coffee Beans 1lb,4,18.00,0.00,5.76,77.76,
O-202609-0588-L03,O-202609-0588,1,2026-09-18T15:08:00,C004,Daniel Okafor,daniel.okafor4@example.com,555-010-0004,BAGUETTE5,Baguette,3,5.00,0.00,1.20,16.20,
O-202609-0589-L01,O-202609-0589,1,2026-09-18T15:16:00,C002,James Chen,james.chen2@example.com,555-010-0002,COOKIE12,Cookie Box (12),3,12.00,3.60,2.59,34.99,
O-202609-0589-L02,O-202609-0589,1,2026-09-18T15:16:00,C002,James Chen,james.chen2@example.com,555-010-0002,BAGUETTE5,Baguette,2,5.00,0.00,0.80,10.80,
O-202609-0589-L03,O-202609-0589,1,2026-09-18T15:16:00,C002,James Chen,james.chen2@example.com,555-010-0002,COFFEE18,Coffee Beans 1lb,1,18.00,0.00,1.44,19.44,
O-202609-0800-L01,O-202609-0800,1,2026-09-25T07:07:00,C013,Nina Petrov,nina.petrov13@example.com,555-010-0013,GRANOLA11,Granola Jar,1,11.00,0.55,0.84,11.29,
O-202609-0590-L01,O-202609-0590,1,2026-09-18T15:41:00,C011,Hannah Brooks,hannah.brooks11@example.com,555-010-0011,CROISSANT21,Croissant Box (6),1,21.00,0.00,1.68,22.68,
O-202609-0590-L02,O-202609-0590,1,2026-09-18T15:41:00,C011,Hannah Brooks,hannah.brooks11@example.com,555-010-0011,PIE32,Seasonal Pie,1,32.00,0.00,2.56,34.56,
O-202609-0591-L01,O-202609-0591,1,2026-09-18T15:50:00,C005,Aisha Rahman,aisha.rahman5@example.com,555-010-0005,BAGUETTE5,Baguette,2,5.00,0.00,0.80,10.80,
O-202609-0591-L02,O-202609-0591,1,2026-09-18T15:50:00,C005,Aisha Rahman,aisha.rahman5@example.com,555-010-0005,BREAD9,Sourdough Loaf,3,9.00,0.00,2.16,29.16,
O-202609-0591-L03,O-202609-0591,1,2026-09-18T15:50:00,C005,Aisha Rahman,aisha.rahman5@example.com,555-010-0005,CROISSANT21,Croissant Box (6),1,21.00,0.00,1.68,22.68,
O-202609-0591-L04,O-202609-0591,1,2026-09-18T15:50:00,C005,Aisha Rahman,aisha.rahman5@example.com,555-010-0005,MUFFIN15,Muffin Box (4),4,15.00,0.00,4.80,64.80,
O-202609-0592-L01,O-202609-0592,1,2026-09-18T16:14:00,C008,Luis Garcia,luis.garcia8@example.com,555-010-0008,GRANOLA11,Granola Jar,4,11.00,6.60,2.99,40.39,
O-202609-0592-L02,O-202609-0592,1,2026-09-18T16:14:00,C008,Luis Garcia,luis.garcia8@example.com,555-010-0008,MUFFIN15,Muffin Box (4),2,15.00,0.00,2.40,32.40,
O-202609-0593-L01,O-202609-0593,1,2026-09-18T16:17:00,C018,Ben Fischer,ben.fischer18@example.com,555-010-0018,BREAD9,Sourdough Loaf,1,9.00,0.00,0.72,9.72,
O-202609-0594-L01,O-202609-0594,1,2026-09-18T16:22:00,C045,Aisha Nguyen,aisha.nguyen45@example.com,555-010-0045,COOKIE12,Cookie Box (12),2,12.00,2.40,1.73,23.33,
O-202609-0594-L02,O-202609-0594,1,2026-09-18T16:22:00,C045,Aisha Nguyen,aisha.nguyen45@example.com,555-010-0045,PIE32,Seasonal Pie,2,32.00,0.00,5.12,69.12,
O-202609-0595-L01,O-202609-0595,1,2026-09-18T17:05:00,C010,Omar Haddad,omar.haddad10@example.com,555-010-0010,BREAD9,Sourdough Loaf,4,9.00,0.00,2.88,38.88,
O-202609-0596-L01,O-202609-0596,1,2026-09-18T17:07:00,C053,Nina Moreau,nina.moreau53@example.com,555-010-0053,CROISSANT21,Croissant Box (6),1,21.00,0.00,1.68,22.68,
O-202609-0050-L01,O-202609-0050,1,2026-09-02T13:02:00,C043,Priya Haddad,priya.haddad43@example.com,555-010-0043,CROISSANT21,Croissant Box (6),3,21.00,0.00,5.04,68.04,
O-202609-0596-L02,O-202609-0596,1,2026-09-18T17:07:00,C053,Nina Moreau,nina.moreau53@example.com,555-010-0053,BAGUETTE5,Baguette,3,5.00,0.00,1.20,16.20,
O-202609-0596-L03,O-202609-0596,1,2026-09-18T17:07:00,C053,Nina Moreau,nina.moreau53@example.com,555-010-0053,MUFFIN15,Muffin Box (4),1,15.00,2.25,1.02,13.77,
O-202609-0597-L01,O-202609-0597,1,2026-09-18T17:19:00,C008,Luis Garcia,luis.garcia8@example.com,555-010-0008,COOKIE12,Cookie Box (12),2,12.00,0.00,1.92,25.92,Staff to box separately
O-202609-0597-L02,O-202609-0597,1,2026-09-18T17:19:00,C008,Luis Garcia,luis.garcia8@example.com,555-010-0008,CAKE48,Birthday Cake,2,48.00,14.40,6.53,88.13,
O-202609-0597-L03,O-202609-0597,1,2026-09-18T17:19:00,C008,Luis Garcia,luis.garcia8@example.com,555-010-0008,BREAD9,Sourdough Loaf,1,9.00,1.35,0.61,8.26,
O-202609-0598-L01,O-202609-0598,1,2026-09-18T17:26:00,C079,Lucia Walsh,lucia.walsh79@example.com,555-010-0079,PIE32,Seasonal Pie,1,32.00,0.00,2.56,34.56,Pre-order
O-202609-0598-L02,O-202609-0598,1,2026-09-18T17:26:00,C079,Lucia Walsh,lucia.walsh79@example.com,555-010-0079,CAKE48,Birthday Cake,1,48.00,0.00,3.84,51.84,
O-202609-0599-L01,O-202609-0599,1,2026-09-19T07:01:00,,,,,BAGUETTE5,Baguette,4,5.00,3.00,1.36,18.36,Gift wrap
O-202609-0599-L02,O-202609-0599,1,2026-09-19T07:01:00,,,,,CATER120,Catering Tray,1,120.00,6.00,9.12,123.12,
O-202609-0600-L01,O-202609-0600,1,2026-09-19T07:02:00,C009,Grace Kim,grace.kim9@example.com,555-010-0009,BREAD9,Sourdough Loaf,2,9.00,0.00,1.44,19.44,
O-202609-0601-L01,O-202609-0601,1,2026-09-19T07:15:00,C019,Fatima Ali,fatima.ali19@example.com,555-010-0019,BREAD9,Sourdough Loaf,3,9.00,0.00,2.16,29.16,
O-202609-0601-L02,O-202609-0601,1,2026-09-19T07:15:00,C019,Fatima Ali,fatima.ali19@example.com,555-010-0019,GRANOLA11,Granola Jar,1,11.00,0.55,0.84,11.29,
O-202609-0602-L01,O-202609-0602,1,2026-09-19T07:56:00,C003,Priya Patel,priya.patel3@example.com,555-010-0003,CROISSANT21,Croissant Box (6),1,21.00,0.00,1.68,22.68,
O-202609-0602-L02,O-202609-0602,1,2026-09-19T07:56:00,C003,Priya Patel,priya.patel3@example.com,555-010-0003,PIE32,Seasonal Pie,1,32.00,0.00,2.56,34.56,
O-202609-0603-L01,O-202609-0603,1,2026-09-19T08:24:00,C006,Tom Walsh,tom.walsh6@example.com,555-010-0006,BREAD9,Sourdough Loaf,4,9.00,0.00,2.88,38.88,
O-202609-0603-L02,O-202609-0603,1,2026-09-19T08:24:00,C006,Tom Walsh,tom.walsh6@example.com,555-010-0006,GRANOLA11,Granola Jar,1,11.00,0.00,0.88,11.88,
O-202609-0604-L01,O-202609-0604,1,2026-09-19T08:27:00,C005,Aisha Rahman,aisha.rahman5@example.com,555-010-0005,CAKE48,Birthday Cake,2,48.00,0.00,7.68,103.68,
O-202609-0604-L02,O-202609-0604,1,2026-09-19T08:27:00,C005,Aisha Rahman,aisha.rahman5@example.com,555-010-0005,GRANOLA11,Granola Jar,2,11.00,1.10,1.67,22.57,Write 'Happy 40th'
O-202609-0605-L01,O-202609-0605,1,2026-09-19T08:37:00,C005,Aisha Rahman,aisha.rahman5@example.com,555-010-0005,BAGUETTE5,Baguette,1,5.00,0.00,0.40,5.40,
O-202609-0605-L02,O-202609-0605,1,2026-09-19T08:37:00,C005,Aisha Rahman,aisha.rahman5@example.com,555-010-0005,PIE32,Seasonal Pie,1,32.00,0.00,2.56,34.56,
O-202609-0606-L01,O-202609-0606,1,2026-09-19T09:01:00,C008,Luis Garcia,luis.garcia8@example.com,555-010-0008,BREAD9,Sourdough Loaf,3,9.00,1.35,2.05,27.70,
O-202609-0606-L02,O-202609-0606,1,2026-09-19T09:01:00,C008,Luis Garcia,luis.garcia8@example.com,555-010-0008,BAGUETTE5,Baguette,4,5.00,0.00,1.60,21.60,
O-202609-0606-L03,O-202609-0606,1,2026-09-19T09:01:00,C008,Luis Garcia,luis.garcia8@example.com,555-010-0008,MUFFIN15,Muffin Box (4),3,15.00,0.00,3.60,48.60,
O-202609-0607-L01,O-202609-0607,1,2026-09-19T09:24:00,C013,Nina Petrov,nina.petrov13@example.com,555-010-0013,PIE32,Seasonal Pie,2,32.00,0.00,5.12,69.12,
O-202609-0607-L02,O-202609-0607,1,2026-09-19T09:24:00,C013,Nina Petrov,nina.petrov13@example.com,555-010-0013,COOKIE12,Cookie Box (12),1,12.00,0.00,0.96,12.96,
O-202609-0608-L01,O-202609-0608,1,2026-09-19T09:47:00,,,,,PIE32,Seasonal Pie,2,32.00,0.00,5.12,69.12,
O-202609-0608-L02,O-202609-0608,1,2026-09-19T09:47:00,,,,,CAKE48,Birthday Cake,2,48.00,0.00,7.68,103.68,
O-202609-0609-L01,O-202609-0609,1,2026-09-19T09:52:00,C074,Samir Lopez,samir.lopez74@example.com,555-010-0074,BREAD9,Sourdough Loaf,1,9.00,0.00,0.72,9.72,
O-202609-0609-L02,O-202609-0609,1,2026-09-19T09:52:00,C074,Samir Lopez,samir.lopez74@example.com,555-010-0074,CROISSANT21,Croissant Box (6),1,21.00,0.00,1.68,22.68,
O-202609-0609-L03,O-202609-0609,1,2026-09-19T09:52:00,C074,Samir Lopez,samir.lopez74@example.com,555-010-0074,GRANOLA11,Granola Jar,3,11.00,1.65,2.51,33.86,
O-202609-0610-L01,O-202609-0610,1,2026-09-19T10:47:00,C059,Fatima Evans,fatima.evans59@example.com,555-010-0059,CAKE48,Birthday Cake,1,48.00,0.00,3.84,51.84,
O-202609-0610-L02,O-202609-0610,1,2026-09-19T10:47:00,C059,Fatima Evans,fatima.evans59@example.com,555-010-0059,CATER120,Catering Tray,2,120.00,0.00,19.20,259.20,
O-202609-0611-L01,O-202609-0611,1,2026-09-19T11:15:00,C036,Felix Larsen,felix.larsen36@example.com,555-010-0036,PIE32,Seasonal Pie,1,32.00,0.00,2.56,34.56,
O-202609-0611-L02,O-202609-0611,1,2026-09-19T11:15:00,C036,Felix Larsen,felix.larsen36@example.com,555-010-0036,CATER120,Catering Tray,2,120.00,0.00,19.20,259.20,
O-202609-0612-L01,O-202609-0612,1,2026-09-19T11:18:00,C004,Daniel Okafor,daniel.okafor4@example.com,555-010-0004,MUFFIN15,Muffin Box (4),1,15.00,0.00,1.20,16.20,
O-202609-0612-L02,O-202609-0612,1,2026-09-19T11:18:00,C004,Daniel Okafor,daniel.okafor4@example.com,555-010-0004,GRANOLA11,Granola Jar,3,11.00,0.00,2.64,35.64,
O-202609-0613-L01,O-202609-0613,1,2026-09-19T11:23:00,C019,Fatima Ali,fatima.ali19@example.com,555-010-0019,COFFEE18,Coffee Beans 1lb,1,18.00,0.00,1.44,19.44,Loyalty card CL-0019 scanned
O-202609-0613-L02,O-202609-0613,1,2026-09-19T11:23:00,C019,Fatima Ali,fatima.ali19@example.com,555-010-0019,GRANOLA11,Granola Jar,3,11.00,0.00,2.64,35.64,
O-202609-0614-L01,O-202609-0614,1,2026-09-19T11:35:00,C019,Fatima Ali,fatima.ali19@example.com,555-010-0019,COFFEE18,Coffee Beans 1lb,1,18.00,0.00,1.44,19.44,Birthday pickup
O-202609-0614-L02,O-202609-0614,1,2026-09-19T11:35:00,C019,Fatima Ali,fatima.ali19@example.com,555-010-0019,GRANOLA11,Granola Jar,3,11.00,0.00,2.64,35.64,
O-202609-0615-L01,O-202609-0615,1,2026-09-19T11:47:00,,Omar,OMAR.HADDAD10@EXAMPLE.COM,,BAGUETTE5,Baguette,2,5.00,0.00,0.80,10.80,
O-202609-0615-L02,O-202609-0615,1,2026-09-19T11:47:00,,Omar,OMAR.HADDAD10@EXAMPLE.COM,,BREAD9,Sourdough Loaf,3,9.00,0.00,2.16,29.16,
O-202609-0615-L03,O-202609-0615,1,2026-09-19T11:47:00,,Omar,OMAR.HADDAD10@EXAMPLE.COM,,GRANOLA11,Granola Jar,4,11.00,0.00,3.52,47.52,
O-202609-0616-L01,O-202609-0616,1,2026-09-19T11:58:00,C006,Tom Walsh,tom.walsh6@example.com,555-010-0006,BAGUETTE5,Baguette,1,5.00,0.75,0.34,4.59,Gift wrap
O-202609-0616-L02,O-202609-0616,1,2026-09-19T11:58:00,C006,Tom Walsh,tom.walsh6@example.com,555-010-0006,GRANOLA11,Granola Jar,1,11.00,0.00,0.88,11.88,
O-202609-0616-L03,O-202609-0616,1,2026-09-19T11:58:00,C006,Tom Walsh,tom.walsh6@example.com,555-010-0006,CAKE48,Birthday Cake,2,48.00,9.60,6.91,93.31,
O-202609-0617-L01,O-202609-0617,1,2026-09-19T12:11:00,C053,Nina Moreau,nina.moreau53@example.com,555-010-0053,PIE32,Seasonal Pie,2,32.00,0.00,5.12,69.12,
O-202609-0618-L01,O-202609-0618,1,2026-09-19T12:12:00,C050,Omar Costa,omar.costa50@example.com,555-010-0050,MUFFIN15,Muffin Box (4),4,15.00,3.00,4.56,61.56,
O-202609-0618-L02,O-202609-0618,1,2026-09-19T12:12:00,C050,Omar Costa,omar.costa50@example.com,555-010-0050,CAKE48,Birthday Cake,2,48.00,9.60,6.91,93.31,
O-202609-0619-L01,O-202609-0619,1,2026-09-19T12:41:00,C055,Elena Silva,elena.silva55@example.com,555-010-0055,CATER120,Catering Tray,2,120.00,0.00,19.20,259.20,
O-202609-0619-L02,O-202609-0619,1,2026-09-19T12:41:00,C055,Elena Silva,elena.silva55@example.com,555-010-0055,COOKIE12,Cookie Box (12),4,12.00,0.00,3.84,51.84,
O-202609-0620-L01,O-202609-0620,1,2026-09-19T12:51:00,C052,Victor Ali,victor.ali52@example.com,555-010-0052,CATER120,Catering Tray,1,120.00,6.00,9.12,123.12,
O-202609-0620-L02,O-202609-0620,1,2026-09-19T12:51:00,C052,Victor Ali,victor.ali52@example.com,555-010-0052,COOKIE12,Cookie Box (12),1,12.00,0.00,0.96,12.96,
O-202609-0621-L01,O-202609-0621,1,2026-09-19T13:23:00,,,,,BREAD9,Sourdough Loaf,1,9.00,1.35,0.61,8.26,
O-202609-0621-L02,O-202609-0621,1,2026-09-19T13:23:00,,,,,CROISSANT21,Croissant Box (6),2,21.00,0.00,3.36,45.36,
O-202609-0622-L01,O-202609-0622,1,2026-09-19T14:08:00,C004,Daniel Okafor,daniel.okafor4@example.com,555-010-0004,CATER120,Catering Tray,2,120.00,0.00,19.20,259.20,
O-202609-0622-L02,O-202609-0622,1,2026-09-19T14:08:00,C004,Daniel Okafor,daniel.okafor4@example.com,555-010-0004,BREAD9,Sourdough Loaf,4,9.00,0.00,2.88,38.88,
O-202609-0622-L03,O-202609-0622,1,2026-09-19T14:08:00,C004,Daniel Okafor,daniel.okafor4@example.com,555-010-0004,COOKIE12,Cookie Box (12),1,12.00,0.60,0.91,12.31,Write 'Happy 40th'
O-202609-0623-L01,O-202609-0623,1,2026-09-19T14:45:00,C046,Tom Petrov,tom.petrov46@example.com,555-010-0046,COFFEE18,Coffee Beans 1lb,4,18.00,0.00,5.76,77.76,
O-202609-0623-L02,O-202609-0623,1,2026-09-19T14:45:00,C046,Tom Petrov,tom.petrov46@example.com,555-010-0046,CROISSANT21,Croissant Box (6),3,21.00,6.30,4.54,61.24,
O-202609-0624-L01,O-202609-0624,1,2026-09-19T14:47:00,C013,NINA PETROV,nina.petrov13@example.com,555-010-0013,MUFFIN15,Muffin Box (4) *,1,15.00,0.00,1.20,16.20,
O-202609-0624-L02,O-202609-0624,1,2026-09-19T14:47:00,C013,NINA PETROV,nina.petrov13@example.com,555-010-0013,COOKIE12,Cookie Box (12),4,12.00,7.20,3.26,44.06,
O-202609-0624-L03,O-202609-0624,1,2026-09-19T14:47:00,C013,NINA PETROV,nina.petrov13@example.com,555-010-0013,BAGUETTE5,Baguette,4,5.00,0.00,1.60,21.60,
O-202609-0624-L04,O-202609-0624,1,2026-09-19T14:47:00,C013,NINA PETROV,nina.petrov13@example.com,555-010-0013,CROISSANT21,Croissant Box (6),3,21.00,0.00,5.04,68.04,
O-202609-0625-L01,O-202609-0625,1,2026-09-19T15:17:00,C055,Elena Silva,elena.silva55@example.com,555-010-0055,BREAD9,Sourdough Loaf,2,9.00,0.00,1.44,19.44,
O-202609-0625-L02,O-202609-0625,1,2026-09-19T15:17:00,C055,Elena Silva,elena.silva55@example.com,555-010-0055,GRANOLA11,Granola Jar,3,11.00,0.00,2.64,35.64,
O-202609-0626-L01,O-202609-0626,1,2026-09-19T15:57:00,C013,Nina Petrov,nina.petrov13@example.com,555-010-0013,CATER120,Catering Tray,2,120.00,0.00,19.20,259.20,
O-202609-0626-L02,O-202609-0626,1,2026-09-19T15:57:00,C013,Nina Petrov,nina.petrov13@example.com,555-010-0013,COFFEE18,Coffee Beans 1lb,2,18.00,1.80,2.74,36.94,
O-202609-0627-L01,O-202609-0627,1,2026-09-19T16:26:00,C034,Samir Shah,samir.shah34@example.com,555-010-0034,GRANOLA11,Granola Jar,4,11.00,4.40,3.17,42.77,
O-202609-0628-L01,O-202609-0628,1,2026-09-19T16:34:00,C061,Ivy Grant,ivy.grant61@example.com,555-010-0061,GIFT25,$25 Gift Card,4,25.00,0.00,0.00,100.00,
O-202609-0629-L01,O-202609-0629,1,2026-09-19T17:11:00,C016,Marcus Bell,marcus.bell16@example.com,555-010-0016,CATER120,Catering Tray,1,120.00,0.00,9.60,129.60,
O-202609-0629-L02,O-202609-0629,1,2026-09-19T17:11:00,C016,Marcus Bell,marcus.bell16@example.com,555-010-0016,MUFFIN15,Muffin Box (4),4,15.00,0.00,4.80,64.80,
O-202609-0630-L01,O-202609-0630,1,2026-09-19T17:16:00,,,,,GRANOLA11,Granola Jar,1,11.00,1.10,0.79,10.69,
O-202609-0630-L02,O-202609-0630,1,2026-09-19T17:16:00,,,,,CATER120,Catering Tray,2,120.00,0.00,19.20,259.20,
O-202609-0630-L03,O-202609-0630,1,2026-09-19T17:16:00,,,,,BREAD9,Sourdough Loaf,1,9.00,0.00,0.72,9.72,
O-202609-0630-L04,O-202609-0630,1,2026-09-19T17:16:00,,,,,MUFFIN15,Muffin Box (4),1,15.00,0.00,1.20,16.20,
O-202609-0631-L01,O-202609-0631,1,2026-09-19T17:35:00,C079,Lucia Walsh,lucia.walsh79@example.com,555-010-0079,GRANOLA11,Granola Jar,4,11.00,6.60,2.99,40.39,
O-202609-0631-L02,O-202609-0631,1,2026-09-19T17:35:00,C079,Lucia Walsh,lucia.walsh79@example.com,555-010-0079,CAKE48,Birthday Cake,2,48.00,4.80,7.30,98.50,
O-202609-0632-L01,O-202609-0632,1,2026-09-19T17:41:00,C068,Jonah Novak,jonah.novak68@example.com,555-010-0068,BREAD9,Sourdough Loaf,4,9.00,0.00,2.88,38.88,
O-202609-0633-L01,O-202609-0633,1,2026-09-19T17:51:00,C059,Fatima Evans,fatima.evans59@example.com,555-010-0059,COFFEE18,Coffee Beans 1lb,1,18.00,0.00,1.44,19.44,
O-202609-0633-L02,O-202609-0633,1,2026-09-19T17:51:00,C059,Fatima Evans,fatima.evans59@example.com,555-010-0059,BREAD9,Sourdough Loaf,4,9.00,0.00,2.88,38.88,
O-202609-0634-L01,O-202609-0634,1,2026-09-20T07:02:00,C044,Daniel Brooks,daniel.brooks44@example.com,555-010-0044,COFFEE18,Coffee Beans 1lb,2,18.00,5.40,2.45,33.05,
O-202609-0634-L02,O-202609-0634,1,2026-09-20T07:02:00,C044,Daniel Brooks,daniel.brooks44@example.com,555-010-0044,CROISSANT21,Croissant Box (6),3,21.00,3.15,4.79,64.64,
O-202609-0635-L01,O-202609-0635,1,2026-09-20T07:12:00,C045,Aisha Nguyen,aisha.nguyen45@example.com,555-010-0045,GRANOLA11,Granola Jar,2,11.00,1.10,1.67,22.57,
O-202609-0635-L02,O-202609-0635,1,2026-09-20T07:12:00,C045,Aisha Nguyen,aisha.nguyen45@example.com,555-010-0045,BREAD9,Sourdough Loaf,1,9.00,1.35,0.61,8.26,
O-202609-0636-L01,O-202609-0636,1,2026-09-20T07:57:00,,,,,BREAD9,Sourdough Loaf,4,9.00,5.40,2.45,33.05,
O-202609-0636-L02,O-202609-0636,1,2026-09-20T07:57:00,,,,,GRANOLA11,Granola Jar,1,11.00,0.00,0.88,11.88,
O-202609-0636-L03,O-202609-0636,1,2026-09-20T07:57:00,,,,,COFFEE18,Coffee Beans 1lb,1,18.00,0.00,1.44,19.44,
O-202609-0636-L04,O-202609-0636,1,2026-09-20T07:57:00,,,,,COOKIE12,Cookie Box (12),1,12.00,0.00,0.96,12.96,
O-202609-0637-L01,O-202609-0637,1,2026-09-20T08:07:00,C048,Luis Rossi,luis.rossi48@example.com,555-010-0048,BAGUETTE5,Baguette,3,5.00,2.25,1.02,13.77,
O-202609-0637-L02,O-202609-0637,1,2026-09-20T08:07:00,C048,Luis Rossi,luis.rossi48@example.com,555-010-0048,BREAD9,Sourdough Loaf,4,9.00,5.40,2.45,33.05,
O-202609-0637-L03,O-202609-0637,1,2026-09-20T08:07:00,C048,Luis Rossi,luis.rossi48@example.com,555-010-0048,MUFFIN15,Muffin Box (4),1,15.00,0.00,1.20,16.20,
O-202609-0638-L01,O-202609-0638,1,2026-09-20T08:15:00,C001,Maria Lopez,maria.lopez1@example.com,555-010-0001,BREAD9,Sourdough Loaf,2,9.00,0.90,1.37,18.47,
O-202609-0638-L02,O-202609-0638,1,2026-09-20T08:15:00,C001,Maria Lopez,maria.lopez1@example.com,555-010-0001,COFFEE18,Coffee Beans 1lb,1,18.00,1.80,1.30,17.50,
O-202609-0638-L03,O-202609-0638,1,2026-09-20T08:15:00,C001,Maria Lopez,maria.lopez1@example.com,555-010-0001,BAGUETTE5,Baguette,4,5.00,0.00,1.60,21.60,
O-202609-0639-L01,O-202609-0639,1,2026-09-20T08:17:00,C004,Daniel Okafor,daniel.okafor4@example.com,555-010-0004,COFFEE18,Coffee Beans 1lb,2,18.00,5.40,2.45,33.05,
O-202609-0639-L02,O-202609-0639,1,2026-09-20T08:17:00,C004,Daniel Okafor,daniel.okafor4@example.com,555-010-0004,GRANOLA11,Granola Jar,2,11.00,0.00,1.76,23.76,
O-202609-0640-L01,O-202609-0640,1,2026-09-20T08:20:00,C010,Omar Haddad,omar.haddad10@example.com,555-010-0010,BREAD9,Sourdough Loaf,4,9.00,0.00,2.88,38.88,
O-202609-0640-L02,O-202609-0640,1,2026-09-20T08:20:00,C010,Omar Haddad,omar.haddad10@example.com,555-010-0010,CATER120,Catering Tray,1,120.00,0.00,9.60,129.60,
O-202609-0640-L03,O-202609-0640,1,2026-09-20T08:20:00,C010,Omar Haddad,omar.haddad10@example.com,555-010-0010,BAGUETTE5,Baguette,3,5.00,0.00,1.20,16.20,
O-202609-0641-L01,O-202609-0641,1,2026-09-20T08:27:00,C003,Priya Patel,priya.patel3@example.com,555-010-0003,PIE32,Seasonal Pie,2,32.00,0.00,5.12,69.12,
O-202609-0641-L02,O-202609-0641,1,2026-09-20T08:27:00,C003,Priya Patel,priya.patel3@example.com,555-010-0003,CAKE48,Birthday Cake,2,48.00,14.40,6.53,88.13,
O-202609-0641-L03,O-202609-0641,1,2026-09-20T08:27:00,C003,Priya Patel,priya.patel3@example.com,555-010-0003,COOKIE12,Cookie Box (12),1,12.00,0.00,0.96,12.96,
O-202609-0642-L01,O-202609-0642,1,2026-09-20T08:39:00,C029,Rosa Mendes,rosa.mendes29@example.com,555-010-0029,CROISSANT21,Croissant Box (6),3,21.00,0.00,5.04,68.04,
O-202609-0642-L02,O-202609-0642,1,2026-09-20T08:39:00,C029,Rosa Mendes,rosa.mendes29@example.com,555-010-0029,CATER120,Catering Tray,2,120.00,36.00,16.32,220.32,
O-202609-0643-L01,O-202609-0643,1,2026-09-20T08:52:00,C005,Aisha Rahman,aisha.rahman5@example.com,555-010-0005,PIE32,Seasonal Pie,2,32.00,0.00,5.12,69.12,
O-202609-0643-L02,O-202609-0643,1,2026-09-20T08:52:00,C005,Aisha Rahman,aisha.rahman5@example.com,555-010-0005,GRANOLA11,Granola Jar,1,11.00,0.00,0.88,11.88,
O-202609-0644-L01,O-202609-0644,1,2026-09-20T09:39:00,C009,Grace Kim,grace.kim9@example.com,555-010-0009,COFFEE18,Coffee Beans 1lb,1,18.00,0.00,1.44,19.44,
O-202609-0644-L02,O-202609-0644,1,2026-09-20T09:39:00,C009,Grace Kim,grace.kim9@example.com,555-010-0009,BAGUETTE5,Baguette,2,5.00,0.00,0.80,10.80,
O-202609-0645-L01,O-202609-0645,1,2026-09-20T10:11:00,,,,,CROISSANT21,Croissant Box (6),1,21.00,0.00,1.68,22.68,
O-202609-0645-L02,O-202609-0645,1,2026-09-20T10:11:00,,,,,GRANOLA11,Granola Jar,3,11.00,4.95,2.24,30.29,
O-202609-0646-L01,O-202609-0646,1,2026-09-20T10:33:00,C003,Priya Patel,priya.patel3@example.com,555-010-0003,COOKIE12,Cookie Box (12),2,12.00,0.00,1.92,25.92,
O-202609-0646-L02,O-202609-0646,1,2026-09-20T10:33:00,C003,Priya Patel,priya.patel3@example.com,555-010-0003,MUFFIN15,Muffin Box (4),1,15.00,0.00,1.20,16.20,
O-202609-0647-L01,O-202609-0647,1,2026-09-20T10:38:00,C002,James Chen,james.chen2@example.com,555-010-0002,BREAD9,Sourdough Loaf,4,9.00,1.80,2.74,36.94,
O-202609-0647-L02,O-202609-0647,1,2026-09-20T10:38:00,C002,James Chen,james.chen2@example.com,555-010-0002,COOKIE12,Cookie Box (12),3,12.00,0.00,2.88,38.88,
O-202609-0647-L03,O-202609-0647,1,2026-09-20T10:38:00,C002,James Chen,james.chen2@example.com,555-010-0002,CAKE48,Birthday Cake,2,48.00,4.80,7.30,98.50,
O-202609-0648-L01,O-202609-0648,1,2026-09-20T10:44:00,C031,Mei Liu,mei.liu31@example.com,555-010-0031,MUFFIN15,Muffin Box (4),2,15.00,0.00,2.40,32.40,
O-202609-0648-L02,O-202609-0648,1,2026-09-20T10:44:00,C031,Mei Liu,mei.liu31@example.com,555-010-0031,COOKIE12,Cookie Box (12),4,12.00,2.40,3.65,49.25,Write 'Happy 40th'
O-202609-0649-L01,O-202609-0649,1,2026-09-20T11:40:00,C031,Mei Liu,mei.liu31@example.com,555-010-0031,CAKE48,Birthday Cake,1,48.00,0.00,3.84,51.84,
O-202609-0649-L02,O-202609-0649,1,2026-09-20T11:40:00,C031,Mei Liu,mei.liu31@example.com,555-010-0031,COOKIE12,Cookie Box (12),1,12.00,0.00,0.96,12.96,
O-202609-0649-L03,O-202609-0649,1,2026-09-20T11:40:00,C031,Mei Liu,mei.liu31@example.com,555-010-0031,GRANOLA11,Granola Jar,4,11.00,0.00,3.52,47.52,
O-202609-0650-L01,O-202609-0650,1,2026-09-20T12:09:00,,,,,MUFFIN15,Muffin Box (4),3,15.00,2.25,3.42,46.17,
O-202609-0651-L01,O-202609-0651,1,2026-09-20T12:24:00,C002,James Chen,james.chen2@example.com,555-010-0002,CAKE48,Birthday Cake,2,48.00,0.00,7.68,103.68,
O-202609-0652-L01,O-202609-0652,1,2026-09-20T14:00:00,C011,Hannah Brooks,hannah.brooks11@example.com,555-010-0011,MUFFIN15,Muffin Box (4),3,15.00,0.00,3.60,48.60,
O-202609-0652-L02,O-202609-0652,1,2026-09-20T14:00:00,C011,Hannah Brooks,hannah.brooks11@example.com,555-010-0011,GRANOLA11,Granola Jar,3,11.00,1.65,2.51,33.86,
O-202609-0652-L03,O-202609-0652,1,2026-09-20T14:00:00,C011,Hannah Brooks,hannah.brooks11@example.com,555-010-0011,COOKIE12,Cookie Box (12),1,12.00,0.00,0.96,12.96,
O-202609-0652-L04,O-202609-0652,1,2026-09-20T14:00:00,C011,Hannah Brooks,hannah.brooks11@example.com,555-010-0011,BREAD9,Sourdough Loaf,1,9.00,1.35,0.61,8.26,
O-202609-0653-L01,O-202609-0653,1,2026-09-20T14:07:00,,,,,PIE32,Seasonal Pie,2,32.00,3.20,4.86,65.66,
O-202609-0653-L02,O-202609-0653,1,2026-09-20T14:07:00,,,,,GRANOLA11,Granola Jar,2,11.00,0.00,1.76,23.76,
O-202609-0654-L01,O-202609-0654,1,2026-09-20T14:08:00,C006,Tom Walsh,tom.walsh6@example.com,555-010-0006,BAGUETTE5,Baguette,4,5.00,2.00,1.44,19.44,
O-202609-0654-L02,O-202609-0654,1,2026-09-20T14:08:00,C006,Tom Walsh,tom.walsh6@example.com,555-010-0006,CAKE48,Birthday Cake,1,48.00,2.40,3.65,49.25,
O-202609-0655-L01,O-202609-0655,1,2026-09-20T14:22:00,C068,Jonah Novak,jonah.novak68@example.com,555-010-0068,BREAD9,Sourdough Loaf,3,9.00,2.70,1.94,26.24,
O-202609-0655-L02,O-202609-0655,1,2026-09-20T14:22:00,C068,Jonah Novak,jonah.novak68@example.com,555-010-0068,GRANOLA11,Granola Jar,4,11.00,0.00,3.52,47.52,
O-202609-0656-L01,O-202609-0656,1,2026-09-20T14:40:00,C007,Keiko Tanaka,keiko.tanaka7@example.com,555-010-0007,CAKE48,Birthday Cake,1,48.00,0.00,3.84,51.84,
O-202609-0656-L02,O-202609-0656,1,2026-09-20T14:40:00,C007,Keiko Tanaka,keiko.tanaka7@example.com,555-010-0007,BAGUETTE5,Baguette,1,5.00,0.00,0.40,5.40,
O-202609-0656-L03,O-202609-0656,1,2026-09-20T14:40:00,C007,Keiko Tanaka,keiko.tanaka7@example.com,555-010-0007,PIE32,Seasonal Pie,2,32.00,0.00,5.12,69.12,
O-202609-0657-L01,O-202609-0657,1,2026-09-20T15:21:00,C007,Keiko Tanaka,keiko.tanaka7@example.com,555-010-0007,COOKIE12,Cookie Box (12),3,12.00,5.40,2.45,33.05,
O-202609-0657-L02,O-202609-0657,1,2026-09-20T15:21:00,C007,Keiko Tanaka,keiko.tanaka7@example.com,555-010-0007,CROISSANT21,Croissant Box (6),1,21.00,0.00,1.68,22.68,
O-202609-0658-L01,O-202609-0658,1,2026-09-20T15:38:00,C004,Daniel Okafor,daniel.okafor4@example.com,555-010-0004,CAKE48,Birthday Cake,1,48.00,4.80,3.46,46.66,
O-202609-0659-L01,O-202609-0659,1,2026-09-20T15:39:00,C005,Aisha Rahman,aisha.rahman5@example.com,555-010-0005,CATER120,Catering Tray,2,120.00,24.00,17.28,233.28,Repeat weekly order
O-202609-0659-L02,O-202609-0659,1,2026-09-20T15:39:00,C005,Aisha Rahman,aisha.rahman5@example.com,555-010-0005,CROISSANT21,Croissant Box (6),4,21.00,8.40,6.05,81.65,
O-202609-0660-L01,O-202609-0660,1,2026-09-20T16:08:00,,,,,CROISSANT21,Croissant Box (6),1,21.00,0.00,1.68,22.68,
O-202609-0660-L02,O-202609-0660,1,2026-09-20T16:08:00,,,,,GRANOLA11,Granola Jar,2,11.00,0.00,1.76,23.76,
O-202609-0660-L03,O-202609-0660,1,2026-09-20T16:08:00,,,,,COFFEE18,Coffee Beans 1lb,1,18.00,0.00,1.44,19.44,
O-202609-0661-L01,O-202609-0661,1,2026-09-20T16:37:00,C003,Priya Patel,priya.patel3@example.com,555-010-0003,BREAD9,Sourdough Loaf,4,9.00,5.40,2.45,33.05,
O-202609-0662-L01,O-202609-0662,1,2026-09-20T17:38:00,,,,,MUFFIN15,Muffin Box (4),1,15.00,0.00,1.20,16.20,
O-202609-0662-L02,O-202609-0662,1,2026-09-20T17:38:00,,,,,COFFEE18,Coffee Beans 1lb,3,18.00,0.00,4.32,58.32,
O-202609-0662-L03,O-202609-0662,1,2026-09-20T17:38:00,,,,,BREAD9,Sourdough Loaf,2,9.00,0.00,1.44,19.44,
O-202609-0663-L01,O-202609-0663,1,2026-09-20T17:58:00,C013,Nina Petrov,nina.petrov13@example.com,555-010-0013,COOKIE12,Cookie Box (12),4,12.00,0.00,3.84,51.84,Gift wrap
O-202609-0663-L02,O-202609-0663,1,2026-09-20T17:58:00,C013,Nina Petrov,nina.petrov13@example.com,555-010-0013,COFFEE18,Coffee Beans 1lb,2,18.00,0.00,2.88,38.88,
O-202609-0664-L01,O-202609-0664,1,2026-09-21T07:07:00,C069,Rosa Larsen,rosa.larsen69@example.com,555-010-0069,CAKE48,Birthday Cake,2,48.00,0.00,7.68,103.68,
O-202609-0664-L02,O-202609-0664,1,2026-09-21T07:07:00,C069,Rosa Larsen,rosa.larsen69@example.com,555-010-0069,BREAD9,Sourdough Loaf,2,9.00,1.80,1.30,17.50,
O-202609-0664-L03,O-202609-0664,1,2026-09-21T07:07:00,C069,Rosa Larsen,rosa.larsen69@example.com,555-010-0069,BAGUETTE5,Baguette,3,5.00,0.00,1.20,16.20,
O-202609-0665-L01,O-202609-0665,1,2026-09-21T07:11:00,C038,Owen Byrne,owen.byrne38@example.com,555-010-0038,GRANOLA11,Granola Jar,2,11.00,0.00,1.76,23.76,
O-202609-0665-L02,O-202609-0665,1,2026-09-21T07:11:00,C038,Owen Byrne,owen.byrne38@example.com,555-010-0038,BAGUETTE5,Baguette,1,5.00,0.00,0.40,5.40,
O-202609-0665-L03,O-202609-0665,1,2026-09-21T07:11:00,C038,Owen Byrne,owen.byrne38@example.com,555-010-0038,PIE32,Seasonal Pie,1,32.00,0.00,2.56,34.56,
O-202609-0666-L01,O-202609-0666,1,2026-09-21T07:19:00,C006,Tom Walsh,tom.walsh6@example.com,555-010-0006,CROISSANT21,Croissant Box (6),4,21.00,12.60,5.71,77.11,
O-202609-0666-L02,O-202609-0666,1,2026-09-21T07:19:00,C006,Tom Walsh,tom.walsh6@example.com,555-010-0006,CAKE48,Birthday Cake,2,48.00,0.00,7.68,103.68,
O-202609-0666-L03,O-202609-0666,1,2026-09-21T07:19:00,C006,Tom Walsh,tom.walsh6@example.com,555-010-0006,GRANOLA11,Granola Jar,3,11.00,4.95,2.24,30.29,
O-202609-0667-L01,O-202609-0667,1,2026-09-21T07:23:00,C036,Felix Larsen,felix.larsen36@example.com,555-010-0036,CATER120,Catering Tray,2,120.00,0.00,19.20,259.20,
O-202609-0667-L02,O-202609-0667,1,2026-09-21T07:23:00,C036,Felix Larsen,felix.larsen36@example.com,555-010-0036,PIE32,Seasonal Pie,1,32.00,3.20,2.30,31.10,
O-202609-0667-L03,O-202609-0667,1,2026-09-21T07:23:00,C036,Felix Larsen,felix.larsen36@example.com,555-010-0036,CROISSANT21,Croissant Box (6),2,21.00,0.00,3.36,45.36,
O-202609-0668-L01,O-202609-0668,1,2026-09-21T07:34:00,,,,,PIE32,Seasonal Pie,2,32.00,0.00,5.12,69.12,
O-202609-0668-L02,O-202609-0668,1,2026-09-21T07:34:00,,,,,CROISSANT21,Croissant Box (6),1,21.00,2.10,1.51,20.41,
O-202609-0668-L03,O-202609-0668,1,2026-09-21T07:34:00,,,,,BREAD9,Sourdough Loaf,4,9.00,0.00,2.88,38.88,
O-202609-0669-L01,O-202609-0669,2,2026-09-21T07:56:00,C007,Keiko Tanaka,keiko.tanaka7@example.com,555-010-0007,CAKE48,Birthday Cake,2,48.00,19.20,6.14,82.94,Loyalty card CL-0007 scanned
O-202609-0669-L02,O-202609-0669,1,2026-09-21T07:56:00,C007,Keiko Tanaka,keiko.tanaka7@example.com,555-010-0007,BAGUETTE5,Baguette,3,5.00,0.75,1.14,15.39,
O-202609-0669-L03,O-202609-0669,1,2026-09-21T07:56:00,C007,Keiko Tanaka,keiko.tanaka7@example.com,555-010-0007,BREAD9,Sourdough Loaf,4,9.00,0.00,2.88,38.88,
O-202609-0670-L01,O-202609-0670,1,2026-09-21T08:09:00,C034,Samir Shah,samir.shah34@example.com,555-010-0034,BAGUETTE5,Baguette,3,5.00,0.00,1.20,16.20,
O-202609-0670-L02,O-202609-0670,1,2026-09-21T08:09:00,C034,Samir Shah,samir.shah34@example.com,555-010-0034,COFFEE18,Coffee Beans 1lb,3,18.00,0.00,4.32,58.32,
O-202609-0670-L03,O-202609-0670,1,2026-09-21T08:09:00,C034,Samir Shah,samir.shah34@example.com,555-010-0034,CAKE48,Birthday Cake,2,48.00,0.00,7.68,103.68,
O-202609-0671-L01,O-202609-0671,1,2026-09-21T10:04:00,C073,Chloe Quinn,chloe.quinn73@example.com,555-010-0073,BREAD9,Sourdough Loaf,2,9.00,0.00,1.44,19.44,
O-202609-0671-L02,O-202609-0671,1,2026-09-21T10:04:00,C073,Chloe Quinn,chloe.quinn73@example.com,555-010-0073,CAKE48,Birthday Cake,1,48.00,0.00,3.84,51.84,
O-202609-0671-L03,O-202609-0671,1,2026-09-21T10:04:00,C073,Chloe Quinn,chloe.quinn73@example.com,555-010-0073,BAGUETTE5,Baguette,4,5.00,0.00,1.60,21.60,Slice the loaf
O-202609-0672-L01,O-202609-0672,1,2026-09-21T10:12:00,,,,,MUFFIN15,Muffin Box (4),1,15.00,2.25,1.02,13.77,
O-202609-0672-L02,O-202609-0672,1,2026-09-21T10:12:00,,,,,CROISSANT21,Croissant Box (6),3,21.00,3.15,4.79,64.64,
O-202609-0672-L03,O-202609-0672,1,2026-09-21T10:12:00,,,,,CAKE48,Birthday Cake,2,48.00,0.00,7.68,103.68,
O-202609-0672-L04,O-202609-0672,1,2026-09-21T10:12:00,,,,,PIE32,Seasonal Pie,2,32.00,0.00,5.12,69.12,
O-202609-0673-L01,O-202609-0673,1,2026-09-21T10:35:00,C012,Victor Nguyen,victor.nguyen12@example.com,555-010-0012,BREAD9,Sourdough Loaf,4,9.00,0.00,2.88,38.88,
O-202609-0673-L02,O-202609-0673,1,2026-09-21T10:35:00,C012,Victor Nguyen,victor.nguyen12@example.com,555-010-0012,MUFFIN15,Muffin Box (4),4,15.00,0.00,4.80,64.80,
O-202609-0673-L03,O-202609-0673,1,2026-09-21T10:35:00,C012,Victor Nguyen,victor.nguyen12@example.com,555-010-0012,CATER120,Catering Tray,1,120.00,18.00,8.16,110.16,
O-202609-0674-L01,O-202609-0674,2,2026-09-21T10:43:00,C012,Victor Nguyen,victor.nguyen12@example.com,555-010-0012,COOKIE12,Cookie Box (12),1,12.00,0.00,0.96,12.96,
O-202609-0674-L02,O-202609-0674,1,2026-09-21T10:43:00,C012,Victor Nguyen,victor.nguyen12@example.com,555-010-0012,COFFEE18,Coffee Beans 1lb,4,18.00,3.60,5.47,73.87,
O-202609-0674-L03,O-202609-0674,1,2026-09-21T10:43:00,C012,Victor Nguyen,victor.nguyen12@example.com,555-010-0012,BREAD9,Sourdough Loaf,1,9.00,0.00,0.72,9.72,
O-202609-0675-L01,O-202609-0675,1,2026-09-21T11:20:00,,,,,CATER120,Catering Tray,1,120.00,18.00,8.16,110.16,
O-202609-0394-L01,O-202609-0394,1,2026-09-13T09:44:00,C005,Aisha Rahman,aisha.rahman5@example.com,555-010-0005,BREAD9,Sourdough Loaf,1,9.00,0.00,0.72,9.72,
O-202609-0676-L01,O-202609-0676,1,2026-09-21T11:20:00,C009,Grace Kim,grace.kim9@example.com,555-010-0009,COOKIE12,Cookie Box (12),1,12.00,0.00,0.96,12.96,
O-202609-0676-L02,O-202609-0676,1,2026-09-21T11:20:00,C009,Grace Kim,grace.kim9@example.com,555-010-0009,CATER120,Catering Tray,2,120.00,0.00,19.20,259.20,
O-202609-0677-L01,O-202609-0677,1,2026-09-21T11:22:00,C017,Sofia Costa,sofia.costa17@example.com,555-010-0017,GRANOLA11,Granola Jar,3,11.00,0.00,2.64,35.64,Loyalty card CL-0017 scanned
O-202609-0677-L02,O-202609-0677,1,2026-09-21T11:22:00,C017,Sofia Costa,sofia.costa17@example.com,555-010-0017,BAGUETTE5,Baguette,4,5.00,0.00,1.60,21.60,
O-202609-0677-L03,O-202609-0677,1,2026-09-21T11:22:00,C017,Sofia Costa,sofia.costa17@example.com,555-010-0017,CAKE48,Birthday Cake,2,48.00,14.40,6.53,88.13,
O-202609-0678-L01,O-202609-0678,1,2026-09-21T11:41:00,C001,Maria Lopez,maria.lopez1@example.com,555-010-0001,COFFEE18,Coffee Beans 1lb,1,18.00,0.00,1.44,19.44,
O-202609-0678-L02,O-202609-0678,1,2026-09-21T11:41:00,C001,Maria Lopez,maria.lopez1@example.com,555-010-0001,MUFFIN15,Muffin Box (4),1,15.00,0.00,1.20,16.20,
O-202609-0678-L03,O-202609-0678,1,2026-09-21T11:41:00,C001,Maria Lopez,maria.lopez1@example.com,555-010-0001,BREAD9,Sourdough Loaf,2,9.00,2.70,1.22,16.52,
O-202609-0679-L01,O-202609-0679,1,2026-09-21T11:44:00,,,,,COOKIE12,Cookie Box (12),1,12.00,0.60,0.91,12.31,
O-202609-0679-L02,O-202609-0679,1,2026-09-21T11:44:00,,,,,PIE32,Seasonal Pie,1,32.00,0.00,2.56,34.56,Write 'Happy 40th'
O-202609-0680-L01,O-202609-0680,1,2026-09-21T12:08:00,C019,Fatima Ali,fatima.ali19@example.com,555-010-0019,CROISSANT21,Croissant Box (6),2,21.00,4.20,3.02,40.82,
O-202609-0680-L02,O-202609-0680,1,2026-09-21T12:08:00,C019,Fatima Ali,fatima.ali19@example.com,555-010-0019,BREAD9,Sourdough Loaf,2,9.00,0.00,1.44,19.44,
O-202609-0680-L03,O-202609-0680,1,2026-09-21T12:08:00,C019,Fatima Ali,fatima.ali19@example.com,555-010-0019,COOKIE12,Cookie Box (12),2,12.00,3.60,1.63,22.03,
O-202609-0681-L01,O-202609-0681,1,2026-09-21T12:15:00,C072,Diego Sato,diego.sato72@example.com,555-010-0072,GRANOLA11,Granola Jar,1,11.00,0.00,0.88,11.88,
O-202609-0681-L02,O-202609-0681,1,2026-09-21T12:15:00,C072,Diego Sato,diego.sato72@example.com,555-010-0072,MUFFIN15,Muffin Box (4),2,15.00,0.00,2.40,32.40,
O-202609-0682-L01,O-202609-0682,1,2026-09-21T12:19:00,C062,Carlos Mendes,carlos.mendes62@example.com,555-010-0062,COFFEE18,Coffee Beans 1lb,3,18.00,5.40,3.89,52.49,
O-202609-0682-L02,O-202609-0682,1,2026-09-21T12:19:00,C062,Carlos Mendes,carlos.mendes62@example.com,555-010-0062,CAKE48,Birthday Cake,2,48.00,4.80,7.30,98.50,
O-202609-0683-L01,O-202609-0683,1,2026-09-21T13:35:00,C007,Keiko Tanaka,keiko.tanaka7@example.com,555-010-0007,PIE32,Seasonal Pie,2,32.00,0.00,5.12,69.12,
O-202609-0683-L02,O-202609-0683,1,2026-09-21T13:35:00,C007,Keiko Tanaka,keiko.tanaka7@example.com,555-010-0007,MUFFIN15,Muffin Box (4),3,15.00,0.00,3.60,48.60,
O-202609-0684-L01,O-202609-0684,1,2026-09-21T13:39:00,,,,,COOKIE12,Cookie Box (12),4,12.00,0.00,3.84,51.84,
O-202609-0684-L02,O-202609-0684,1,2026-09-21T13:39:00,,,,,CROISSANT21,Croissant Box (6),2,21.00,0.00,3.36,45.36,
O-202609-0177-L01,O-202609-0177,1,2026-09-06T13:30:00,C003,Priya Patel,priya.patel3@example.com,555-010-0003,CATER120,Catering Tray,2,120.00,0.00,19.20,259.20,
O-202609-0684-L03,O-202609-0684,1,2026-09-21T13:39:00,,,,,COFFEE18,Coffee Beans 1lb,3,18.00,0.00,4.32,58.32,
O-202609-0684-L04,O-202609-0684,1,2026-09-21T13:39:00,,,,,CATER120,Catering Tray,1,120.00,0.00,9.60,129.60,No nuts please
O-202609-0685-L01,O-202609-0685,1,2026-09-21T14:05:00,,,,,CROISSANT21,Croissant Box (6),1,21.00,0.00,1.68,22.68,
O-202609-0685-L02,O-202609-0685,1,2026-09-21T14:05:00,,,,,BAGUETTE5,Baguette,3,5.00,0.00,1.20,16.20,
O-202609-0685-L03,O-202609-0685,1,2026-09-21T14:05:00,,,,,CAKE48,Birthday Cake,1,48.00,0.00,3.84,51.84,
O-202609-0686-L01,O-202609-0686,1,2026-09-21T14:23:00,C018,Ben Fischer,ben.fischer18@example.com,555-010-0018,GRANOLA11,Granola Jar,3,11.00,3.30,2.38,32.08,
O-202609-0686-L02,O-202609-0686,1,2026-09-21T14:23:00,C018,Ben Fischer,ben.fischer18@example.com,555-010-0018,BREAD9,Sourdough Loaf,1,9.00,0.00,0.72,9.72,Gift wrap
O-202609-0686-L03,O-202609-0686,1,2026-09-21T14:23:00,C018,Ben Fischer,ben.fischer18@example.com,555-010-0018,COOKIE12,Cookie Box (12),2,12.00,1.20,1.82,24.62,Pre-order
O-202609-0687-L01,O-202609-0687,1,2026-09-21T14:48:00,C010,Omar Haddad,omar.haddad10@example.com,555-010-0010,COOKIE12,Cookie Box (12),2,12.00,3.60,1.63,22.03,
O-202609-0688-L01,O-202609-0688,1,2026-09-21T15:22:00,C078,Owen Rahman,owen.rahman78@example.com,555-010-0078,BREAD9,Sourdough Loaf,1,9.00,0.00,0.72,9.72,
O-202609-0688-L02,O-202609-0688,1,2026-09-21T15:22:00,C078,Owen Rahman,owen.rahman78@example.com,555-010-0078,CATER120,Catering Tray,1,120.00,12.00,8.64,116.64,
O-202609-0688-L03,O-202609-0688,1,2026-09-21T15:22:00,C078,Owen Rahman,owen.rahman78@example.com,555-010-0078,MUFFIN15,Muffin Box (4),1,15.00,0.00,1.20,16.20,Staff to box separately
O-202609-0689-L01,O-202609-0689,1,2026-09-21T15:59:00,C019,Fatima Ali,fatima.ali19@example.com,555-010-0019,GRANOLA11,Granola Jar,1,11.00,0.00,0.88,11.88,
O-202609-0689-L02,O-202609-0689,1,2026-09-21T15:59:00,C019,Fatima Ali,fatima.ali19@example.com,555-010-0019,PIE32,Seasonal Pie,2,32.00,0.00,5.12,69.12,
O-202609-0689-L03,O-202609-0689,1,2026-09-21T15:59:00,C019,Fatima Ali,fatima.ali19@example.com,555-010-0019,CROISSANT21,Croissant Box (6),2,21.00,0.00,3.36,45.36,
O-202609-0690-L01,O-202609-0690,1,2026-09-21T16:18:00,C069,Rosa Larsen,rosa.larsen69@example.com,555-010-0069,CATER120,Catering Tray,2,120.00,12.00,18.24,246.24,
O-202609-0691-L01,O-202609-0691,1,2026-09-21T16:24:00,C003,Priya Patel,priya.patel3@example.com,555-010-0003,CAKE48,Birthday Cake,1,48.00,0.00,3.84,51.84,
O-202609-0691-L02,O-202609-0691,1,2026-09-21T16:24:00,C003,Priya Patel,priya.patel3@example.com,555-010-0003,GRANOLA11,Granola Jar,1,11.00,0.00,0.88,11.88,
O-202609-0692-L01,O-202609-0692,1,2026-09-21T16:36:00,C005,Aisha Rahman,aisha.rahman5@example.com,555-010-0005,PIE32,Seasonal Pie,2,32.00,3.20,4.86,65.66,Loyalty card CL-0005 scanned
O-202609-0692-L02,O-202609-0692,1,2026-09-21T16:36:00,C005,Aisha Rahman,aisha.rahman5@example.com,555-010-0005,MUFFIN15,Muffin Box (4),2,15.00,0.00,2.40,32.40,Slice the loaf
O-202609-0692-L03,O-202609-0692,1,2026-09-21T16:36:00,C005,Aisha Rahman,aisha.rahman5@example.com,555-010-0005,BREAD9,Sourdough Loaf,4,9.00,0.00,2.88,38.88,Slice the loaf
O-202609-0693-L01,O-202609-0693,1,2026-09-21T17:13:00,C051,Hannah Fischer,hannah.fischer51@example.com,555-010-0051,BREAD9,Sourdough Loaf,3,9.00,0.00,2.16,29.16,
O-202609-0693-L02,O-202609-0693,1,2026-09-21T17:13:00,C051,Hannah Fischer,hannah.fischer51@example.com,555-010-0051,COOKIE12,Cookie Box (12),4,12.00,4.80,3.46,46.66,
O-202609-0693-L03,O-202609-0693,1,2026-09-21T17:13:00,C051,Hannah Fischer,hannah.fischer51@example.com,555-010-0051,CAKE48,Birthday Cake,1,48.00,0.00,3.84,51.84,
O-202609-0693-L04,O-202609-0693,1,2026-09-21T17:13:00,C051,Hannah Fischer,hannah.fischer51@example.com,555-010-0051,CROISSANT21,Croissant Box (6),4,21.00,0.00,6.72,90.72,
O-202609-0694-L01,O-202609-0694,1,2026-09-21T17:28:00,C007,Keiko Tanaka,keiko.tanaka7@example.com,555-010-0007,COOKIE12,Cookie Box (12),4,12.00,0.00,3.84,51.84,
O-202609-0694-L02,O-202609-0694,1,2026-09-21T17:28:00,C007,Keiko Tanaka,keiko.tanaka7@example.com,555-010-0007,CAKE48,Birthday Cake,1,48.00,4.80,3.46,46.66,
O-202609-0695-L01,O-202609-0695,1,2026-09-21T17:37:00,,,,,CATER120,Catering Tray,1,120.00,12.00,8.64,116.64,Gift wrap
O-202609-0695-L02,O-202609-0695,1,2026-09-21T17:37:00,,,,,COOKIE12,Cookie Box (12),1,12.00,1.80,0.82,11.02,
O-202609-0696-L01,O-202609-0696,1,2026-09-22T07:19:00,C005,Aisha Rahman,aisha.rahman5@example.com,555-010-0005,GRANOLA11,Granola Jar,1,11.00,0.00,0.88,11.88,
O-202609-0696-L02,O-202609-0696,1,2026-09-22T07:19:00,C005,Aisha Rahman,aisha.rahman5@example.com,555-010-0005,MUFFIN15,Muffin Box (4),2,15.00,0.00,2.40,32.40,
O-202609-0697-L01,O-202609-0697,1,2026-09-22T07:29:00,C036,Felix Larsen,felix.larsen36@example.com,555-010-0036,CAKE48,Birthday Cake,1,48.00,0.00,3.84,51.84,Call on arrival
O-202609-0697-L02,O-202609-0697,1,2026-09-22T07:29:00,C036,Felix Larsen,felix.larsen36@example.com,555-010-0036,GRANOLA11,Granola Jar,3,11.00,1.65,2.51,33.86,
O-202609-0697-L03,O-202609-0697,1,2026-09-22T07:29:00,C036,Felix Larsen,felix.larsen36@example.com,555-010-0036,BREAD9,Sourdough Loaf,2,9.00,0.90,1.37,18.47,
O-202609-0697-L04,O-202609-0697,1,2026-09-22T07:29:00,C036,Felix Larsen,felix.larsen36@example.com,555-010-0036,CROISSANT21,Croissant Box (6),1,21.00,2.10,1.51,20.41,
O-202609-0698-L01,O-202609-0698,1,2026-09-22T07:43:00,C061,Ivy Grant,ivy.grant61@example.com,555-010-0061,COFFEE18,Coffee Beans 1lb,1,18.00,2.70,1.22,16.52,
O-202609-0698-L02,O-202609-0698,1,2026-09-22T07:43:00,C061,Ivy Grant,ivy.grant61@example.com,555-010-0061,CATER120,Catering Tray,2,120.00,24.00,17.28,233.28,
O-202609-0699-L01,O-202609-0699,1,2026-09-22T08:05:00,C004,Daniel Okafor,daniel.okafor4@example.com,555-010-0004,CROISSANT21,Croissant Box (6),2,21.00,4.20,3.02,40.82,
O-202609-0699-L02,O-202609-0699,1,2026-09-22T08:05:00,C004,Daniel Okafor,daniel.okafor4@example.com,555-010-0004,CATER120,Catering Tray,1,120.00,0.00,9.60,129.60,
O-202609-0700-L01,O-202609-0700,1,2026-09-22T08:27:00,C003,Priya Patel,priya.patel3@example.com,555-010-0003,COOKIE12,Cookie Box (12),4,12.00,0.00,3.84,51.84,Staff to box separately
O-202609-0700-L02,O-202609-0700,1,2026-09-22T08:27:00,C003,Priya Patel,priya.patel3@example.com,555-010-0003,MUFFIN15,Muffin Box (4),4,15.00,0.00,4.80,64.80,No nuts please
O-202609-0701-L01,O-202609-0701,1,2026-09-22T09:23:00,C010,Omar Haddad,omar.haddad10@example.com,555-010-0010,BREAD9,Sourdough Loaf,1,9.00,0.00,0.72,9.72,
O-202609-0702-L01,O-202609-0702,1,2026-09-22T09:32:00,C056,Marcus Hughes,marcus.hughes56@example.com,555-010-0056,CROISSANT21,Croissant Box (6),4,21.00,12.60,5.71,77.11,Pre-order
O-202609-0702-L02,O-202609-0702,1,2026-09-22T09:32:00,C056,Marcus Hughes,marcus.hughes56@example.com,555-010-0056,BREAD9,Sourdough Loaf,1,9.00,0.90,0.65,8.75,
O-202609-0702-L03,O-202609-0702,1,2026-09-22T09:32:00,C056,Marcus Hughes,marcus.hughes56@example.com,555-010-0056,COOKIE12,Cookie Box (12),2,12.00,1.20,1.82,24.62,
O-202609-0702-L04,O-202609-0702,1,2026-09-22T09:32:00,C056,Marcus Hughes,marcus.hughes56@example.com,555-010-0056,CAKE48,Birthday Cake,1,48.00,7.20,3.26,44.06,
O-202609-0703-L01,O-202609-0703,1,2026-09-22T09:45:00,C018,Ben Fischer,ben.fischer18@example.com,555-010-0018,CAKE48,Birthday Cake,1,48.00,7.20,3.26,44.06,
O-202609-0703-L02,O-202609-0703,1,2026-09-22T09:45:00,C018,Ben Fischer,ben.fischer18@example.com,555-010-0018,PIE32,Seasonal Pie,1,32.00,0.00,2.56,34.56,Birthday pickup
O-202609-0704-L01,O-202609-0704,1,2026-09-22T10:02:00,C049,Grace Bell,grace.bell49@example.com,555-010-0049,BAGUETTE5,Baguette,3,5.00,0.00,1.20,16.20,
O-202609-0705-L01,O-202609-0705,1,2026-09-22T10:04:00,C044,Daniel Brooks,daniel.brooks44@example.com,555-010-0044,CATER120,Catering Tray,2,120.00,24.00,17.28,233.28,
O-202609-0706-L01,O-202609-0706,2,2026-09-22T10:11:00,C001,Maria Lopez,maria.lopez1@example.com,555-010-0001,COOKIE12,Cookie Box (12),3,12.00,3.60,2.59,34.99,
O-202609-0706-L02,O-202609-0706,1,2026-09-22T10:11:00,C001,Maria Lopez,maria.lopez1@example.com,555-010-0001,CATER120,Catering Tray,2,120.00,36.00,16.32,220.32,
O-202609-0707-L01,O-202609-0707,1,2026-09-22T10:12:00,C011,Hannah Brooks,hannah.brooks11@example.com,555-010-0011,MUFFIN15,Muffin Box (4),2,15.00,0.00,2.40,32.40,
O-202609-0707-L02,O-202609-0707,1,2026-09-22T10:12:00,C011,Hannah Brooks,hannah.brooks11@example.com,555-010-0011,CATER120,Catering Tray,2,120.00,0.00,19.20,259.20,
O-202609-0707-L03,O-202609-0707,1,2026-09-22T10:12:00,C011,Hannah Brooks,hannah.brooks11@example.com,555-010-0011,PIE32,Seasonal Pie,1,32.00,0.00,2.56,34.56,
O-202609-0708-L01,O-202609-0708,1,2026-09-22T10:15:00,C077,Yara Okafor,yara.okafor77@example.com,555-010-0077,COOKIE12,Cookie Box (12),3,12.00,0.00,2.88,38.88,
O-202609-0708-L02,O-202609-0708,1,2026-09-22T10:15:00,C077,Yara Okafor,yara.okafor77@example.com,555-010-0077,CATER120,Catering Tray,2,120.00,24.00,17.28,233.28,
O-202609-0709-L01,O-202609-0709,1,2026-09-22T10:53:00,C012,Victor Nguyen,victor.nguyen12@example.com,555-010-0012,BAGUETTE5,Baguette,4,5.00,0.00,1.60,21.60,
O-202609-0709-L02,O-202609-0709,1,2026-09-22T10:53:00,C012,Victor Nguyen,victor.nguyen12@example.com,555-010-0012,COFFEE18,Coffee Beans 1lb,4,18.00,0.00,5.76,77.76,
O-202609-0710-L01,O-202609-0710,1,2026-09-22T12:18:00,C013,Nina Petrov,nina.petrov13@example.com,555-010-0013,PIE32,Seasonal Pie,1,32.00,0.00,2.56,34.56,
O-202609-0710-L02,O-202609-0710,1,2026-09-22T12:18:00,C013,Nina Petrov,nina.petrov13@example.com,555-010-0013,CAKE48,Birthday Cake,1,48.00,0.00,3.84,51.84,
O-202609-0711-L01,O-202609-0711,1,2026-09-22T13:10:00,C052,"Ali, Victor",victor.ali52@example.com,555-010-0052,CROISSANT21,croissant box (6),4,21.00,0.00,6.72,90.72,
O-202609-0711-L02,O-202609-0711,1,2026-09-22T13:10:00,C052,"Ali, Victor",victor.ali52@example.com,555-010-0052,BREAD9,Sourdough Loaf,4,9.00,3.60,2.59,34.99,
O-202609-0712-L01,O-202609-0712,1,2026-09-22T13:31:00,,,,,CATER120,Catering Tray,2,120.00,0.00,19.20,259.20,
O-202609-0712-L02,O-202609-0712,1,2026-09-22T13:31:00,,,,,CAKE48,Birthday Cake,1,48.00,0.00,3.84,51.84,
O-202609-0713-L01,O-202609-0713,1,2026-09-22T13:49:00,C005,Aisha Rahman,aisha.rahman5@example.com,555-010-0005,COFFEE18,Coffee Beans 1lb,3,18.00,0.00,4.32,58.32,
O-202609-0713-L02,O-202609-0713,1,2026-09-22T13:49:00,C005,Aisha Rahman,aisha.rahman5@example.com,555-010-0005,PIE32,Seasonal Pie,1,32.00,0.00,2.56,34.56,
O-202609-0713-L03,O-202609-0713,1,2026-09-22T13:49:00,C005,Aisha Rahman,aisha.rahman5@example.com,555-010-0005,CAKE48,Birthday Cake,1,48.00,0.00,3.84,51.84,
O-202609-0713-L04,O-202609-0713,1,2026-09-22T13:49:00,C005,Aisha Rahman,aisha.rahman5@example.com,555-010-0005,COOKIE12,Cookie Box (12),4,12.00,0.00,3.84,51.84,
O-202609-0714-L01,O-202609-0714,1,2026-09-22T13:53:00,C011,Hannah Brooks,hannah.brooks11@example.com,555-010-0011,PIE32,Seasonal Pie,1,32.00,1.60,2.43,32.83,
O-202609-0714-L02,O-202609-0714,1,2026-09-22T13:53:00,C011,Hannah Brooks,hannah.brooks11@example.com,555-010-0011,GRANOLA11,Granola Jar,1,11.00,0.55,0.84,11.29,Call on arrival
O-202609-0714-L03,O-202609-0714,1,2026-09-22T13:53:00,C011,Hannah Brooks,hannah.brooks11@example.com,555-010-0011,BREAD9,Sourdough Loaf,4,9.00,0.00,2.88,38.88,
O-202609-0714-L04,O-202609-0714,1,2026-09-22T13:53:00,C011,Hannah Brooks,hannah.brooks11@example.com,555-010-0011,BAGUETTE5,Baguette,2,5.00,1.50,0.68,9.18,Call on arrival
O-202609-0715-L01,O-202609-0715,1,2026-09-22T14:27:00,C055,Elena Silva,elena.silva55@example.com,555-010-0055,PIE32,Seasonal Pie,1,32.00,0.00,2.56,34.56,
O-202609-0715-L02,O-202609-0715,1,2026-09-22T14:27:00,C055,Elena Silva,elena.silva55@example.com,555-010-0055,MUFFIN15,Muffin Box (4),4,15.00,0.00,4.80,64.80,Birthday pickup
O-202609-0715-L03,O-202609-0715,1,2026-09-22T14:27:00,C055,Elena Silva,elena.silva55@example.com,555-010-0055,COFFEE18,Coffee Beans 1lb,4,18.00,10.80,4.90,66.10,
O-202609-0715-L04,O-202609-0715,1,2026-09-22T14:27:00,C055,Elena Silva,elena.silva55@example.com,555-010-0055,GRANOLA11,Granola Jar,4,11.00,0.00,3.52,47.52,
O-202609-0716-L01,O-202609-0716,1,2026-09-22T14:31:00,C065,Zara Ramos,zara.ramos65@example.com,555-010-0065,PIE32,Seasonal Pie,2,32.00,0.00,5.12,69.12,
O-202609-0716-L02,O-202609-0716,1,2026-09-22T14:31:00,C065,Zara Ramos,zara.ramos65@example.com,555-010-0065,CATER120,Catering Tray,1,120.00,6.00,9.12,123.12,
O-202609-0717-L01,O-202609-0717,1,2026-09-22T14:55:00,C017,Sofia Costa,sofia.costa17@example.com,555-010-0017,CROISSANT21,Croissant Box (6),4,21.00,0.00,6.72,90.72,
O-202609-0717-L02,O-202609-0717,1,2026-09-22T14:55:00,C017,Sofia Costa,sofia.costa17@example.com,555-010-0017,BAGUETTE5,Baguette,4,5.00,0.00,1.60,21.60,
O-202609-0717-L03,O-202609-0717,1,2026-09-22T14:55:00,C017,Sofia Costa,sofia.costa17@example.com,555-010-0017,MUFFIN15,Muffin Box (4),1,15.00,1.50,1.08,14.58,
O-202609-0717-L04,O-202609-0717,1,2026-09-22T14:55:00,C017,Sofia Costa,sofia.costa17@example.com,555-010-0017,COFFEE18,Coffee Beans 1lb,1,18.00,0.00,1.44,19.44,
O-202609-0718-L01,O-202609-0718,1,2026-09-22T14:56:00,C043,Priya Haddad,priya.haddad43@example.com,555-010-0043,BREAD9,Sourdough Loaf,1,9.00,0.00,0.72,9.72,
O-202609-0718-L02,O-202609-0718,1,2026-09-22T14:56:00,C043,Priya Haddad,priya.haddad43@example.com,555-010-0043,GRANOLA11,Granola Jar,4,11.00,4.40,3.17,42.77,Write 'Happy 40th'
O-202609-0719-L01,O-202609-0719,1,2026-09-22T15:28:00,,,,,COOKIE12,Cookie Box (12),1,12.00,1.80,0.82,11.02,
O-202609-0719-L02,O-202609-0719,1,2026-09-22T15:28:00,,,,,BAGUETTE5,Baguette,2,5.00,0.00,0.80,10.80,
O-202609-0720-L01,O-202609-0720,1,2026-09-22T15:48:00,C013,Nina Petrov,nina.petrov13@example.com,555-010-0013,BAGUETTE5,Baguette,4,5.00,0.00,1.60,21.60,
O-202609-0720-L02,O-202609-0720,1,2026-09-22T15:48:00,C013,Nina Petrov,nina.petrov13@example.com,555-010-0013,CROISSANT21,Croissant Box (6),2,21.00,0.00,3.36,45.36,Pre-order
O-202609-0720-L03,O-202609-0720,1,2026-09-22T15:48:00,C013,Nina Petrov,nina.petrov13@example.com,555-010-0013,CAKE48,Birthday Cake,2,48.00,0.00,7.68,103.68,
O-202609-0720-L04,O-202609-0720,1,2026-09-22T15:48:00,C013,Nina Petrov,nina.petrov13@example.com,555-010-0013,COFFEE18,Coffee Beans 1lb,4,18.00,0.00,5.76,77.76,
O-202609-0721-L01,O-202609-0721,1,2026-09-22T15:54:00,C077,Yara Okafor,yara.okafor77@example.com,555-010-0077,CATER120,Catering Tray,1,120.00,0.00,9.60,129.60,
O-202609-0721-L02,O-202609-0721,1,2026-09-22T15:54:00,C077,Yara Okafor,yara.okafor77@example.com,555-010-0077,PIE32,Seasonal Pie,1,32.00,0.00,2.56,34.56,
O-202609-0721-L03,O-202609-0721,1,2026-09-22T15:54:00,C077,Yara Okafor,yara.okafor77@example.com,555-010-0077,GRANOLA11,Granola Jar,1,11.00,0.00,0.88,11.88,
O-202609-0721-L04,O-202609-0721,1,2026-09-22T15:54:00,C077,Yara Okafor,yara.okafor77@example.com,555-010-0077,BREAD9,Sourdough Loaf,4,9.00,1.80,2.74,36.94,
O-202609-0722-L01,O-202609-0722,1,2026-09-22T16:03:00,,,,,BAGUETTE5,Baguette,2,5.00,0.00,0.80,10.80,
O-202609-0722-L02,O-202609-0722,1,2026-09-22T16:03:00,,,,,CROISSANT21,Croissant Box (6),2,21.00,0.00,3.36,45.36,
O-202609-0722-L03,O-202609-0722,1,2026-09-22T16:03:00,,,,,COOKIE12,Cookie Box (12),2,12.00,0.00,1.92,25.92,
O-202609-0723-L01,O-202609-0723,1,2026-09-22T16:13:00,C046,Tom Petrov,tom.petrov46@example.com,555-010-0046,BAGUETTE5,Baguette,1,5.00,0.00,0.40,5.40,
O-202609-0723-L02,O-202609-0723,1,2026-09-22T16:13:00,C046,Tom Petrov,tom.petrov46@example.com,555-010-0046,CROISSANT21,Croissant Box (6),1,21.00,3.15,1.43,19.28,
O-202609-0724-L01,O-202609-0724,1,2026-09-22T17:06:00,C003,Priya Patel,priya.patel3@example.com,555-010-0003,MUFFIN15,Muffin Box (4),4,15.00,6.00,4.32,58.32,Loyalty card CL-0003 scanned
O-202609-0724-L02,O-202609-0724,1,2026-09-22T17:06:00,C003,Priya Patel,priya.patel3@example.com,555-010-0003,BAGUETTE5,Baguette,3,5.00,0.00,1.20,16.20,
O-202609-0725-L01,O-202609-0725,1,2026-09-22T17:23:00,,,,,COOKIE12,Cookie Box (12),4,12.00,7.20,3.26,44.06,
O-202609-0725-L02,O-202609-0725,1,2026-09-22T17:23:00,,,,,CROISSANT21,Croissant Box (6),2,21.00,0.00,3.36,45.36,
O-202609-0725-L03,O-202609-0725,1,2026-09-22T17:23:00,,,,,COFFEE18,Coffee Beans 1lb,1,18.00,0.00,1.44,19.44,
O-202609-0726-L01,O-202609-0726,1,2026-09-22T17:49:00,C005,Aisha Rahman,aisha.rahman5@example.com,555-010-0005,CAKE48,Birthday Cake,1,48.00,0.00,3.84,51.84,
O-202609-0727-L01,O-202609-0727,1,2026-09-23T07:25:00,C038,Owen Byrne,owen.byrne38@example.com,555-010-0038,BAGUETTE5,Baguette,4,5.00,3.00,1.36,18.36,
O-202609-0727-L02,O-202609-0727,1,2026-09-23T07:25:00,C038,Owen Byrne,owen.byrne38@example.com,555-010-0038,COFFEE18,Coffee Beans 1lb,2,18.00,0.00,2.88,38.88,Repeat weekly order
O-202609-0727-L03,O-202609-0727,1,2026-09-23T07:25:00,C038,Owen Byrne,owen.byrne38@example.com,555-010-0038,COOKIE12,Cookie Box (12),1,12.00,0.00,0.96,12.96,
O-202609-0728-L01,O-202609-0728,1,2026-09-23T07:28:00,C003,Priya Patel,priya.patel3@example.com,555-010-0003,COOKIE12,Cookie Box (12),3,12.00,1.80,2.74,36.94,
O-202609-0728-L02,O-202609-0728,1,2026-09-23T07:28:00,C003,Priya Patel,priya.patel3@example.com,555-010-0003,GRANOLA11,Granola Jar,1,11.00,0.00,0.88,11.88,
O-202609-0729-L01,O-202609-0729,1,2026-09-23T07:37:00,C016,Marcus Bell,marcus.bell16@example.com,555-010-0016,COOKIE12,Cookie Box (12),1,12.00,0.00,0.96,12.96,
O-202609-0729-L02,O-202609-0729,1,2026-09-23T07:37:00,C016,Marcus Bell,marcus.bell16@example.com,555-010-0016,BAGUETTE5,Baguette,1,5.00,0.50,0.36,4.86,Pre-order
O-202609-0729-L03,O-202609-0729,1,2026-09-23T07:37:00,C016,Marcus Bell,marcus.bell16@example.com,555-010-0016,COFFEE18,Coffee Beans 1lb,1,18.00,2.70,1.22,16.52,
O-202609-0730-L01,O-202609-0730,1,2026-09-23T07:38:00,C001,Maria Lopez,maria.lopez1@example.com,555-010-0001,COFFEE18,Coffee Beans 1lb,2,18.00,5.40,2.45,33.05,
O-202609-0730-L02,O-202609-0730,1,2026-09-23T07:38:00,C001,Maria Lopez,maria.lopez1@example.com,555-010-0001,COOKIE12,Cookie Box (12),3,12.00,0.00,2.88,38.88,
O-202609-0730-L03,O-202609-0730,1,2026-09-23T07:38:00,C001,Maria Lopez,maria.lopez1@example.com,555-010-0001,MUFFIN15,Muffin Box (4),3,15.00,0.00,3.60,48.60,
O-202609-0731-L01,O-202609-0731,1,2026-09-23T08:02:00,C036,Felix Larsen,felix.larsen36@example.com,555-010-0036,COFFEE18,Coffee Beans 1lb,3,18.00,0.00,4.32,58.32,
O-202609-0731-L02,O-202609-0731,1,2026-09-23T08:02:00,C036,Felix Larsen,felix.larsen36@example.com,555-010-0036,CROISSANT21,Croissant Box (6),4,21.00,0.00,6.72,90.72,
O-202609-0732-L01,O-202609-0732,1,2026-09-23T08:49:00,C012,Victor Nguyen,victor.nguyen12@example.com,555-010-0012,MUFFIN15,Muffin Box (4),2,15.00,4.50,2.04,27.54,Repeat weekly order
O-202609-0732-L02,O-202609-0732,1,2026-09-23T08:49:00,C012,Victor Nguyen,victor.nguyen12@example.com,555-010-0012,COFFEE18,Coffee Beans 1lb,1,18.00,0.00,1.44,19.44,
O-202609-0732-L03,O-202609-0732,1,2026-09-23T08:49:00,C012,Victor Nguyen,victor.nguyen12@example.com,555-010-0012,BREAD9,Sourdough Loaf,1,9.00,0.45,0.68,9.23,
O-202609-0733-L01,O-202609-0733,1,2026-09-23T08:59:00,C002,James Chen,james.chen2@example.com,555-010-0002,COFFEE18,Coffee Beans 1lb,2,18.00,3.60,2.59,34.99,
O-202609-0733-L02,O-202609-0733,1,2026-09-23T08:59:00,C002,James Chen,james.chen2@example.com,555-010-0002,BAGUETTE5,Baguette,3,5.00,0.00,1.20,16.20,
O-202609-0734-L01,O-202609-0734,1,2026-09-23T09:24:00,C001,Maria Lopez,maria.lopez1@example.com,555-010-0001,BREAD9,Sourdough Loaf,1,9.00,0.00,0.72,9.72,Loyalty card CL-0001 scanned
O-202609-0734-L02,O-202609-0734,1,2026-09-23T09:24:00,C001,Maria Lopez,maria.lopez1@example.com,555-010-0001,CAKE48,Birthday Cake,2,48.00,0.00,7.68,103.68,
O-202609-0735-L01,O-202609-0735,1,2026-09-23T09:37:00,C025,Zara Khan,zara.khan25@example.com,555-010-0025,CROISSANT21,Croissant Box (6),1,21.00,1.05,1.60,21.55,Loyalty card CL-0025 scanned
O-202609-0735-L02,O-202609-0735,1,2026-09-23T09:37:00,C025,Zara Khan,zara.khan25@example.com,555-010-0025,BREAD9,Sourdough Loaf,2,9.00,0.00,1.44,19.44,
O-202609-0735-L03,O-202609-0735,1,2026-09-23T09:37:00,C025,Zara Khan,zara.khan25@example.com,555-010-0025,CATER120,Catering Tray,2,120.00,0.00,19.20,259.20,
O-202609-0735-L04,O-202609-0735,1,2026-09-23T09:37:00,C025,Zara Khan,zara.khan25@example.com,555-010-0025,GRANOLA11,Granola Jar,3,11.00,0.00,2.64,35.64,
O-202609-0736-L01,O-202609-0736,1,2026-09-23T10:03:00,C029,Rosa Mendes,rosa.mendes29@example.com,555-010-0029,CATER120,Catering Tray,2,120.00,12.00,18.24,246.24,
O-202609-0736-L02,O-202609-0736,1,2026-09-23T10:03:00,C029,Rosa Mendes,rosa.mendes29@example.com,555-010-0029,CROISSANT21,Croissant Box (6),1,21.00,0.00,1.68,22.68,Slice the loaf
O-202609-0736-L03,O-202609-0736,1,2026-09-23T10:03:00,C029,Rosa Mendes,rosa.mendes29@example.com,555-010-0029,BAGUETTE5,Baguette,2,5.00,0.00,0.80,10.80,
O-202609-0737-L01,O-202609-0737,1,2026-09-23T10:26:00,C030,Ethan Wright,ethan.wright30@example.com,555-010-0030,BREAD9,Sourdough Loaf,3,9.00,1.35,2.05,27.70,
O-202609-0737-L02,O-202609-0737,1,2026-09-23T10:26:00,C030,Ethan Wright,ethan.wright30@example.com,555-010-0030,COFFEE18,Coffee Beans 1lb,3,18.00,0.00,4.32,58.32,
O-202609-0737-L03,O-202609-0737,1,2026-09-23T10:26:00,C030,Ethan Wright,ethan.wright30@example.com,555-010-0030,COOKIE12,Cookie Box (12),4,12.00,0.00,3.84,51.84,
O-202609-0738-L01,O-202609-0738,1,2026-09-23T10:29:00,C004,Daniel Okafor,daniel.okafor4@example.com,555-010-0004,COOKIE12,Cookie Box (12),4,12.00,4.80,3.46,46.66,
O-202609-0738-L02,O-202609-0738,1,2026-09-23T10:29:00,C004,Daniel Okafor,daniel.okafor4@example.com,555-010-0004,CATER120,Catering Tray,1,120.00,0.00,9.60,129.60,
O-202609-0738-L03,O-202609-0738,1,2026-09-23T10:29:00,C004,Daniel Okafor,daniel.okafor4@example.com,555-010-0004,COFFEE18,Coffee Beans 1lb,4,18.00,0.00,5.76,77.76,
O-202609-0739-L01,O-202609-0739,1,2026-09-23T10:32:00,,,,,GRANOLA11,Granola Jar,1,11.00,0.00,0.88,11.88,
O-202609-0740-L01,O-202609-0740,1,2026-09-23T10:57:00,C059,Fatima Evans,fatima.evans59@example.com,555-010-0059,CROISSANT21,Croissant Box (6),3,21.00,3.15,4.79,64.64,
O-202609-0740-L02,O-202609-0740,1,2026-09-23T10:57:00,C059,Fatima Evans,fatima.evans59@example.com,555-010-0059,BAGUETTE5,Baguette,4,5.00,0.00,1.60,21.60,
O-202609-0741-L01,O-202609-0741,1,2026-09-23T12:17:00,C048,Luis Rossi,luis.rossi48@example.com,555-010-0048,BREAD9,Sourdough Loaf,1,9.00,1.35,0.61,8.26,
O-202609-0742-L01,O-202609-0742,1,2026-09-23T12:22:00,C042,Dana Ortiz,ortiz.family@example.com,555-010-4100,CATER120,Catering Tray,1,120.00,0.00,9.60,129.60,
O-202609-0742-L02,O-202609-0742,1,2026-09-23T12:22:00,C042,Dana Ortiz,ortiz.family@example.com,555-010-4100,BAGUETTE5,Baguette,2,5.00,1.00,0.72,9.72,
O-202609-0743-L01,O-202609-0743,1,2026-09-23T12:24:00,C002,James Chen,james.chen2@example.com,555-010-0002,CATER120,Catering Tray,1,120.00,0.00,9.60,129.60,
O-202609-0744-L01,O-202609-0744,1,2026-09-23T12:26:00,C004,Daniel Okafor,daniel.okafor4@example.com,555-010-0004,BREAD9,Sourdough Loaf,2,9.00,0.00,1.44,19.44,
O-202609-0744-L02,O-202609-0744,1,2026-09-23T12:26:00,C004,Daniel Okafor,daniel.okafor4@example.com,555-010-0004,CAKE48,Birthday Cake,2,48.00,14.40,6.53,88.13,
O-202609-0744-L03,O-202609-0744,1,2026-09-23T12:26:00,C004,Daniel Okafor,daniel.okafor4@example.com,555-010-0004,CATER120,Catering Tray,1,120.00,12.00,8.64,116.64,
O-202609-0745-L01,O-202609-0745,1,2026-09-23T12:44:00,C068,Jonah Novak,jonah.novak68@example.com,555-010-0068,MUFFIN15,Muffin Box (4),2,15.00,0.00,2.40,32.40,
O-202609-0745-L02,O-202609-0745,1,2026-09-23T12:44:00,C068,Jonah Novak,jonah.novak68@example.com,555-010-0068,CAKE48,Birthday Cake,1,48.00,0.00,3.84,51.84,Staff to box separately
O-202609-0746-L01,O-202609-0746,1,2026-09-23T12:46:00,C079,Lucia Walsh,lucia.walsh79@example.com,555-010-0079,COFFEE18,Coffee Beans 1lb,4,18.00,0.00,5.76,77.76,
O-202609-0746-L02,O-202609-0746,1,2026-09-23T12:46:00,C079,Lucia Walsh,lucia.walsh79@example.com,555-010-0079,CAKE48,Birthday Cake,2,48.00,0.00,7.68,103.68,
O-202609-0747-L01,O-202609-0747,1,2026-09-23T13:01:00,C058,Chris Lee,chris.lee58@example.com,555-010-0058,COFFEE18,Coffee Beans 1lb,1,18.00,0.00,1.44,19.44,
O-202609-0748-L01,O-202609-0748,1,2026-09-23T13:01:00,C011,Hannah Brooks,hannah.brooks11@example.com,555-010-0011,CROISSANT21,Croissant Box (6),3,21.00,0.00,5.04,68.04,
O-202609-0748-L02,O-202609-0748,1,2026-09-23T13:01:00,C011,Hannah Brooks,hannah.brooks11@example.com,555-010-0011,CATER120,Catering Tray,1,120.00,0.00,9.60,129.60,
O-202609-0749-L01,O-202609-0749,1,2026-09-23T13:35:00,C066,Noah Martin,noah.martin66@example.com,555-010-0066,BREAD9,Sourdough Loaf,3,9.00,4.05,1.84,24.79,Staff to box separately
O-202609-0749-L02,O-202609-0749,1,2026-09-23T13:35:00,C066,Noah Martin,noah.martin66@example.com,555-010-0066,GRANOLA11,Granola Jar,4,11.00,0.00,3.52,47.52,Pickup after 3pm
O-202609-0750-L01,O-202609-0750,1,2026-09-23T14:31:00,C011,Hannah Brooks,hannah.brooks11@example.com,555-010-0011,COOKIE12,Cookie Box (12),2,12.00,3.60,1.63,22.03,
O-202609-0751-L01,O-202609-0751,1,2026-09-23T14:44:00,,,,,PIE32,Seasonal Pie,1,32.00,1.60,2.43,32.83,Repeat weekly order
O-202609-0751-L02,O-202609-0751,1,2026-09-23T14:44:00,,,,,CROISSANT21,Croissant Box (6),3,21.00,0.00,5.04,68.04,
O-202609-0752-L01,O-202609-0752,1,2026-09-23T14:45:00,,,,,GIFT25,$25 Gift Card,2,25.00,0.00,0.00,50.00,
O-202609-0752-L02,O-202609-0752,1,2026-09-23T14:45:00,,,,,CAKE48,Birthday Cake,1,48.00,0.00,3.84,51.84,
O-202609-0752-L03,O-202609-0752,1,2026-09-23T14:45:00,,,,,COOKIE12,Cookie Box (12),2,12.00,0.00,1.92,25.92,
O-202609-0753-L01,O-202609-0753,1,2026-09-23T14:47:00,C002,James Chen,james.chen2@example.com,555-010-0002,COOKIE12,Cookie Box (12),3,12.00,1.80,2.74,36.94,
O-202609-0753-L02,O-202609-0753,1,2026-09-23T14:47:00,C002,James Chen,james.chen2@example.com,555-010-0002,PIE32,Seasonal Pie,1,32.00,0.00,2.56,34.56,Write 'Happy 40th'
O-202609-0754-L01,O-202609-0754,1,2026-09-23T15:19:00,C040,Kofi Quinn,kofi.quinn40@example.com,555-010-0040,COFFEE18,Coffee Beans 1lb,1,18.00,1.80,1.30,17.50,
O-202609-0755-L01,O-202609-0755,1,2026-09-23T15:46:00,C005,Aisha Rahman,aisha.rahman5@example.com,555-010-0005,CAKE48,Birthday Cake,1,48.00,4.80,3.46,46.66,
O-202609-0756-L01,O-202609-0756,1,2026-09-23T15:51:00,C013,Nina Petrov,nina.petrov13@example.com,555-010-0013,CATER120,Catering Tray,2,120.00,36.00,16.32,220.32,
O-202609-0756-L02,O-202609-0756,1,2026-09-23T15:51:00,C013,Nina Petrov,nina.petrov13@example.com,555-010-0013,COOKIE12,Cookie Box (12),4,12.00,0.00,3.84,51.84,Pre-order
O-202609-0756-L03,O-202609-0756,1,2026-09-23T15:51:00,C013,Nina Petrov,nina.petrov13@example.com,555-010-0013,GRANOLA11,Granola Jar,3,11.00,3.30,2.38,32.08,
O-202609-0756-L04,O-202609-0756,1,2026-09-23T15:51:00,C013,Nina Petrov,nina.petrov13@example.com,555-010-0013,PIE32,Seasonal Pie,1,32.00,3.20,2.30,31.10,
O-202609-0757-L01,O-202609-0757,1,2026-09-23T17:01:00,C053,Nina Moreau,nina.moreau53@example.com,555-010-0053,CAKE48,Birthday Cake,1,48.00,4.80,3.46,46.66,
O-202609-0758-L01,O-202609-0758,1,2026-09-23T17:04:00,C004,Daniel Okafor,daniel.okafor4@example.com,555-010-0004,PIE32,Seasonal Pie,2,32.00,0.00,5.12,69.12,
O-202609-0758-L02,O-202609-0758,1,2026-09-23T17:04:00,C004,Daniel Okafor,daniel.okafor4@example.com,555-010-0004,CATER120,Catering Tray,2,120.00,36.00,16.32,220.32,
O-202609-0759-L01,O-202609-0759,1,2026-09-23T17:05:00,,,,,GRANOLA11,Granola Jar,3,11.00,0.00,2.64,35.64,
O-202609-0759-L02,O-202609-0759,1,2026-09-23T17:05:00,,,,,BAGUETTE5,Baguette,1,5.00,0.00,0.40,5.40,
O-202609-0759-L03,O-202609-0759,1,2026-09-23T17:05:00,,,,,BREAD9,Sourdough Loaf,4,9.00,0.00,2.88,38.88,
O-202609-0760-L01,O-202609-0760,1,2026-09-23T17:22:00,,,,,COOKIE12,Cookie Box (12),2,12.00,0.00,1.92,25.92,
O-202609-0760-L02,O-202609-0760,1,2026-09-23T17:22:00,,,,,PIE32,Seasonal Pie,2,32.00,9.60,4.35,58.75,
O-202609-0761-L01,O-202609-0761,1,2026-09-23T17:27:00,C002,James Chen,james.chen2@example.com,555-010-0002,BREAD9,Sourdough Loaf,3,9.00,0.00,2.16,29.16,
O-202609-0761-L02,O-202609-0761,1,2026-09-23T17:27:00,C002,James Chen,james.chen2@example.com,555-010-0002,MUFFIN15,Muffin Box (4),3,15.00,0.00,3.60,48.60,
O-202609-0762-L01,O-202609-0762,1,2026-09-23T17:59:00,C026,Noah Evans,noah.evans26@example.com,555-010-0026,GIFT25,$25 Gift Card,1,25.00,0.00,0.00,25.00,
O-202609-0762-L02,O-202609-0762,1,2026-09-23T17:59:00,C026,Noah Evans,noah.evans26@example.com,555-010-0026,CATER120,Catering Tray,1,120.00,0.00,9.60,129.60,
O-202609-0763-L01,O-202609-0763,1,2026-09-24T07:01:00,C002,James Chen,james.chen2@example.com,555-010-0002,CROISSANT21,Croissant Box (6),2,21.00,0.00,3.36,45.36,
O-202609-0763-L02,O-202609-0763,1,2026-09-24T07:01:00,C002,James Chen,james.chen2@example.com,555-010-0002,CAKE48,Birthday Cake,2,48.00,0.00,7.68,103.68,
O-202609-0763-L03,O-202609-0763,1,2026-09-24T07:01:00,C002,James Chen,james.chen2@example.com,555-010-0002,COFFEE18,Coffee Beans 1lb,1,18.00,2.70,1.22,16.52,
O-202609-0764-L01,O-202609-0764,1,2026-09-24T07:49:00,C070,Ethan Mensah,ethan.mensah70@example.com,555-010-0070,CAKE48,Birthday Cake,2,48.00,0.00,7.68,103.68,
O-202609-0764-L02,O-202609-0764,1,2026-09-24T07:49:00,C070,Ethan Mensah,ethan.mensah70@example.com,555-010-0070,MUFFIN15,Muffin Box (4),4,15.00,0.00,4.80,64.80,
O-202609-0765-L01,O-202609-0765,1,2026-09-24T08:06:00,,,,,COOKIE12,Cookie Box (12),2,12.00,1.20,1.82,24.62,
O-202609-0765-L02,O-202609-0765,1,2026-09-24T08:06:00,,,,,CAKE48,Birthday Cake,2,48.00,14.40,6.53,88.13,
O-202609-0766-L01,O-202609-0766,1,2026-09-24T08:11:00,,,,,MUFFIN15,Muffin Box (4),1,15.00,2.25,1.02,13.77,
O-202609-0767-L01,O-202609-0767,1,2026-09-24T08:16:00,,,,,PIE32,Seasonal Pie,2,32.00,0.00,5.12,69.12,
O-202609-0767-L02,O-202609-0767,1,2026-09-24T08:16:00,,,,,MUFFIN15,Muffin Box (4),1,15.00,0.00,1.20,16.20,
O-202609-0767-L03,O-202609-0767,1,2026-09-24T08:16:00,,,,,COOKIE12,Cookie Box (12),4,12.00,4.80,3.46,46.66,
O-202609-0768-L01,O-202609-0768,1,2026-09-24T08:21:00,C004,Daniel Okafor,daniel.okafor4@example.com,555-010-0004,BREAD9,Sourdough Loaf,1,9.00,1.35,0.61,8.26,
O-202609-0768-L02,O-202609-0768,1,2026-09-24T08:21:00,C004,Daniel Okafor,daniel.okafor4@example.com,555-010-0004,MUFFIN15,Muffin Box (4),4,15.00,0.00,4.80,64.80,
O-202609-0768-L03,O-202609-0768,1,2026-09-24T08:21:00,C004,Daniel Okafor,daniel.okafor4@example.com,555-010-0004,COFFEE18,Coffee Beans 1lb,3,18.00,8.10,3.67,49.57,
O-202609-0769-L01,O-202609-0769,1,2026-09-24T08:26:00,C025,Zara Khan,zara.khan25@example.com,555-010-0025,CATER120,Catering Tray,1,120.00,18.00,8.16,110.16,Gift wrap
O-202609-0769-L02,O-202609-0769,1,2026-09-24T08:26:00,C025,Zara Khan,zara.khan25@example.com,555-010-0025,BREAD9,Sourdough Loaf,2,9.00,0.00,1.44,19.44,
O-202609-0770-L01,O-202609-0770,1,2026-09-24T08:40:00,C009,Grace Kim,grace.kim9@example.com,555-010-0009,COFFEE18,Coffee Beans 1lb,4,18.00,10.80,4.90,66.10,
O-202609-0770-L02,O-202609-0770,1,2026-09-24T08:40:00,C009,Grace Kim,grace.kim9@example.com,555-010-0009,BAGUETTE5,Baguette,1,5.00,0.00,0.40,5.40,
O-202609-0770-L03,O-202609-0770,1,2026-09-24T08:40:00,C009,Grace Kim,grace.kim9@example.com,555-010-0009,GRANOLA11,Granola Jar,2,11.00,0.00,1.76,23.76,
O-202609-0771-L01,O-202609-0771,1,2026-09-24T08:47:00,C006,Tom Walsh,tom.walsh6@example.com,555-010-0006,COFFEE18,Coffee Beans 1lb,4,18.00,0.00,5.76,77.76,Loyalty card CL-0006 scanned
O-202609-0771-L02,O-202609-0771,1,2026-09-24T08:47:00,C006,Tom Walsh,tom.walsh6@example.com,555-010-0006,CATER120,Catering Tray,2,120.00,0.00,19.20,259.20,
O-202609-0771-L03,O-202609-0771,1,2026-09-24T08:47:00,C006,Tom Walsh,tom.walsh6@example.com,555-010-0006,PIE32,Seasonal Pie,1,32.00,1.60,2.43,32.83,
O-202609-0772-L01,O-202609-0772,1,2026-09-24T08:49:00,C055,Elena Silva,elena.silva55@example.com,555-010-0055,GRANOLA11,Granola Jar,2,11.00,1.10,1.67,22.57,
O-202609-0772-L02,O-202609-0772,1,2026-09-24T08:49:00,C055,Elena Silva,elena.silva55@example.com,555-010-0055,CATER120,Catering Tray,1,120.00,0.00,9.60,129.60,
O-202609-0773-L01,O-202609-0773,1,2026-09-24T08:50:00,C070,Ethan Mensah,ethan.mensah70@example.com,555-010-0070,BAGUETTE5,Baguette,2,5.00,0.00,0.80,10.80,
O-202609-0773-L02,O-202609-0773,1,2026-09-24T08:50:00,C070,Ethan Mensah,ethan.mensah70@example.com,555-010-0070,GRANOLA11,Granola Jar,1,11.00,0.00,0.88,11.88,
O-202609-0774-L01,O-202609-0774,1,2026-09-24T09:00:00,C001,Maria Lopez,maria.lopez1@example.com,555-010-0001,CROISSANT21,Croissant Box (6),2,21.00,6.30,2.86,38.56,
O-202609-0774-L02,O-202609-0774,1,2026-09-24T09:00:00,C001,Maria Lopez,maria.lopez1@example.com,555-010-0001,CATER120,Catering Tray,2,120.00,0.00,19.20,259.20,
O-202609-0775-L01,O-202609-0775,1,2026-09-24T09:03:00,,,,,BAGUETTE5,Baguette,3,5.00,0.00,1.20,16.20,
O-202609-0776-L01,O-202609-0776,1,2026-09-24T09:47:00,,,,,PIE32,Seasonal Pie,1,32.00,0.00,2.56,34.56,
O-202609-0776-L02,O-202609-0776,1,2026-09-24T09:47:00,,,,,COFFEE18,Coffee Beans 1lb,1,18.00,0.00,1.44,19.44,
O-202609-0777-L01,O-202609-0777,1,2026-09-24T09:54:00,C039,Lucia Sato,lucia.sato39@example.com,555-010-0039,COFFEE18,Coffee Beans 1lb,4,18.00,0.00,5.76,77.76,
O-202609-0777-L02,O-202609-0777,1,2026-09-24T09:54:00,C039,Lucia Sato,lucia.sato39@example.com,555-010-0039,BAGUETTE5,Baguette,4,5.00,0.00,1.60,21.60,
O-202609-0778-L01,O-202609-0778,1,2026-09-24T09:59:00,C077,Yara Okafor,yara.okafor77@example.com,555-010-0077,BREAD9,Sourdough Loaf,4,9.00,5.40,2.45,33.05,
O-202609-0779-L01,O-202609-0779,1,2026-09-24T10:08:00,C001,Maria Lopez,maria.lopez1@example.com,555-010-0001,PIE32,Seasonal Pie,2,32.00,0.00,5.12,69.12,
O-202609-0779-L02,O-202609-0779,1,2026-09-24T10:08:00,C001,Maria Lopez,maria.lopez1@example.com,555-010-0001,CAKE48,Birthday Cake,1,48.00,2.40,3.65,49.25,
O-202609-0779-L03,O-202609-0779,1,2026-09-24T10:08:00,C001,Maria Lopez,maria.lopez1@example.com,555-010-0001,COOKIE12,Cookie Box (12),3,12.00,0.00,2.88,38.88,
O-202609-0779-L04,O-202609-0779,1,2026-09-24T10:08:00,C001,Maria Lopez,maria.lopez1@example.com,555-010-0001,BREAD9,Sourdough Loaf,4,9.00,0.00,2.88,38.88,
O-202609-0780-L01,O-202609-0780,1,2026-09-24T10:39:00,C029,Rosa Mendes,rosa.mendes29@example.com,555-010-0029,PIE32,Seasonal Pie,2,32.00,3.20,4.86,65.66,
O-202609-0781-L01,O-202609-0781,1,2026-09-24T11:20:00,C019,Fatima Ali,fatima.ali19@example.com,555-010-0019,BREAD9,Sourdough Loaf,3,9.00,4.05,1.84,24.79,
O-202609-0781-L02,O-202609-0781,1,2026-09-24T11:20:00,C019,Fatima Ali,fatima.ali19@example.com,555-010-0019,CROISSANT21,Croissant Box (6),2,21.00,0.00,3.36,45.36,
O-202609-0782-L01,O-202609-0782,1,2026-09-24T12:00:00,C073,Chloe Quinn,chloe.quinn73@example.com,555-010-0073,COOKIE12,Cookie Box (12),4,12.00,7.20,3.26,44.06,
O-202609-0782-L02,O-202609-0782,1,2026-09-24T12:00:00,C073,Chloe Quinn,chloe.quinn73@example.com,555-010-0073,GRANOLA11,Granola Jar,2,11.00,2.20,1.58,21.38,
O-202609-0782-L03,O-202609-0782,1,2026-09-24T12:00:00,C073,Chloe Quinn,chloe.quinn73@example.com,555-010-0073,CROISSANT21,Croissant Box (6),2,21.00,2.10,3.19,43.09,
O-202609-0783-L01,O-202609-0783,1,2026-09-24T12:14:00,,,,,CATER120,Catering Tray,2,120.00,0.00,19.20,259.20,
O-202609-0784-L01,O-202609-0784,1,2026-09-24T12:17:00,C007,Keiko Tanaka,keiko.tanaka7@example.com,555-010-0007,BREAD9,Sourdough Loaf,3,9.00,0.00,2.16,29.16,
O-202609-0785-L01,O-202609-0785,1,2026-09-24T12:29:00,C009,Grace Kim,grace.kim9@example.com,555-010-0009,MUFFIN15,Muffin Box (4),3,15.00,6.75,3.06,41.31,
O-202609-0785-L02,O-202609-0785,1,2026-09-24T12:29:00,C009,Grace Kim,grace.kim9@example.com,555-010-0009,BREAD9,Sourdough Loaf,3,9.00,0.00,2.16,29.16,
O-202609-0786-L01,O-202609-0786,1,2026-09-24T12:42:00,C074,Samir Lopez,samir.lopez74@example.com,555-010-0074,GRANOLA11,Granola Jar,3,11.00,3.30,2.38,32.08,
O-202609-0786-L02,O-202609-0786,1,2026-09-24T12:42:00,C074,Samir Lopez,samir.lopez74@example.com,555-010-0074,PIE32,Seasonal Pie,2,32.00,3.20,4.86,65.66,Pre-order
O-202609-0787-L01,O-202609-0787,1,2026-09-24T12:45:00,C003,Priya Patel,priya.patel3@example.com,555-010-0003,COFFEE18,Coffee Beans 1lb,4,18.00,0.00,5.76,77.76,
O-202609-0787-L02,O-202609-0787,1,2026-09-24T12:45:00,C003,Priya Patel,priya.patel3@example.com,555-010-0003,MUFFIN15,Muffin Box (4),1,15.00,0.00,1.20,16.20,
O-202609-0787-L03,O-202609-0787,1,2026-09-24T12:45:00,C003,Priya Patel,priya.patel3@example.com,555-010-0003,GRANOLA11,Granola Jar,2,11.00,1.10,1.67,22.57,
O-202609-0788-L01,O-202609-0788,1,2026-09-24T12:47:00,C005,Aisha Rahman,aisha.rahman5@example.com,555-010-0005,COFFEE18,Coffee Beans 1lb,1,18.00,2.70,1.22,16.52,
O-202609-0788-L02,O-202609-0788,1,2026-09-24T12:47:00,C005,Aisha Rahman,aisha.rahman5@example.com,555-010-0005,CATER120,Catering Tray,1,120.00,0.00,9.60,129.60,
O-202609-0789-L01,O-202609-0789,1,2026-09-24T13:01:00,C069,Rosa Larsen,rosa.larsen69@example.com,555-010-0069,GRANOLA11,Granola Jar,3,11.00,0.00,2.64,35.64,
O-202609-0789-L02,O-202609-0789,1,2026-09-24T13:01:00,C069,Rosa Larsen,rosa.larsen69@example.com,555-010-0069,PIE32,Seasonal Pie,1,32.00,1.60,2.43,32.83,
O-202609-0789-L03,O-202609-0789,1,2026-09-24T13:01:00,C069,Rosa Larsen,rosa.larsen69@example.com,555-010-0069,BAGUETTE5,Baguette,4,5.00,0.00,1.60,21.60,
O-202609-0790-L01,O-202609-0790,1,2026-09-24T13:46:00,C013,Nina Petrov,nina.petrov13@example.com,555-010-0013,COFFEE18,Coffee Beans 1lb,2,18.00,0.00,2.88,38.88,
O-202609-0790-L02,O-202609-0790,1,2026-09-24T13:46:00,C013,Nina Petrov,nina.petrov13@example.com,555-010-0013,BAGUETTE5,Baguette,1,5.00,0.00,0.40,5.40,
O-202609-0790-L03,O-202609-0790,1,2026-09-24T13:46:00,C013,Nina Petrov,nina.petrov13@example.com,555-010-0013,BREAD9,Sourdough Loaf,2,9.00,0.00,1.44,19.44,
O-202609-0791-L01,O-202609-0791,1,2026-09-24T14:00:00,C001,Maria Lopez,maria.lopez1@example.com,555-010-0001,MUFFIN15,Muffin Box (4),1,15.00,0.00,1.20,16.20,Write 'Happy 40th'
O-202609-0791-L02,O-202609-0791,1,2026-09-24T14:00:00,C001,Maria Lopez,maria.lopez1@example.com,555-010-0001,CAKE48,Birthday Cake,1,48.00,0.00,3.84,51.84,
O-202609-0792-L01,O-202609-0792,1,2026-09-24T14:57:00,C002,James Chen,james.chen2@example.com,555-010-0002,BAGUETTE5,Baguette,1,5.00,0.00,0.40,5.40,
O-202609-0792-L02,O-202609-0792,1,2026-09-24T14:57:00,C002,James Chen,james.chen2@example.com,555-010-0002,PIE32,Seasonal Pie,1,32.00,1.60,2.43,32.83,
O-202609-0792-L03,O-202609-0792,1,2026-09-24T14:57:00,C002,James Chen,james.chen2@example.com,555-010-0002,COOKIE12,Cookie Box (12),2,12.00,0.00,1.92,25.92,
O-202609-0793-L01,O-202609-0793,1,2026-09-24T15:09:00,C011,Hannah Brooks,hannah.brooks11@example.com,555-010-0011,COOKIE12,Cookie Box (12),4,12.00,7.20,3.26,44.06,
O-202609-0794-L01,O-202609-0794,1,2026-09-24T15:51:00,C008,Luis Garcia,luis.garcia8@example.com,555-010-0008,GRANOLA11,Granola Jar,4,11.00,0.00,3.52,47.52,
O-202609-0795-L01,O-202609-0795,1,2026-09-24T16:01:00,C007,Keiko Tanaka,keiko.tanaka7@example.com,555-010-0007,CATER120,Catering Tray,2,120.00,0.00,19.20,259.20,
O-202609-0795-L02,O-202609-0795,1,2026-09-24T16:01:00,C007,Keiko Tanaka,keiko.tanaka7@example.com,555-010-0007,PIE32,Seasonal Pie,1,32.00,0.00,2.56,34.56,
O-202609-0795-L03,O-202609-0795,1,2026-09-24T16:01:00,C007,Keiko Tanaka,keiko.tanaka7@example.com,555-010-0007,BAGUETTE5,Baguette,3,5.00,0.00,1.20,16.20,
O-202609-0795-L04,O-202609-0795,1,2026-09-24T16:01:00,C007,Keiko Tanaka,keiko.tanaka7@example.com,555-010-0007,CROISSANT21,Croissant Box (6),1,21.00,2.10,1.51,20.41,
O-202609-0796-L01,O-202609-0796,1,2026-09-24T16:49:00,C036,Felix Larsen,felix.larsen36@example.com,555-010-0036,CAKE48,Birthday Cake,2,48.00,14.40,6.53,88.13,
O-202609-0796-L02,O-202609-0796,1,2026-09-24T16:49:00,C036,Felix Larsen,felix.larsen36@example.com,555-010-0036,PIE32,Seasonal Pie,2,32.00,0.00,5.12,69.12,
O-202609-0797-L01,O-202609-0797,1,2026-09-24T17:30:00,,,,,CROISSANT21,Croissant Box (6),1,21.00,0.00,1.68,22.68,
O-202609-0797-L02,O-202609-0797,1,2026-09-24T17:30:00,,,,,BREAD9,Sourdough Loaf,3,9.00,0.00,2.16,29.16,
O-202609-0675-L01,O-202609-0675,1,2026-09-21T11:20:00,,,,,CATER120,Catering Tray,1,120.00,18.00,8.16,110.16,
O-202609-0797-L03,O-202609-0797,1,2026-09-24T17:30:00,,,,,PIE32,Seasonal Pie,1,32.00,3.20,2.30,31.10,
O-202609-0798-L01,O-202609-0798,1,2026-09-24T17:45:00,C003,Priya Patel,priya.patel3@example.com,555-010-0003,MUFFIN15,Muffin Box (4),4,15.00,0.00,4.80,64.80,
O-202609-0798-L02,O-202609-0798,1,2026-09-24T17:45:00,C003,Priya Patel,priya.patel3@example.com,555-010-0003,BREAD9,Sourdough Loaf,3,9.00,2.70,1.94,26.24,
O-202609-0798-L03,O-202609-0798,1,2026-09-24T17:45:00,C003,Priya Patel,priya.patel3@example.com,555-010-0003,COFFEE18,Coffee Beans 1lb,1,18.00,1.80,1.30,17.50,
O-202609-0798-L04,O-202609-0798,1,2026-09-24T17:45:00,C003,Priya Patel,priya.patel3@example.com,555-010-0003,PIE32,Seasonal Pie,1,32.00,1.60,2.43,32.83,
O-202609-0799-L01,O-202609-0799,1,2026-09-24T17:45:00,C006,Tom Walsh,tom.walsh6@example.com,555-010-0006,MUFFIN15,Muffin Box (4),3,15.00,0.00,3.60,48.60,
O-202609-0799-L02,O-202609-0799,1,2026-09-24T17:45:00,C006,Tom Walsh,tom.walsh6@example.com,555-010-0006,CATER120,Catering Tray,1,120.00,0.00,9.60,129.60,
O-202609-0799-L03,O-202609-0799,1,2026-09-24T17:45:00,C006,Tom Walsh,tom.walsh6@example.com,555-010-0006,CAKE48,Birthday Cake,2,48.00,0.00,7.68,103.68,
O-202609-0800-L01,O-202609-0800,1,2026-09-25T07:07:00,C013,Nina Petrov,nina.petrov13@example.com,555-010-0013,GRANOLA11,Granola Jar,1,11.00,0.55,0.84,11.29,
O-202609-0800-L02,O-202609-0800,1,2026-09-25T07:07:00,C013,Nina Petrov,nina.petrov13@example.com,555-010-0013,CATER120,Catering Tray,1,120.00,0.00,9.60,129.60,
O-202609-0800-L03,O-202609-0800,1,2026-09-25T07:07:00,C013,Nina Petrov,nina.petrov13@example.com,555-010-0013,BREAD9,Sourdough Loaf,4,9.00,0.00,2.88,38.88,
O-202609-0801-L01,O-202609-0801,1,2026-09-25T07:13:00,,,,,BREAD9,Sourdough Loaf,4,9.00,3.60,2.59,34.99,
O-202609-0801-L02,O-202609-0801,1,2026-09-25T07:13:00,,,,,CATER120,Catering Tray,1,120.00,12.00,8.64,116.64,
O-202609-0802-L01,O-202609-0802,1,2026-09-25T07:22:00,C017,Sofia Costa,sofia.costa17@example.com,555-010-0017,BREAD9,Sourdough Loaf,4,9.00,1.80,2.74,36.94,
O-202609-0802-L02,O-202609-0802,1,2026-09-25T07:22:00,C017,Sofia Costa,sofia.costa17@example.com,555-010-0017,COOKIE12,Cookie Box (12),2,12.00,0.00,1.92,25.92,
O-202609-0802-L03,O-202609-0802,1,2026-09-25T07:22:00,C017,Sofia Costa,sofia.costa17@example.com,555-010-0017,COFFEE18,Coffee Beans 1lb,1,18.00,1.80,1.30,17.50,
O-202609-0803-L01,O-202609-0803,1,2026-09-25T07:30:00,,,,,CATER120,Catering Tray,2,120.00,0.00,19.20,259.20,
O-202609-0803-L02,O-202609-0803,1,2026-09-25T07:30:00,,,,,CROISSANT21,Croissant Box (6),2,21.00,0.00,3.36,45.36,Gift wrap
O-202609-0804-L01,O-202609-0804,1,2026-09-25T08:01:00,C005,Aisha Rahman,aisha.rahman5@example.com,555-010-0005,PIE32,Seasonal Pie,1,32.00,0.00,2.56,34.56,
O-202609-0804-L02,O-202609-0804,1,2026-09-25T08:01:00,C005,Aisha Rahman,aisha.rahman5@example.com,555-010-0005,MUFFIN15,Muffin Box (4),3,15.00,4.50,3.24,43.74,
O-202609-0805-L01,O-202609-0805,1,2026-09-25T08:04:00,C034,Samir Shah,samir.shah34@example.com,555-010-0034,PIE32,Seasonal Pie,1,32.00,0.00,2.56,34.56,
O-202609-0805-L02,O-202609-0805,1,2026-09-25T08:04:00,C034,Samir Shah,samir.shah34@example.com,555-010-0034,CAKE48,Birthday Cake,2,48.00,0.00,7.68,103.68,
O-202609-0805-L03,O-202609-0805,1,2026-09-25T08:04:00,C034,Samir Shah,samir.shah34@example.com,555-010-0034,CROISSANT21,Croissant Box (6),3,21.00,3.15,4.79,64.64,
O-202609-0806-L01,O-202609-0806,1,2026-09-25T09:07:00,C007,Keiko Tanaka,keiko.tanaka7@example.com,555-010-0007,BREAD9,Sourdough Loaf,3,9.00,0.00,2.16,29.16,
O-202609-0806-L02,O-202609-0806,1,2026-09-25T09:07:00,C007,Keiko Tanaka,keiko.tanaka7@example.com,555-010-0007,GRANOLA11,Granola Jar,2,11.00,2.20,1.58,21.38,
O-202609-0806-L03,O-202609-0806,1,2026-09-25T09:07:00,C007,Keiko Tanaka,keiko.tanaka7@example.com,555-010-0007,COOKIE12,Cookie Box (12),2,12.00,1.20,1.82,24.62,
O-202609-0807-L01,O-202609-0807,1,2026-09-25T09:22:00,C007,Keiko Tanaka,keiko.tanaka7@example.com,555-010-0007,COOKIE12,Cookie Box (12),2,12.00,0.00,1.92,25.92,
O-202609-0807-L02,O-202609-0807,1,2026-09-25T09:22:00,C007,Keiko Tanaka,keiko.tanaka7@example.com,555-010-0007,PIE32,Seasonal Pie,1,32.00,0.00,2.56,34.56,
O-202609-0808-L01,O-202609-0808,1,2026-09-25T09:39:00,C012,Victor Nguyen,victor.nguyen12@example.com,555-010-0012,CROISSANT21,Croissant Box (6),4,21.00,8.40,6.05,81.65,
O-202609-0809-L01,O-202609-0809,1,2026-09-25T10:19:00,C005,Aisha Rahman,aisha.rahman5@example.com,555-010-0005,CAKE48,Birthday Cake,1,48.00,0.00,3.84,51.84,
O-202609-0809-L02,O-202609-0809,1,2026-09-25T10:19:00,C005,Aisha Rahman,aisha.rahman5@example.com,555-010-0005,PIE32,Seasonal Pie,1,32.00,1.60,2.43,32.83,
O-202609-0810-L01,O-202609-0810,1,2026-09-25T10:25:00,C006,Tom Walsh,tom.walsh6@example.com,555-010-0006,COFFEE18,Coffee Beans 1lb,2,18.00,0.00,2.88,38.88,
O-202609-0810-L02,O-202609-0810,1,2026-09-25T10:25:00,C006,Tom Walsh,tom.walsh6@example.com,555-010-0006,PIE32,Seasonal Pie,2,32.00,0.00,5.12,69.12,
O-202609-0810-L03,O-202609-0810,1,2026-09-25T10:25:00,C006,Tom Walsh,tom.walsh6@example.com,555-010-0006,CATER120,Catering Tray,2,120.00,0.00,19.20,259.20,
O-202609-0810-L04,O-202609-0810,1,2026-09-25T10:25:00,C006,Tom Walsh,tom.walsh6@example.com,555-010-0006,CROISSANT21,Croissant Box (6),3,21.00,0.00,5.04,68.04,
O-202609-0811-L01,O-202609-0811,1,2026-09-25T10:30:00,C010,Omar Haddad,omar.haddad10@example.com,555-010-0010,MUFFIN15,Muffin Box (4),4,15.00,0.00,4.80,64.80,Repeat weekly order
O-202609-0811-L02,O-202609-0811,1,2026-09-25T10:30:00,C010,Omar Haddad,omar.haddad10@example.com,555-010-0010,COFFEE18,Coffee Beans 1lb,4,18.00,10.80,4.90,66.10,
O-202609-0812-L01,O-202609-0812,1,2026-09-25T10:54:00,C032,Diego Ramos,diego.ramos32@example.com,555-010-0032,COFFEE18,Coffee Beans 1lb,2,18.00,0.00,2.88,38.88,
O-202609-0813-L01,O-202609-0813,1,2026-09-25T11:06:00,C011,Hannah Brooks,hannah.brooks11@example.com,555-010-0011,BREAD9,Sourdough Loaf,1,9.00,0.00,0.72,9.72,Birthday pickup
O-202609-0813-L02,O-202609-0813,1,2026-09-25T11:06:00,C011,Hannah Brooks,hannah.brooks11@example.com,555-010-0011,CAKE48,Birthday Cake,1,48.00,0.00,3.84,51.84,
O-202609-0813-L03,O-202609-0813,1,2026-09-25T11:06:00,C011,Hannah Brooks,hannah.brooks11@example.com,555-010-0011,PIE32,Seasonal Pie,1,32.00,0.00,2.56,34.56,Call on arrival
O-202609-0814-L01,O-202609-0814,1,2026-09-25T11:13:00,C052,Victor Ali,victor.ali52@example.com,555-010-0052,COOKIE12,Cookie Box (12),3,12.00,1.80,2.74,36.94,
O-202609-0815-L01,O-202609-0815,1,2026-09-25T11:20:00,C004,Daniel Okafor,daniel.okafor4@example.com,555-010-0004,BREAD9,Sourdough Loaf,1,9.00,1.35,0.61,8.26,
O-202609-0815-L02,O-202609-0815,1,2026-09-25T11:20:00,C004,Daniel Okafor,daniel.okafor4@example.com,555-010-0004,CAKE48,Birthday Cake,2,48.00,0.00,7.68,103.68,
O-202609-0816-L01,O-202609-0816,1,2026-09-25T11:40:00,C045,Aisha Nguyen,aisha.nguyen45@example.com,555-010-0045,BAGUETTE5,Baguette,4,5.00,0.00,1.60,21.60,
O-202609-0817-L01,O-202609-0817,1,2026-09-25T11:57:00,C005,Aisha Rahman,aisha.rahman5@example.com,555-010-0005,CAKE48,Birthday Cake,1,48.00,7.20,3.26,44.06,
O-202609-0817-L02,O-202609-0817,1,2026-09-25T11:57:00,C005,Aisha Rahman,aisha.rahman5@example.com,555-010-0005,COOKIE12,Cookie Box (12),4,12.00,0.00,3.84,51.84,
O-202609-0817-L03,O-202609-0817,1,2026-09-25T11:57:00,C005,Aisha Rahman,aisha.rahman5@example.com,555-010-0005,COFFEE18,Coffee Beans 1lb,4,18.00,3.60,5.47,73.87,
O-202609-0817-L04,O-202609-0817,1,2026-09-25T11:57:00,C005,Aisha Rahman,aisha.rahman5@example.com,555-010-0005,PIE32,Seasonal Pie,2,32.00,6.40,4.61,62.21,
O-202609-0818-L01,O-202609-0818,1,2026-09-25T12:07:00,C001,Maria Lopez,maria.lopez1@example.com,555-010-0001,COOKIE12,Cookie Box (12),3,12.00,5.40,2.45,33.05,
O-202609-0818-L02,O-202609-0818,1,2026-09-25T12:07:00,C001,Maria Lopez,maria.lopez1@example.com,555-010-0001,CROISSANT21,Croissant Box (6),3,21.00,6.30,4.54,61.24,
O-202609-0818-L03,O-202609-0818,1,2026-09-25T12:07:00,C001,Maria Lopez,maria.lopez1@example.com,555-010-0001,BAGUETTE5,Baguette,3,5.00,0.00,1.20,16.20,
O-202609-0818-L04,O-202609-0818,1,2026-09-25T12:07:00,C001,Maria Lopez,maria.lopez1@example.com,555-010-0001,COFFEE18,Coffee Beans 1lb,1,18.00,0.00,1.44,19.44,
O-202609-0819-L01,O-202609-0819,1,2026-09-25T12:09:00,C012,Victor Nguyen,victor.nguyen12@example.com,555-010-0012,MUFFIN15,Muffin Box (4),3,15.00,6.75,3.06,41.31,
O-202609-0819-L02,O-202609-0819,1,2026-09-25T12:09:00,C012,Victor Nguyen,victor.nguyen12@example.com,555-010-0012,BREAD9,Sourdough Loaf,3,9.00,4.05,1.84,24.79,
O-202609-0820-L01,O-202609-0820,1,2026-09-25T13:07:00,C032,Diego Ramos,diego.ramos32@example.com,555-010-0032,MUFFIN15,Muffin Box (4),3,15.00,0.00,3.60,48.60,
O-202609-0820-L02,O-202609-0820,1,2026-09-25T13:07:00,C032,Diego Ramos,diego.ramos32@example.com,555-010-0032,CATER120,Catering Tray,2,120.00,36.00,16.32,220.32,
O-202609-0820-L03,O-202609-0820,1,2026-09-25T13:07:00,C032,Diego Ramos,diego.ramos32@example.com,555-010-0032,BAGUETTE5,Baguette,4,5.00,0.00,1.60,21.60,
O-202609-0821-L01,O-202609-0821,1,2026-09-25T13:27:00,C001,Maria Lopez,maria.lopez1@example.com,555-010-0001,PIE32,Seasonal Pie,2,32.00,0.00,5.12,69.12,
O-202609-0822-L01,O-202609-0822,1,2026-09-25T13:29:00,,,,,BAGUETTE5,Baguette,2,5.00,0.50,0.76,10.26,
O-202609-0822-L02,O-202609-0822,1,2026-09-25T13:29:00,,,,,MUFFIN15,Muffin Box (4),4,15.00,6.00,4.32,58.32,
O-202609-0822-L03,O-202609-0822,1,2026-09-25T13:29:00,,,,,CROISSANT21,Croissant Box (6),3,21.00,0.00,5.04,68.04,
O-202609-0823-L01,O-202609-0823,1,2026-09-25T13:41:00,C013,Nina Petrov,nina.petrov13@example.com,555-010-0013,PIE32,Seasonal Pie,2,32.00,0.00,5.12,69.12,
O-202609-0823-L02,O-202609-0823,1,2026-09-25T13:41:00,C013,Nina Petrov,nina.petrov13@example.com,555-010-0013,COOKIE12,Cookie Box (12),3,12.00,1.80,2.74,36.94,
O-202609-0823-L03,O-202609-0823,1,2026-09-25T13:41:00,C013,Nina Petrov,nina.petrov13@example.com,555-010-0013,CROISSANT21,Croissant Box (6),1,21.00,0.00,1.68,22.68,
O-202609-0824-L01,O-202609-0824,1,2026-09-25T13:56:00,C003,Priya Patel,priya.patel3@example.com,555-010-0003,CATER120,Catering Tray,1,120.00,6.00,9.12,123.12,
O-202609-0824-L02,O-202609-0824,1,2026-09-25T13:56:00,C003,Priya Patel,priya.patel3@example.com,555-010-0003,BREAD9,Sourdough Loaf,3,9.00,0.00,2.16,29.16,
O-202609-0825-L01,O-202609-0825,1,2026-09-25T14:28:00,C012,Victor Nguyen,victor.nguyen12@example.com,555-010-0012,GRANOLA11,Granola Jar,1,11.00,0.55,0.84,11.29,
O-202609-0825-L02,O-202609-0825,1,2026-09-25T14:28:00,C012,Victor Nguyen,victor.nguyen12@example.com,555-010-0012,PIE32,Seasonal Pie,2,32.00,0.00,5.12,69.12,
O-202609-0826-L01,O-202609-0826,1,2026-09-25T14:33:00,C013,Nina Petrov,nina.petrov13@example.com,555-010-0013,MUFFIN15,Muffin Box (4),3,15.00,0.00,3.60,48.60,
O-202609-0827-L01,O-202609-0827,1,2026-09-25T14:33:00,,,,,COFFEE18,Coffee Beans 1lb,1,18.00,0.00,1.44,19.44,
O-202609-0827-L02,O-202609-0827,1,2026-09-25T14:33:00,,,,,CROISSANT21,Croissant Box (6),1,21.00,0.00,1.68,22.68,
O-202609-0828-L01,O-202609-0828,1,2026-09-25T14:34:00,,,,,BAGUETTE5,Baguette,2,5.00,0.00,0.80,10.80,Pickup after 3pm
O-202609-0828-L02,O-202609-0828,1,2026-09-25T14:34:00,,,,,MUFFIN15,Muffin Box (4),3,15.00,0.00,3.60,48.60,
O-202609-0828-L03,O-202609-0828,1,2026-09-25T14:34:00,,,,,COOKIE12,Cookie Box (12),3,12.00,1.80,2.74,36.94,
O-202609-0829-L01,O-202609-0829,1,2026-09-25T15:05:00,,,,,CROISSANT21,Croissant Box (6),2,21.00,0.00,3.36,45.36,
O-202609-0830-L01,O-202609-0830,1,2026-09-25T15:11:00,C020,Leo Moreau,leo.moreau20@example.com,555-010-0020,COFFEE18,Coffee Beans 1lb,4,18.00,0.00,5.76,77.76,
O-202609-0830-L02,O-202609-0830,1,2026-09-25T15:11:00,C020,Leo Moreau,leo.moreau20@example.com,555-010-0020,GRANOLA11,Granola Jar,1,11.00,0.00,0.88,11.88,
O-202609-0831-L01,O-202609-0831,1,2026-09-25T15:13:00,C001,Maria Lopez,maria.lopez1@example.com,555-010-0001,PIE32,Seasonal Pie,1,32.00,0.00,2.56,34.56,
O-202609-0831-L02,O-202609-0831,1,2026-09-25T15:13:00,C001,Maria Lopez,maria.lopez1@example.com,555-010-0001,BREAD9,Sourdough Loaf,3,9.00,0.00,2.16,29.16,
O-202609-0832-L01,O-202609-0832,1,2026-09-25T15:36:00,C050,Omar Costa,omar.costa50@example.com,555-010-0050,CATER120,Catering Tray,1,120.00,0.00,9.60,129.60,
O-202609-0832-L02,O-202609-0832,1,2026-09-25T15:36:00,C050,Omar Costa,omar.costa50@example.com,555-010-0050,BAGUETTE5,Baguette,4,5.00,0.00,1.60,21.60,
O-202609-0833-L01,O-202609-0833,1,2026-09-25T16:12:00,C019,Fatima Ali,fatima.ali19@example.com,555-010-0019,COFFEE18,Coffee Beans 1lb,2,18.00,0.00,2.88,38.88,
O-202609-0833-L02,O-202609-0833,1,2026-09-25T16:12:00,C019,Fatima Ali,fatima.ali19@example.com,555-010-0019,BAGUETTE5,Baguette,2,5.00,0.00,0.80,10.80,
O-202609-0834-L01,O-202609-0834,1,2026-09-25T16:14:00,C051,Hannah Fischer,hannah.fischer51@example.com,555-010-0051,GRANOLA11,Granola Jar,3,11.00,0.00,2.64,35.64,
O-202609-0834-L02,O-202609-0834,1,2026-09-25T16:14:00,C051,Hannah Fischer,hannah.fischer51@example.com,555-010-0051,MUFFIN15,Muffin Box (4),1,15.00,0.00,1.20,16.20,
O-202609-0835-L01,O-202609-0835,1,2026-09-25T16:57:00,C001,Maria Lopez,maria.lopez1@example.com,555-010-0001,PIE32,Seasonal Pie,2,32.00,9.60,4.35,58.75,
O-202609-0835-L02,O-202609-0835,1,2026-09-25T16:57:00,C001,Maria Lopez,maria.lopez1@example.com,555-010-0001,CAKE48,Birthday Cake,1,48.00,7.20,3.26,44.06,
O-202609-0836-L01,O-202609-0836,1,2026-09-26T07:45:00,C006,Tom Walsh,tom.walsh6@example.com,555-010-0006,CAKE48,Birthday Cake,2,48.00,0.00,7.68,103.68,Loyalty card CL-0006 scanned
O-202609-0836-L02,O-202609-0836,1,2026-09-26T07:45:00,C006,Tom Walsh,tom.walsh6@example.com,555-010-0006,MUFFIN15,Muffin Box (4),3,15.00,0.00,3.60,48.60,
O-202609-0836-L03,O-202609-0836,1,2026-09-26T07:45:00,C006,Tom Walsh,tom.walsh6@example.com,555-010-0006,BREAD9,Sourdough Loaf,4,9.00,3.60,2.59,34.99,
O-202609-0837-L01,O-202609-0837,1,2026-09-26T07:57:00,C034,Samir Shah,samir.shah34@example.com,555-010-0034,PIE32,Seasonal Pie,2,32.00,0.00,5.12,69.12,
O-202609-0837-L02,O-202609-0837,1,2026-09-26T07:57:00,C034,Samir Shah,samir.shah34@example.com,555-010-0034,COFFEE18,Coffee Beans 1lb,2,18.00,0.00,2.88,38.88,
O-202609-0838-L01,O-202609-0838,1,2026-09-26T08:04:00,,,,,CROISSANT21,Croissant Box (6),4,21.00,0.00,6.72,90.72,
O-202609-0839-L01,O-202609-0839,1,2026-09-26T08:14:00,,,,,COOKIE12,Cookie Box (12),3,12.00,0.00,2.88,38.88,
O-202609-0839-L02,O-202609-0839,1,2026-09-26T08:14:00,,,,,COFFEE18,Coffee Beans 1lb,4,18.00,0.00,5.76,77.76,
O-202609-0840-L01,O-202609-0840,1,2026-09-26T08:23:00,C053,Nina Moreau,nina.moreau53@example.com,555-010-0053,BREAD9,Sourdough Loaf,3,9.00,0.00,2.16,29.16,
O-202609-0840-L02,O-202609-0840,1,2026-09-26T08:23:00,C053,Nina Moreau,nina.moreau53@example.com,555-010-0053,CATER120,Catering Tray,2,120.00,0.00,19.20,259.20,
O-202609-0840-L03,O-202609-0840,1,2026-09-26T08:23:00,C053,Nina Moreau,nina.moreau53@example.com,555-010-0053,GRANOLA11,Granola Jar,4,11.00,0.00,3.52,47.52,
O-202609-0841-L01,O-202609-0841,1,2026-09-26T08:41:00,,Ortiz,ortiz.family@example.com,555-010-4100,GRANOLA11,Granola Jar,3,11.00,4.95,2.24,30.29,
O-202609-0841-L02,O-202609-0841,1,2026-09-26T08:41:00,,Ortiz,ortiz.family@example.com,555-010-4100,CAKE48,Birthday Cake,2,48.00,9.60,6.91,93.31,
O-202609-0841-L03,O-202609-0841,1,2026-09-26T08:41:00,,Ortiz,ortiz.family@example.com,555-010-4100,COOKIE12,Cookie Box (12),1,12.00,0.00,0.96,12.96,Gift wrap
O-202609-0842-L01,O-202609-0842,1,2026-09-26T08:41:00,C003,Priya Patel,priya.patel3@example.com,555-010-0003,BAGUETTE5,Baguette,2,5.00,0.00,0.80,10.80,
O-202609-0842-L02,O-202609-0842,1,2026-09-26T08:41:00,C003,Priya Patel,priya.patel3@example.com,555-010-0003,BREAD9,Sourdough Loaf,1,9.00,0.00,0.72,9.72,
O-202609-0842-L03,O-202609-0842,1,2026-09-26T08:41:00,C003,Priya Patel,priya.patel3@example.com,555-010-0003,CATER120,Catering Tray,1,120.00,12.00,8.64,116.64,Write 'Happy 40th'
O-202609-0843-L01,O-202609-0843,1,2026-09-26T08:48:00,C007,Keiko Tanaka,keiko.tanaka7@example.com,555-010-0007,MUFFIN15,Muffin Box (4),1,15.00,0.00,1.20,16.20,
O-202609-0843-L02,O-202609-0843,1,2026-09-26T08:48:00,C007,Keiko Tanaka,keiko.tanaka7@example.com,555-010-0007,COOKIE12,Cookie Box (12),4,12.00,0.00,3.84,51.84,
O-202609-0844-L01,O-202609-0844,1,2026-09-26T09:03:00,C009,Grace Kim,grace.kim9@example.com,555-010-0009,PIE32,Seasonal Pie,1,32.00,3.20,2.30,31.10,
O-202609-0844-L02,O-202609-0844,1,2026-09-26T09:03:00,C009,Grace Kim,grace.kim9@example.com,555-010-0009,BAGUETTE5,Baguette,4,5.00,0.00,1.60,21.60,
O-202609-0845-L01,O-202609-0845,1,2026-09-26T09:24:00,C003,Priya Patel,priya.patel3@example.com,555-010-0003,PIE32,Seasonal Pie,2,32.00,0.00,5.12,69.12,
O-202609-0845-L02,O-202609-0845,1,2026-09-26T09:24:00,C003,Priya Patel,priya.patel3@example.com,555-010-0003,CATER120,Catering Tray,2,120.00,0.00,19.20,259.20,
O-202609-0846-L01,O-202609-0846,1,2026-09-26T09:28:00,C049,Grace Bell,grace.bell49@example.com,555-010-0049,BREAD9,Sourdough Loaf,3,9.00,2.70,1.94,26.24,
O-202609-0846-L02,O-202609-0846,1,2026-09-26T09:28:00,C049,Grace Bell,grace.bell49@example.com,555-010-0049,COFFEE18,Coffee Beans 1lb,3,18.00,5.40,3.89,52.49,
O-202609-0847-L01,O-202609-0847,1,2026-09-26T09:31:00,C052,Victor Ali,victor.ali52@example.com,555-010-0052,GRANOLA11,Granola Jar,3,11.00,0.00,2.64,35.64,Loyalty card CL-0052 scanned
O-202609-0847-L02,O-202609-0847,1,2026-09-26T09:31:00,C052,Victor Ali,victor.ali52@example.com,555-010-0052,BREAD9,Sourdough Loaf,4,9.00,3.60,2.59,34.99,
O-202609-0848-L01,O-202609-0848,1,2026-09-26T09:44:00,C010,Omar Haddad,omar.haddad10@example.com,555-010-0010,GRANOLA11,Granola Jar,3,11.00,0.00,2.64,35.64,
O-202609-0848-L02,O-202609-0848,1,2026-09-26T09:44:00,C010,Omar Haddad,omar.haddad10@example.com,555-010-0010,PIE32,Seasonal Pie,2,32.00,0.00,5.12,69.12,
O-202609-0849-L01,O-202609-0849,1,2026-09-26T09:52:00,C052,Victor Ali,victor.ali52@example.com,555-010-0052,COFFEE18,Coffee Beans 1lb,3,18.00,2.70,4.10,55.40,
O-202609-0849-L02,O-202609-0849,1,2026-09-26T09:52:00,C052,Victor Ali,victor.ali52@example.com,555-010-0052,COOKIE12,Cookie Box (12),2,12.00,0.00,1.92,25.92,
O-202609-0849-L03,O-202609-0849,1,2026-09-26T09:52:00,C052,Victor Ali,victor.ali52@example.com,555-010-0052,GRANOLA11,Granola Jar,3,11.00,1.65,2.51,33.86,
O-202609-0850-L01,O-202609-0850,1,2026-09-26T10:00:00,C062,Carlos Mendes,carlos.mendes62@example.com,555-010-0062,CROISSANT21,Croissant Box (6),2,17.85,0.00,2.86,38.56,
O-202609-0851-L01,O-202609-0851,1,2026-09-26T10:05:00,,,,,COFFEE18,Coffee Beans 1lb,3,18.00,0.00,4.32,58.32,
O-202609-0851-L02,O-202609-0851,1,2026-09-26T10:05:00,,,,,CAKE48,Birthday Cake,1,48.00,0.00,3.84,51.84,
O-202609-0851-L03,O-202609-0851,1,2026-09-26T10:05:00,,,,,CROISSANT21,Croissant Box (6),3,21.00,9.45,4.28,57.83,
O-202609-0852-L01,O-202609-0852,1,2026-09-26T10:40:00,C015,Alex Morgan,morgan.household@example.com,555-010-1400,CROISSANT21,Croissant Box (6),1,21.00,2.10,1.51,20.41,
O-202609-0852-L02,O-202609-0852,1,2026-09-26T10:40:00,C015,Alex Morgan,morgan.household@example.com,555-010-1400,PIE32,Seasonal Pie,1,32.00,0.00,2.56,34.56,
O-202609-0853-L01,O-202609-0853,1,2026-09-26T11:17:00,C002,James Chen,james.chen2@example.com,555-010-0002,CATER120,Catering Tray,1,120.00,0.00,9.60,129.60,
O-202609-0853-L02,O-202609-0853,1,2026-09-26T11:17:00,C002,James Chen,james.chen2@example.com,555-010-0002,BAGUETTE5,Baguette,2,5.00,0.50,0.76,10.26,
O-202609-0853-L03,O-202609-0853,1,2026-09-26T11:17:00,C002,James Chen,james.chen2@example.com,555-010-0002,PIE32,Seasonal Pie,1,32.00,0.00,2.56,34.56,
O-202609-0854-L01,O-202609-0854,1,2026-09-26T11:32:00,,,,,COFFEE18,Coffee Beans 1lb,3,18.00,2.70,4.10,55.40,
O-202609-0854-L02,O-202609-0854,1,2026-09-26T11:32:00,,,,,COOKIE12,Cookie Box (12),4,12.00,7.20,3.26,44.06,
O-202609-0854-L03,O-202609-0854,1,2026-09-26T11:32:00,,,,,PIE32,Seasonal Pie,1,32.00,4.80,2.18,29.38,
O-202609-0854-L04,O-202609-0854,1,2026-09-26T11:32:00,,,,,CAKE48,Birthday Cake,2,48.00,4.80,7.30,98.50,
O-202609-0855-L01,O-202609-0855,1,2026-09-26T11:34:00,C002,James Chen,james.chen2@example.com,555-010-0002,COFFEE18,Coffee Beans 1lb,3,18.00,2.70,4.10,55.40,
O-202609-0855-L02,O-202609-0855,1,2026-09-26T11:34:00,C002,James Chen,james.chen2@example.com,555-010-0002,GRANOLA11,Granola Jar,4,11.00,6.60,2.99,40.39,
O-202609-0855-L03,O-202609-0855,1,2026-09-26T11:34:00,C002,James Chen,james.chen2@example.com,555-010-0002,CATER120,Catering Tray,2,120.00,0.00,19.20,259.20,
O-202609-0856-L01,O-202609-0856,1,2026-09-26T11:43:00,C051,Hannah Fischer,hannah.fischer51@example.com,555-010-0051,CATER120,Catering Tray,2,120.00,0.00,19.20,259.20,
O-202609-0856-L02,O-202609-0856,1,2026-09-26T11:43:00,C051,Hannah Fischer,hannah.fischer51@example.com,555-010-0051,MUFFIN15,Muffin Box (4),3,15.00,0.00,3.60,48.60,
O-202609-0856-L03,O-202609-0856,1,2026-09-26T11:43:00,C051,Hannah Fischer,hannah.fischer51@example.com,555-010-0051,COFFEE18,Coffee Beans 1lb,1,18.00,0.00,1.44,19.44,
O-202609-0857-L01,O-202609-0857,1,2026-09-26T11:56:00,C006,Tom Walsh,tom.walsh6@example.com,555-010-0006,CAKE48,Birthday Cake,1,48.00,2.40,3.65,49.25,Loyalty card CL-0006 scanned
O-202609-0857-L02,O-202609-0857,1,2026-09-26T11:56:00,C006,Tom Walsh,tom.walsh6@example.com,555-010-0006,CROISSANT21,Croissant Box (6),1,21.00,0.00,1.68,22.68,
O-202609-0858-L01,O-202609-0858,1,2026-09-26T12:11:00,C006,Tom Walsh,tom.walsh6@example.com,555-010-0006,CAKE48,Birthday Cake,1,48.00,2.40,3.65,49.25,
O-202609-0858-L02,O-202609-0858,1,2026-09-26T12:11:00,C006,Tom Walsh,tom.walsh6@example.com,555-010-0006,CROISSANT21,Croissant Box (6),1,21.00,0.00,1.68,22.68,
O-202609-0859-L01,O-202609-0859,1,2026-09-26T12:21:00,C079,Lucia Walsh,lucia.walsh79@example.com,555-010-0079,COFFEE18,Coffee Beans 1lb,1,18.00,1.80,1.30,17.50,
O-202609-0859-L02,O-202609-0859,1,2026-09-26T12:21:00,C079,Lucia Walsh,lucia.walsh79@example.com,555-010-0079,CAKE48,Birthday Cake,2,48.00,0.00,7.68,103.68,
O-202609-0860-L01,O-202609-0860,1,2026-09-26T12:23:00,C010,Omar Haddad,omar.haddad10@example.com,555-010-0010,PIE32,Seasonal Pie,2,32.00,0.00,5.12,69.12,
O-202609-0860-L02,O-202609-0860,1,2026-09-26T12:23:00,C010,Omar Haddad,omar.haddad10@example.com,555-010-0010,CATER120,Catering Tray,2,120.00,0.00,19.20,259.20,
O-202609-0861-L01,O-202609-0861,1,2026-09-26T12:43:00,C024,Theo Park,theo.park24@example.com,555-010-0024,MUFFIN15,Muffin Box (4),1,15.00,0.00,1.20,16.20,
O-202609-0861-L02,O-202609-0861,1,2026-09-26T12:43:00,C024,Theo Park,theo.park24@example.com,555-010-0024,CATER120,Catering Tray,1,120.00,18.00,8.16,110.16,
O-202609-0861-L03,O-202609-0861,1,2026-09-26T12:43:00,C024,Theo Park,theo.park24@example.com,555-010-0024,COOKIE12,Cookie Box (12),2,12.00,0.00,1.92,25.92,
O-202609-0862-L01,O-202609-0862,1,2026-09-26T13:05:00,C026,Noah Evans,noah.evans26@example.com,555-010-0026,BREAD9,Sourdough Loaf,2,9.00,0.00,1.44,19.44,
O-202609-0862-L02,O-202609-0862,1,2026-09-26T13:05:00,C026,Noah Evans,noah.evans26@example.com,555-010-0026,CAKE48,Birthday Cake,1,48.00,0.00,3.84,51.84,
O-202609-0862-L03,O-202609-0862,1,2026-09-26T13:05:00,C026,Noah Evans,noah.evans26@example.com,555-010-0026,MUFFIN15,Muffin Box (4),3,15.00,0.00,3.60,48.60,
O-202609-0862-L04,O-202609-0862,1,2026-09-26T13:05:00,C026,Noah Evans,noah.evans26@example.com,555-010-0026,GRANOLA11,Granola Jar,3,11.00,0.00,2.64,35.64,
O-202609-0863-L01,O-202609-0863,1,2026-09-26T13:10:00,C010,Omar Haddad,omar.haddad10@example.com,555-010-0010,PIE32,Seasonal Pie,2,32.00,3.20,4.86,65.66,
O-202609-0864-L01,O-202609-0864,1,2026-09-26T13:18:00,C009,Grace Kim,grace.kim9@example.com,555-010-0009,CATER120,Catering Tray,1,120.00,0.00,9.60,129.60,
O-202609-0864-L02,O-202609-0864,1,2026-09-26T13:18:00,C009,Grace Kim,grace.kim9@example.com,555-010-0009,BREAD9,Sourdough Loaf,1,9.00,0.90,0.65,8.75,
O-202609-0865-L01,O-202609-0865,1,2026-09-26T13:27:00,C037,Yara Mensah,yara.mensah37@example.com,555-010-0037,GRANOLA11,Granola Jar,2,11.00,2.20,1.58,21.38,
O-202609-0865-L02,O-202609-0865,1,2026-09-26T13:27:00,C037,Yara Mensah,yara.mensah37@example.com,555-010-0037,COFFEE18,Coffee Beans 1lb,3,18.00,0.00,4.32,58.32,
O-202609-0866-L01,O-202609-0866,1,2026-09-26T13:52:00,C002,James Chen,james.chen2@example.com,555-010-0002,MUFFIN15,Muffin Box (4),1,15.00,0.00,1.20,16.20,
O-202609-0866-L02,O-202609-0866,1,2026-09-26T13:52:00,C002,James Chen,james.chen2@example.com,555-010-0002,BREAD9,Sourdough Loaf,1,9.00,0.00,0.72,9.72,
O-202609-0867-L01,O-202609-0867,1,2026-09-26T13:56:00,C035,Ada Novak,ada.novak35@example.com,555-010-0035,BAGUETTE5,Baguette,3,5.00,0.00,1.20,16.20,
O-202609-0867-L02,O-202609-0867,1,2026-09-26T13:56:00,C035,Ada Novak,ada.novak35@example.com,555-010-0035,CROISSANT21,Croissant Box (6),2,21.00,0.00,3.36,45.36,
O-202609-0868-L01,O-202609-0868,1,2026-09-26T14:01:00,C001,Maria Lopez,maria.lopez1@example.com,555-010-0001,COOKIE12,Cookie Box (12),2,12.00,1.20,1.82,24.62,
O-202609-0869-L01,O-202609-0869,1,2026-09-26T14:19:00,C037,Yara Mensah,yara.mensah37@example.com,555-010-0037,CATER120,Catering Tray,2,120.00,12.00,18.24,246.24,
O-202609-0869-L02,O-202609-0869,1,2026-09-26T14:19:00,C037,Yara Mensah,yara.mensah37@example.com,555-010-0037,GRANOLA11,Granola Jar,4,11.00,0.00,3.52,47.52,
O-202609-0870-L01,O-202609-0870,1,2026-09-26T14:51:00,C001,Maria Lopez,maria.lopez1@example.com,555-010-0001,PIE32,Seasonal Pie,2,32.00,0.00,5.12,69.12,Loyalty card CL-0001 scanned
O-202609-0871-L01,O-202609-0871,1,2026-09-26T14:58:00,C009,Grace Kim,grace.kim9@example.com,555-010-0009,CAKE48,Birthday Cake,2,48.00,9.60,6.91,93.31,
O-202609-0871-L02,O-202609-0871,1,2026-09-26T14:58:00,C009,Grace Kim,grace.kim9@example.com,555-010-0009,COOKIE12,Cookie Box (12),4,12.00,0.00,3.84,51.84,
O-202609-0871-L03,O-202609-0871,1,2026-09-26T14:58:00,C009,Grace Kim,grace.kim9@example.com,555-010-0009,CATER120,Catering Tray,2,120.00,0.00,19.20,259.20,
O-202609-0872-L01,O-202609-0872,1,2026-09-26T14:59:00,C060,Leo Dubois,leo.dubois60@example.com,555-010-0060,CAKE48,Birthday Cake,1,48.00,0.00,3.84,51.84,
O-202609-0872-L02,O-202609-0872,1,2026-09-26T14:59:00,C060,Leo Dubois,leo.dubois60@example.com,555-010-0060,GRANOLA11,Granola Jar,1,11.00,1.65,0.75,10.10,
O-202609-0873-L01,O-202609-0873,1,2026-09-26T15:09:00,C050,Omar Costa,omar.costa50@example.com,555-010-0050,CAKE48,Birthday Cake,2,48.00,0.00,7.68,103.68,Pickup after 3pm
O-202609-0873-L02,O-202609-0873,1,2026-09-26T15:09:00,C050,Omar Costa,omar.costa50@example.com,555-010-0050,COFFEE18,Coffee Beans 1lb,4,18.00,0.00,5.76,77.76,
O-202609-0873-L03,O-202609-0873,1,2026-09-26T15:09:00,C050,Omar Costa,omar.costa50@example.com,555-010-0050,CATER120,Catering Tray,1,120.00,0.00,9.60,129.60,
O-202609-0874-L01,O-202609-0874,1,2026-09-26T15:10:00,C023,Megan Hughes,megan.hughes23@example.com,555-010-0023,BREAD9,Sourdough Loaf,3,9.00,0.00,2.16,29.16,
O-202609-0875-L01,O-202609-0875,1,2026-09-26T15:17:00,C010,Omar Haddad,omar.haddad10@example.com,555-010-0010,GRANOLA11,Granola Jar,4,11.00,0.00,3.52,47.52,
O-202609-0391-L01,O-202609-0391,1,2026-09-13T07:15:00,C049,Grace Bell,grace.bell49@example.com,555-010-0049,COOKIE12,Cookie Box (12),5,12.00,0.00,4.80,64.80,
O-202609-0875-L02,O-202609-0875,1,2026-09-26T15:17:00,C010,Omar Haddad,omar.haddad10@example.com,555-010-0010,BAGUETTE5,Baguette,4,5.00,1.00,1.52,20.52,
O-202609-0876-L01,O-202609-0876,1,2026-09-26T16:09:00,,,,,MUFFIN15,Muffin Box (4),3,15.00,4.50,3.24,43.74,
O-202609-0876-L02,O-202609-0876,1,2026-09-26T16:09:00,,,,,COFFEE18,Coffee Beans 1lb,4,18.00,0.00,5.76,77.76,
O-202609-0876-L03,O-202609-0876,1,2026-09-26T16:09:00,,,,,CATER120,Catering Tray,2,120.00,0.00,19.20,259.20,
O-202609-0877-L01,O-202609-0877,1,2026-09-26T16:13:00,C044,DANIEL BROOKS,daniel.brooks44@example.com,555-010-0044,MUFFIN15,Muffin Box (4) *,2,15.00,0.00,2.40,32.40,
O-202609-0878-L01,O-202609-0878,1,2026-09-26T16:20:00,C011,Hannah Brooks,hannah.brooks11@example.com,555-010-0011,BREAD9,Sourdough Loaf,4,9.00,0.00,2.88,38.88,
O-202609-0878-L02,O-202609-0878,1,2026-09-26T16:20:00,C011,Hannah Brooks,hannah.brooks11@example.com,555-010-0011,COFFEE18,Coffee Beans 1lb,2,18.00,0.00,2.88,38.88,
O-202609-0878-L03,O-202609-0878,1,2026-09-26T16:20:00,C011,Hannah Brooks,hannah.brooks11@example.com,555-010-0011,CATER120,Catering Tray,1,120.00,0.00,9.60,129.60,
O-202609-0878-L04,O-202609-0878,1,2026-09-26T16:20:00,C011,Hannah Brooks,hannah.brooks11@example.com,555-010-0011,COOKIE12,Cookie Box (12),1,12.00,0.00,0.96,12.96,
O-202609-0879-L01,O-202609-0879,1,2026-09-26T16:36:00,C068,Jonah Novak,jonah.novak68@example.com,555-010-0068,COOKIE12,Cookie Box (12),3,12.00,1.80,2.74,36.94,
O-202609-0879-L02,O-202609-0879,1,2026-09-26T16:36:00,C068,Jonah Novak,jonah.novak68@example.com,555-010-0068,PIE32,Seasonal Pie,1,32.00,0.00,2.56,34.56,
O-202609-0880-L01,O-202609-0880,1,2026-09-26T16:44:00,C032,Diego Ramos,diego.ramos32@example.com,555-010-0032,MUFFIN15,Muffin Box (4),2,15.00,0.00,2.40,32.40,Slice the loaf
O-202609-0881-L01,O-202609-0881,1,2026-09-26T16:48:00,C002,James Chen,james.chen2@example.com,555-010-0002,GRANOLA11,Granola Jar,4,11.00,0.00,3.52,47.52,
O-202609-0881-L02,O-202609-0881,1,2026-09-26T16:48:00,C002,James Chen,james.chen2@example.com,555-010-0002,CAKE48,Birthday Cake,2,48.00,0.00,7.68,103.68,
O-202609-0881-L03,O-202609-0881,1,2026-09-26T16:48:00,C002,James Chen,james.chen2@example.com,555-010-0002,COFFEE18,Coffee Beans 1lb,1,18.00,0.00,1.44,19.44,
O-202609-0881-L04,O-202609-0881,1,2026-09-26T16:48:00,C002,James Chen,james.chen2@example.com,555-010-0002,BREAD9,Sourdough Loaf,3,9.00,0.00,2.16,29.16,
O-202609-0882-L01,O-202609-0882,1,2026-09-26T17:34:00,,,,,BAGUETTE5,Baguette,1,5.00,0.00,0.40,5.40,
O-202609-0882-L02,O-202609-0882,1,2026-09-26T17:34:00,,,,,COOKIE12,Cookie Box (12),3,12.00,0.00,2.88,38.88,
O-202609-0882-L03,O-202609-0882,1,2026-09-26T17:34:00,,,,,CATER120,Catering Tray,2,120.00,12.00,18.24,246.24,
O-202609-0882-L04,O-202609-0882,1,2026-09-26T17:34:00,,,,,MUFFIN15,Muffin Box (4),3,15.00,0.00,3.60,48.60,
O-202609-0883-L01,O-202609-0883,1,2026-09-27T07:31:00,C005,Aisha Rahman,aisha.rahman5@example.com,555-010-0005,COFFEE18,Coffee Beans 1lb,1,18.00,0.00,1.44,19.44,
O-202609-0884-L01,O-202609-0884,1,2026-09-27T07:58:00,C009,Grace Kim,grace.kim9@example.com,555-010-0009,BREAD9,Sourdough Loaf,2,9.00,0.00,1.44,19.44,
O-202609-0885-L01,O-202609-0885,1,2026-09-27T09:15:00,C009,Grace Kim,grace.kim9@example.com,555-010-0009,COFFEE18,Coffee Beans 1lb,3,18.00,0.00,4.32,58.32,
O-202609-0886-L01,O-202609-0886,1,2026-09-27T10:11:00,C001,Maria Lopez,maria.lopez1@example.com,555-010-0001,CAKE48,Birthday Cake,1,48.00,0.00,3.84,51.84,
O-202609-0887-L01,O-202609-0887,1,2026-09-27T10:28:00,C002,James Chen,james.chen2@example.com,555-010-0002,BREAD9,Sourdough Loaf,3,9.00,0.00,2.16,29.16,
O-202609-0887-L02,O-202609-0887,1,2026-09-27T10:28:00,C002,James Chen,james.chen2@example.com,555-010-0002,BAGUETTE5,Baguette,2,5.00,0.00,0.80,10.80,
O-202609-0887-L03,O-202609-0887,1,2026-09-27T10:28:00,C002,James Chen,james.chen2@example.com,555-010-0002,MUFFIN15,Muffin Box (4),3,15.00,0.00,3.60,48.60,
O-202609-0888-L01,O-202609-0888,1,2026-09-27T11:33:00,C002,James Chen,james.chen2@example.com,555-010-0002,CROISSANT21,Croissant Box (6),4,21.00,0.00,6.72,90.72,Loyalty card CL-0002 scanned
O-202609-0889-L01,O-202609-0889,1,2026-09-27T11:36:00,C003,Priya Patel,priya.patel3@example.com,555-010-0003,CAKE48,Birthday Cake,2,48.00,0.00,7.68,103.68,
O-202609-0889-L02,O-202609-0889,1,2026-09-27T11:36:00,C003,Priya Patel,priya.patel3@example.com,555-010-0003,PIE32,Seasonal Pie,2,32.00,6.40,4.61,62.21,
O-202609-0890-L01,O-202609-0890,1,2026-09-27T11:38:00,C012,Victor Nguyen,victor.nguyen12@example.com,555-010-0012,GRANOLA11,Granola Jar,2,11.00,2.20,1.58,21.38,
O-202609-0890-L02,O-202609-0890,1,2026-09-27T11:38:00,C012,Victor Nguyen,victor.nguyen12@example.com,555-010-0012,CAKE48,Birthday Cake,1,48.00,2.40,3.65,49.25,
O-202609-0890-L03,O-202609-0890,1,2026-09-27T11:38:00,C012,Victor Nguyen,victor.nguyen12@example.com,555-010-0012,COOKIE12,Cookie Box (12),3,12.00,3.60,2.59,34.99,
O-202609-0890-L04,O-202609-0890,1,2026-09-27T11:38:00,C012,Victor Nguyen,victor.nguyen12@example.com,555-010-0012,PIE32,Seasonal Pie,1,32.00,0.00,2.56,34.56,
O-202609-0891-L01,O-202609-0891,1,2026-09-27T11:43:00,C005,Aisha Rahman,aisha.rahman5@example.com,555-010-0005,COOKIE12,Cookie Box (12),1,10.20,0.00,0.82,11.02,
O-202609-0891-L02,O-202609-0891,1,2026-09-27T11:43:00,C005,Aisha Rahman,aisha.rahman5@example.com,555-010-0005,MUFFIN15,Muffin Box (4),2,15.00,1.50,2.28,30.78,
O-202609-0892-L01,O-202609-0892,1,2026-09-27T11:48:00,C003,Priya Patel,priya.patel3@example.com,555-010-0003,MUFFIN15,Muffin Box (4),3,12.00,0.00,2.88,38.88,
O-202609-0893-L01,O-202609-0893,1,2026-09-27T11:49:00,C005,Aisha Rahman,aisha.rahman5@example.com,555-010-0005,PIE32,Seasonal Pie,2,32.00,0.00,5.12,69.12,
O-202609-0893-L02,O-202609-0893,1,2026-09-27T11:49:00,C005,Aisha Rahman,aisha.rahman5@example.com,555-010-0005,COFFEE18,Coffee Beans 1lb,4,18.00,0.00,5.76,77.76,
O-202609-0894-L01,O-202609-0894,1,2026-09-27T11:58:00,C050,Omar Costa,omar.costa50@example.com,555-010-0050,BREAD9,Sourdough Loaf,1,9.00,0.00,0.72,9.72,
O-202609-0895-L01,O-202609-0895,1,2026-09-27T12:04:00,C020,Leo Moreau,leo.moreau20@example.com,555-010-0020,BREAD9,Sourdough Loaf,4,9.00,0.00,2.88,38.88,
O-202609-0895-L02,O-202609-0895,1,2026-09-27T12:04:00,C020,Leo Moreau,leo.moreau20@example.com,555-010-0020,COOKIE12,Cookie Box (12),3,12.00,0.00,2.88,38.88,
O-202609-0896-L01,O-202609-0896,1,2026-09-27T12:29:00,C011,Hannah Brooks,hannah.brooks11@example.com,555-010-0011,PIE32,Seasonal Pie,1,32.00,3.20,2.30,31.10,
O-202609-0896-L02,O-202609-0896,1,2026-09-27T12:29:00,C011,Hannah Brooks,hannah.brooks11@example.com,555-010-0011,CROISSANT21,Croissant Box (6),3,21.00,9.45,4.28,57.83,Birthday pickup
O-202609-0896-L03,O-202609-0896,1,2026-09-27T12:29:00,C011,Hannah Brooks,hannah.brooks11@example.com,555-010-0011,GRANOLA11,Granola Jar,3,11.00,1.65,2.51,33.86,
O-202609-0897-L01,O-202609-0897,1,2026-09-27T14:41:00,C005,Aisha Rahman,aisha.rahman5@example.com,555-010-0005,COFFEE18,Coffee Beans 1lb,2,18.00,3.60,2.59,34.99,
O-202609-0897-L02,O-202609-0897,1,2026-09-27T14:41:00,C005,Aisha Rahman,aisha.rahman5@example.com,555-010-0005,BAGUETTE5,Baguette,4,5.00,0.00,1.60,21.60,
O-202609-0898-L01,O-202609-0898,1,2026-09-27T15:12:00,C006,Tom Walsh,tom.walsh6@example.com,555-010-0006,CROISSANT21,Croissant Box (6),2,21.00,0.00,3.36,45.36,
O-202609-0898-L02,O-202609-0898,1,2026-09-27T15:12:00,C006,Tom Walsh,tom.walsh6@example.com,555-010-0006,PIE32,Seasonal Pie,1,32.00,0.00,2.56,34.56,
O-202609-0899-L01,O-202609-0899,1,2026-09-27T15:56:00,C004,Daniel Okafor,daniel.okafor4@example.com,555-010-0004,CAKE48,Birthday Cake,2,48.00,0.00,7.68,103.68,
O-202609-0899-L02,O-202609-0899,1,2026-09-27T15:56:00,C004,Daniel Okafor,daniel.okafor4@example.com,555-010-0004,CATER120,Catering Tray,1,120.00,0.00,9.60,129.60,
O-202609-0900-L01,O-202609-0900,1,2026-09-27T16:07:00,,,,,PIE32,Seasonal Pie,1,32.00,0.00,2.56,34.56,
O-202609-0900-L02,O-202609-0900,1,2026-09-27T16:07:00,,,,,COOKIE12,Cookie Box (12),4,12.00,0.00,3.84,51.84,
O-202609-0901-L01,O-202609-0901,1,2026-09-27T16:23:00,C005,Aisha Rahman,aisha.rahman5@example.com,555-010-0005,GRANOLA11,Granola Jar,1,11.00,0.00,0.88,11.88,
O-202609-0901-L02,O-202609-0901,1,2026-09-27T16:23:00,C005,Aisha Rahman,aisha.rahman5@example.com,555-010-0005,BAGUETTE5,Baguette,4,5.00,2.00,1.44,19.44,
O-202609-0902-L01,O-202609-0902,1,2026-09-27T16:30:00,C013,Nina Petrov,nina.petrov13@example.com,555-010-0013,COOKIE12,Cookie Box (12),4,12.00,0.00,3.84,51.84,
O-202609-0902-L02,O-202609-0902,1,2026-09-27T16:30:00,C013,Nina Petrov,nina.petrov13@example.com,555-010-0013,GRANOLA11,Granola Jar,3,11.00,3.30,2.38,32.08,
O-202609-0903-L01,O-202609-0903,1,2026-09-27T17:21:00,,,,,COOKIE12,Cookie Box (12),1,12.00,1.20,0.86,11.66,
O-202609-0903-L02,O-202609-0903,1,2026-09-27T17:21:00,,,,,CAKE48,Birthday Cake,1,48.00,0.00,3.84,51.84,
O-202609-0903-L03,O-202609-0903,1,2026-09-27T17:21:00,,,,,PIE32,Seasonal Pie,1,32.00,4.80,2.18,29.38,
O-202609-0904-L01,O-202609-0904,1,2026-09-27T17:38:00,,,,,BREAD9,Sourdough Loaf,3,9.00,0.00,2.16,29.16,
O-202609-0904-L02,O-202609-0904,1,2026-09-27T17:38:00,,,,,BAGUETTE5,Baguette,4,5.00,0.00,1.60,21.60,
O-202609-0905-L01,O-202609-0905,1,2026-09-28T08:09:00,C008,Luis Garcia,luis.garcia8@example.com,555-010-0008,GRANOLA11,Granola Jar,2,11.00,0.00,1.76,23.76,
O-202609-0905-L02,O-202609-0905,1,2026-09-28T08:09:00,C008,Luis Garcia,luis.garcia8@example.com,555-010-0008,CAKE48,Birthday Cake,2,48.00,4.80,7.30,98.50,
O-202609-0906-L01,O-202609-0906,1,2026-09-28T08:30:00,C031,"Liu, Mei",mei.liu31@example.com,555-010-0031,PIE32,Seasonal Pie *,2,32.00,9.60,4.35,58.75,
O-202609-0906-L02,O-202609-0906,1,2026-09-28T08:30:00,C031,"Liu, Mei",mei.liu31@example.com,555-010-0031,CROISSANT21,Croissant Box (6),4,21.00,0.00,6.72,90.72,
O-202609-0907-L01,O-202609-0907,1,2026-09-28T08:46:00,C009,Grace Kim,grace.kim9@example.com,555-010-0009,CAKE48,Birthday Cake,2,48.00,0.00,7.68,103.68,Repeat weekly order
O-202609-0907-L02,O-202609-0907,1,2026-09-28T08:46:00,C009,Grace Kim,grace.kim9@example.com,555-010-0009,MUFFIN15,Muffin Box (4),1,15.00,0.00,1.20,16.20,
O-202609-0908-L01,O-202609-0908,1,2026-09-28T09:03:00,C066,Noah Martin,noah.martin66@example.com,555-010-0066,CATER120,Catering Tray,1,120.00,0.00,9.60,129.60,
O-202609-0908-L02,O-202609-0908,1,2026-09-28T09:03:00,C066,Noah Martin,noah.martin66@example.com,555-010-0066,BREAD9,Sourdough Loaf,1,9.00,0.00,0.72,9.72,
O-202609-0909-L01,O-202609-0909,1,2026-09-28T09:31:00,C009,Grace Kim,grace.kim9@example.com,555-010-0009,CAKE48,Birthday Cake,2,48.00,9.60,6.91,93.31,
O-202609-0909-L02,O-202609-0909,1,2026-09-28T09:31:00,C009,Grace Kim,grace.kim9@example.com,555-010-0009,BREAD9,Sourdough Loaf,3,9.00,1.35,2.05,27.70,Staff to box separately
O-202609-0909-L03,O-202609-0909,1,2026-09-28T09:31:00,C009,Grace Kim,grace.kim9@example.com,555-010-0009,COOKIE12,Cookie Box (12),4,12.00,2.40,3.65,49.25,
O-202609-0910-L01,O-202609-0910,1,2026-09-28T09:38:00,C068,Jonah Novak,jonah.novak68@example.com,555-010-0068,PIE32,Seasonal Pie,1,32.00,0.00,2.56,34.56,
O-202609-0910-L02,O-202609-0910,1,2026-09-28T09:38:00,C068,Jonah Novak,jonah.novak68@example.com,555-010-0068,BAGUETTE5,Baguette,4,5.00,0.00,1.60,21.60,
O-202609-0910-L03,O-202609-0910,1,2026-09-28T09:38:00,C068,Jonah Novak,jonah.novak68@example.com,555-010-0068,MUFFIN15,Muffin Box (4),2,15.00,1.50,2.28,30.78,
O-202609-0911-L01,O-202609-0911,1,2026-09-28T09:40:00,C005,Aisha Rahman,aisha.rahman5@example.com,555-010-0005,BAGUETTE5,Baguette,4,5.00,0.00,1.60,21.60,
O-202609-0912-L01,O-202609-0912,1,2026-09-28T09:56:00,C068,Jonah Novak,jonah.novak68@example.com,555-010-0068,COOKIE12,Cookie Box (12),2,12.00,0.00,1.92,25.92,
O-202609-0912-L02,O-202609-0912,1,2026-09-28T09:56:00,C068,Jonah Novak,jonah.novak68@example.com,555-010-0068,MUFFIN15,Muffin Box (4),2,15.00,0.00,2.40,32.40,
O-202609-0913-L01,O-202609-0913,1,2026-09-28T10:13:00,C073,Chloe Quinn,chloe.quinn73@example.com,555-010-0073,COOKIE12,Cookie Box (12),2,12.00,0.00,1.92,25.92,
O-202609-0913-L02,O-202609-0913,1,2026-09-28T10:13:00,C073,Chloe Quinn,chloe.quinn73@example.com,555-010-0073,BREAD9,Sourdough Loaf,2,9.00,0.00,1.44,19.44,
O-202609-0914-L01,O-202609-0914,1,2026-09-28T10:16:00,C008,Luis Garcia,luis.garcia8@example.com,555-010-0008,CAKE48,Birthday Cake,1,48.00,2.40,3.65,49.25,
O-202609-0915-L01,O-202609-0915,1,2026-09-28T11:11:00,C009,Grace Kim,grace.kim9@example.com,555-010-0009,PIE32,Seasonal Pie,2,32.00,6.40,4.61,62.21,
O-202609-0915-L02,O-202609-0915,1,2026-09-28T11:11:00,C009,Grace Kim,grace.kim9@example.com,555-010-0009,COOKIE12,Cookie Box (12),2,12.00,1.20,1.82,24.62,
O-202609-0915-L03,O-202609-0915,1,2026-09-28T11:11:00,C009,Grace Kim,grace.kim9@example.com,555-010-0009,BREAD9,Sourdough Loaf,4,9.00,5.40,2.45,33.05,
O-202609-0915-L04,O-202609-0915,1,2026-09-28T11:11:00,C009,Grace Kim,grace.kim9@example.com,555-010-0009,COFFEE18,Coffee Beans 1lb,3,18.00,8.10,3.67,49.57,
O-202609-0916-L01,O-202609-0916,1,2026-09-28T11:29:00,C009,Grace Kim,grace.kim9@example.com,555-010-0009,CROISSANT21,Croissant Box (6),2,21.00,0.00,3.36,45.36,
O-202609-0916-L02,O-202609-0916,1,2026-09-28T11:29:00,C009,Grace Kim,grace.kim9@example.com,555-010-0009,GRANOLA11,Granola Jar,4,11.00,2.20,3.34,45.14,
O-202609-0917-L01,O-202609-0917,1,2026-09-28T11:36:00,C004,Daniel Okafor,daniel.okafor4@example.com,555-010-0004,CATER120,Catering Tray,2,120.00,24.00,17.28,233.28,
O-202609-0917-L02,O-202609-0917,1,2026-09-28T11:36:00,C004,Daniel Okafor,daniel.okafor4@example.com,555-010-0004,COOKIE12,Cookie Box (12),2,12.00,0.00,1.92,25.92,
O-202609-0918-L01,O-202609-0918,1,2026-09-28T12:11:00,C031,Mei Liu,mei.liu31@example.com,555-010-0031,BAGUETTE5,Baguette,3,5.00,0.00,1.20,16.20,
O-202609-0918-L02,O-202609-0918,1,2026-09-28T12:11:00,C031,Mei Liu,mei.liu31@example.com,555-010-0031,COOKIE12,Cookie Box (12),4,12.00,0.00,3.84,51.84,
O-202609-0918-L03,O-202609-0918,1,2026-09-28T12:11:00,C031,Mei Liu,mei.liu31@example.com,555-010-0031,COFFEE18,Coffee Beans 1lb,3,18.00,8.10,3.67,49.57,
O-202609-0919-L01,O-202609-0919,1,2026-09-28T12:19:00,C070,Ethan Mensah,ethan.mensah70@example.com,555-010-0070,COOKIE12,Cookie Box (12),3,12.00,0.00,2.88,38.88,
O-202609-0920-L01,O-202609-0920,1,2026-09-28T12:31:00,C003,Priya Patel,priya.patel3@example.com,555-010-0003,CROISSANT21,Croissant Box (6),1,21.00,1.05,1.60,21.55,
O-202609-0920-L02,O-202609-0920,1,2026-09-28T12:31:00,C003,Priya Patel,priya.patel3@example.com,555-010-0003,COFFEE18,Coffee Beans 1lb,3,18.00,0.00,4.32,58.32,
O-202609-0921-L01,O-202609-0921,1,2026-09-28T13:27:00,C016,Marcus Bell,marcus.bell16@example.com,555-010-0016,PIE32,Seasonal Pie,1,32.00,0.00,2.56,34.56,Slice the loaf
O-202609-0921-L02,O-202609-0921,1,2026-09-28T13:27:00,C016,Marcus Bell,marcus.bell16@example.com,555-010-0016,COFFEE18,Coffee Beans 1lb,2,18.00,3.60,2.59,34.99,
O-202609-0921-L03,O-202609-0921,1,2026-09-28T13:27:00,C016,Marcus Bell,marcus.bell16@example.com,555-010-0016,CATER120,Catering Tray,1,120.00,6.00,9.12,123.12,
O-202609-0922-L01,O-202609-0922,1,2026-09-28T13:33:00,C006,Tom Walsh,tom.walsh6@example.com,555-010-0006,CATER120,Catering Tray,2,120.00,0.00,19.20,259.20,
O-202609-0922-L02,O-202609-0922,1,2026-09-28T13:33:00,C006,Tom Walsh,tom.walsh6@example.com,555-010-0006,COFFEE18,Coffee Beans 1lb,4,18.00,0.00,5.76,77.76,
O-202609-0922-L03,O-202609-0922,1,2026-09-28T13:33:00,C006,Tom Walsh,tom.walsh6@example.com,555-010-0006,CAKE48,Birthday Cake,1,48.00,0.00,3.84,51.84,
O-202609-0923-L01,O-202609-0923,1,2026-09-28T13:38:00,C032,Diego Ramos,diego.ramos32@example.com,555-010-0032,PIE32,Seasonal Pie,1,32.00,0.00,2.56,34.56,
O-202609-0923-L02,O-202609-0923,1,2026-09-28T13:38:00,C032,Diego Ramos,diego.ramos32@example.com,555-010-0032,CATER120,Catering Tray,2,120.00,36.00,16.32,220.32,
O-202609-0923-L03,O-202609-0923,1,2026-09-28T13:38:00,C032,Diego Ramos,diego.ramos32@example.com,555-010-0032,BAGUETTE5,Baguette,3,5.00,0.00,1.20,16.20,
O-202609-0924-L01,O-202609-0924,1,2026-09-28T14:00:00,,Priya,PRIYA.PATEL3@EXAMPLE.COM,,CATER120,Catering Tray,1,120.00,12.00,8.64,116.64,
O-202609-0924-L02,O-202609-0924,1,2026-09-28T14:00:00,,Priya,PRIYA.PATEL3@EXAMPLE.COM,,GRANOLA11,Granola Jar,4,11.00,0.00,3.52,47.52,
O-202609-0924-L03,O-202609-0924,1,2026-09-28T14:00:00,,Priya,PRIYA.PATEL3@EXAMPLE.COM,,COOKIE12,Cookie Box (12),4,12.00,0.00,3.84,51.84,
O-202609-0925-L01,O-202609-0925,1,2026-09-28T14:14:00,C013,Nina Petrov,nina.petrov13@example.com,555-010-0013,COOKIE12,Cookie Box (12),2,12.00,3.60,1.63,22.03,
O-202609-0926-L01,O-202609-0926,1,2026-09-28T14:23:00,C016,Marcus Bell,marcus.bell16@example.com,555-010-0016,CROISSANT21,Croissant Box (6),2,21.00,0.00,3.36,45.36,
O-202609-0926-L02,O-202609-0926,1,2026-09-28T14:23:00,C016,Marcus Bell,marcus.bell16@example.com,555-010-0016,COFFEE18,Coffee Beans 1lb,2,18.00,5.40,2.45,33.05,
O-202609-0927-L01,O-202609-0927,1,2026-09-28T14:35:00,,,,,COFFEE18,Coffee Beans 1lb,1,18.00,0.00,1.44,19.44,
O-202609-0927-L02,O-202609-0927,1,2026-09-28T14:35:00,,,,,BREAD9,Sourdough Loaf,3,9.00,0.00,2.16,29.16,
O-202609-0928-L01,O-202609-0928,1,2026-09-28T14:47:00,C032,Diego Ramos,diego.ramos32@example.com,555-010-0032,MUFFIN15,Muffin Box (4),4,15.00,9.00,4.08,55.08,Loyalty card CL-0032 scanned
O-202609-0928-L02,O-202609-0928,1,2026-09-28T14:47:00,C032,Diego Ramos,diego.ramos32@example.com,555-010-0032,PIE32,Seasonal Pie,1,32.00,4.80,2.18,29.38,
O-202609-0928-L03,O-202609-0928,1,2026-09-28T14:47:00,C032,Diego Ramos,diego.ramos32@example.com,555-010-0032,CATER120,Catering Tray,2,120.00,0.00,19.20,259.20,
O-202609-0929-L01,O-202609-0929,1,2026-09-28T14:55:00,C037,Yara Mensah,yara.mensah37@example.com,555-010-0037,COOKIE12,Cookie Box (12),3,12.00,0.00,2.88,38.88,
O-202609-0929-L02,O-202609-0929,1,2026-09-28T14:55:00,C037,Yara Mensah,yara.mensah37@example.com,555-010-0037,CAKE48,Birthday Cake,2,48.00,4.80,7.30,98.50,
O-202609-0929-L03,O-202609-0929,1,2026-09-28T14:55:00,C037,Yara Mensah,yara.mensah37@example.com,555-010-0037,CROISSANT21,Croissant Box (6),2,21.00,0.00,3.36,45.36,
O-202609-0930-L01,O-202609-0930,1,2026-09-28T16:07:00,C006,Tom Walsh,tom.walsh6@example.com,555-010-0006,COFFEE18,Coffee Beans 1lb,2,18.00,3.60,2.59,34.99,
O-202609-0930-L02,O-202609-0930,1,2026-09-28T16:07:00,C006,Tom Walsh,tom.walsh6@example.com,555-010-0006,BREAD9,Sourdough Loaf,3,9.00,0.00,2.16,29.16,
O-202609-0931-L01,O-202609-0931,1,2026-09-28T16:10:00,C040,Kofi Quinn,kofi.quinn40@example.com,555-010-0040,COFFEE18,Coffee Beans 1lb,3,18.00,0.00,4.32,58.32,No nuts please
O-202609-0932-L01,O-202609-0932,1,2026-09-28T16:16:00,C005,Aisha Rahman,aisha.rahman5@example.com,555-010-0005,BAGUETTE5,Baguette,2,5.00,0.00,0.80,10.80,
O-202609-0932-L02,O-202609-0932,1,2026-09-28T16:16:00,C005,Aisha Rahman,aisha.rahman5@example.com,555-010-0005,BREAD9,Sourdough Loaf,3,9.00,0.00,2.16,29.16,
O-202609-0932-L03,O-202609-0932,1,2026-09-28T16:16:00,C005,Aisha Rahman,aisha.rahman5@example.com,555-010-0005,GRANOLA11,Granola Jar,4,11.00,0.00,3.52,47.52,
O-202609-0933-L01,O-202609-0933,1,2026-09-28T16:21:00,C007,Keiko Tanaka,keiko.tanaka7@example.com,555-010-0007,MUFFIN15,Muffin Box (4),3,15.00,4.50,3.24,43.74,
O-202609-0933-L02,O-202609-0933,1,2026-09-28T16:21:00,C007,Keiko Tanaka,keiko.tanaka7@example.com,555-010-0007,PIE32,Seasonal Pie,1,32.00,0.00,2.56,34.56,
O-202609-0933-L03,O-202609-0933,1,2026-09-28T16:21:00,C007,Keiko Tanaka,keiko.tanaka7@example.com,555-010-0007,GRANOLA11,Granola Jar,2,11.00,3.30,1.50,20.20,
O-202609-0934-L01,O-202609-0934,1,2026-09-28T16:57:00,C008,Luis Garcia,luis.garcia8@example.com,555-010-0008,COOKIE12,Cookie Box (12),1,12.00,1.20,0.86,11.66,
O-202609-0934-L02,O-202609-0934,1,2026-09-28T16:57:00,C008,Luis Garcia,luis.garcia8@example.com,555-010-0008,CATER120,Catering Tray,1,120.00,0.00,9.60,129.60,
O-202609-0934-L03,O-202609-0934,1,2026-09-28T16:57:00,C008,Luis Garcia,luis.garcia8@example.com,555-010-0008,BREAD9,Sourdough Loaf,2,9.00,0.00,1.44,19.44,
O-202609-0935-L01,O-202609-0935,1,2026-09-28T17:31:00,,,,,CATER120,Catering Tray,2,120.00,0.00,19.20,259.20,
O-202609-0935-L02,O-202609-0935,1,2026-09-28T17:31:00,,,,,COOKIE12,Cookie Box (12),2,12.00,0.00,1.92,25.92,
O-202609-0936-L01,O-202609-0936,1,2026-09-28T17:48:00,C022,Carlos Silva,carlos.silva22@example.com,555-010-0022,CROISSANT21,Croissant Box (6),1,21.00,0.00,1.68,22.68,
O-202609-0936-L02,O-202609-0936,1,2026-09-28T17:48:00,C022,Carlos Silva,carlos.silva22@example.com,555-010-0022,BAGUETTE5,Baguette,2,5.00,0.00,0.80,10.80,
O-202609-0171-L01,O-202609-0171,1,2026-09-06T12:03:00,C065,Zara Ramos,zara.ramos65@example.com,555-010-0065,PIE32,Seasonal Pie,3,32.00,0.00,7.68,103.68,
O-202609-0936-L03,O-202609-0936,1,2026-09-28T17:48:00,C022,Carlos Silva,carlos.silva22@example.com,555-010-0022,COOKIE12,Cookie Box (12),1,12.00,0.00,0.96,12.96,
O-202609-0937-L01,O-202609-0937,1,2026-09-28T17:53:00,C013,Nina Petrov,nina.petrov13@example.com,555-010-0013,COFFEE18,Coffee Beans 1lb,4,18.00,7.20,5.18,69.98,Pre-order
O-202609-0937-L02,O-202609-0937,1,2026-09-28T17:53:00,C013,Nina Petrov,nina.petrov13@example.com,555-010-0013,BAGUETTE5,Baguette,4,5.00,0.00,1.60,21.60,
O-202609-0938-L01,O-202609-0938,1,2026-09-29T07:59:00,C012,Victor Nguyen,victor.nguyen12@example.com,555-010-0012,GRANOLA11,Granola Jar,4,11.00,4.40,3.17,42.77,Loyalty card CL-0012 scanned
O-202609-0939-L01,O-202609-0939,1,2026-09-29T08:16:00,C008,Luis Garcia,luis.garcia8@example.com,555-010-0008,COOKIE12,Cookie Box (12),3,12.00,0.00,2.88,38.88,
O-202609-0939-L02,O-202609-0939,1,2026-09-29T08:16:00,C008,Luis Garcia,luis.garcia8@example.com,555-010-0008,BREAD9,Sourdough Loaf,3,9.00,4.05,1.84,24.79,
O-202609-0940-L01,O-202609-0940,1,2026-09-29T08:25:00,,,,,PIE32,Seasonal Pie,2,32.00,0.00,5.12,69.12,
O-202609-0940-L02,O-202609-0940,1,2026-09-29T08:25:00,,,,,GRANOLA11,Granola Jar,4,11.00,0.00,3.52,47.52,
O-202609-0941-L01,O-202609-0941,1,2026-09-29T08:55:00,,,,,CROISSANT21,Croissant Box (6),4,21.00,8.40,6.05,81.65,
O-202609-0941-L02,O-202609-0941,1,2026-09-29T08:55:00,,,,,CATER120,Catering Tray,1,120.00,0.00,9.60,129.60,
O-202609-0941-L03,O-202609-0941,1,2026-09-29T08:55:00,,,,,PIE32,Seasonal Pie,2,32.00,3.20,4.86,65.66,
O-202609-0941-L04,O-202609-0941,1,2026-09-29T08:55:00,,,,,CAKE48,Birthday Cake,1,48.00,0.00,3.84,51.84,
O-202609-0942-L01,O-202609-0942,1,2026-09-29T08:59:00,C011,Hannah Brooks,hannah.brooks11@example.com,555-010-0011,GIFT25,$25 Gift Card,1,25.00,0.00,0.00,25.00,
O-202609-0943-L01,O-202609-0943,1,2026-09-29T09:09:00,C012,Victor Nguyen,victor.nguyen12@example.com,555-010-0012,CROISSANT21,Croissant Box (6),4,21.00,0.00,6.72,90.72,
O-202609-0944-L01,O-202609-0944,1,2026-09-29T09:16:00,C036,Felix Larsen,felix.larsen36@example.com,555-010-0036,PIE32,Seasonal Pie,1,32.00,0.00,2.56,34.56,
O-202609-0944-L02,O-202609-0944,1,2026-09-29T09:16:00,C036,Felix Larsen,felix.larsen36@example.com,555-010-0036,COFFEE18,Coffee Beans 1lb,1,18.00,1.80,1.30,17.50,
O-202609-0944-L03,O-202609-0944,1,2026-09-29T09:16:00,C036,Felix Larsen,felix.larsen36@example.com,555-010-0036,MUFFIN15,Muffin Box (4),3,15.00,4.50,3.24,43.74,
O-202609-0945-L01,O-202609-0945,1,2026-09-29T09:39:00,,,,,CAKE48,Birthday Cake,2,48.00,0.00,7.68,103.68,Call on arrival
O-202609-0945-L02,O-202609-0945,1,2026-09-29T09:39:00,,,,,GRANOLA11,Granola Jar,2,11.00,0.00,1.76,23.76,
O-202609-0945-L03,O-202609-0945,1,2026-09-29T09:39:00,,,,,BREAD9,Sourdough Loaf,1,9.00,0.00,0.72,9.72,
O-202609-0946-L01,O-202609-0946,1,2026-09-29T10:03:00,,,,,COFFEE18,Coffee Beans 1lb,2,18.00,0.00,2.88,38.88,
O-202609-0946-L02,O-202609-0946,1,2026-09-29T10:03:00,,,,,PIE32,Seasonal Pie,1,32.00,1.60,2.43,32.83,
O-202609-0946-L03,O-202609-0946,1,2026-09-29T10:03:00,,,,,GRANOLA11,Granola Jar,2,11.00,0.00,1.76,23.76,
O-202609-0947-L01,O-202609-0947,1,2026-09-29T10:06:00,C078,Owen Rahman,owen.rahman78@example.com,555-010-0078,CAKE48,Birthday Cake,2,48.00,14.40,6.53,88.13,Loyalty card CL-0078 scanned
O-202609-0947-L02,O-202609-0947,1,2026-09-29T10:06:00,C078,Owen Rahman,owen.rahman78@example.com,555-010-0078,MUFFIN15,Muffin Box (4),1,15.00,2.25,1.02,13.77,
O-202609-0948-L01,O-202609-0948,1,2026-09-29T10:21:00,C002,James Chen,james.chen2@example.com,555-010-0002,MUFFIN15,Muffin Box (4),4,15.00,0.00,4.80,64.80,
O-202609-0948-L02,O-202609-0948,1,2026-09-29T10:21:00,C002,James Chen,james.chen2@example.com,555-010-0002,COFFEE18,Coffee Beans 1lb,3,18.00,8.10,3.67,49.57,
O-202609-0948-L03,O-202609-0948,1,2026-09-29T10:21:00,C002,James Chen,james.chen2@example.com,555-010-0002,BAGUETTE5,Baguette,3,5.00,1.50,1.08,14.58,
O-202609-0949-L01,O-202609-0949,1,2026-09-29T10:46:00,C074,Samir Lopez,samir.lopez74@example.com,555-010-0074,CROISSANT21,Croissant Box (6),2,21.00,0.00,3.36,45.36,
O-202609-0949-L02,O-202609-0949,1,2026-09-29T10:46:00,C074,Samir Lopez,samir.lopez74@example.com,555-010-0074,MUFFIN15,Muffin Box (4),3,15.00,6.75,3.06,41.31,
O-202609-0949-L03,O-202609-0949,1,2026-09-29T10:46:00,C074,Samir Lopez,samir.lopez74@example.com,555-010-0074,PIE32,Seasonal Pie,1,32.00,0.00,2.56,34.56,
O-202609-0950-L01,O-202609-0950,1,2026-09-29T11:04:00,C048,Luis Rossi,luis.rossi48@example.com,555-010-0048,GRANOLA11,Granola Jar,1,11.00,0.00,0.88,11.88,Pickup after 3pm
O-202609-0950-L02,O-202609-0950,1,2026-09-29T11:04:00,C048,Luis Rossi,luis.rossi48@example.com,555-010-0048,CROISSANT21,Croissant Box (6),2,21.00,0.00,3.36,45.36,
O-202609-0951-L01,O-202609-0951,1,2026-09-29T11:10:00,C057,Sofia Park,sofia.park57@example.com,555-010-0057,CAKE48,Birthday Cake,2,48.00,0.00,7.68,103.68,
O-202609-0951-L02,O-202609-0951,1,2026-09-29T11:10:00,C057,Sofia Park,sofia.park57@example.com,555-010-0057,GRANOLA11,Granola Jar,1,11.00,0.00,0.88,11.88,
O-202609-0952-L01,O-202609-0952,1,2026-09-29T12:10:00,C030,Ethan Wright,ethan.wright30@example.com,555-010-0030,CATER120,Catering Tray,1,120.00,0.00,9.60,129.60,
O-202609-0953-L01,O-202609-0953,1,2026-09-29T13:26:00,,,,,PIE32,Seasonal Pie,1,32.00,0.00,2.56,34.56,
O-202609-0953-L02,O-202609-0953,1,2026-09-29T13:26:00,,,,,GRANOLA11,Granola Jar,4,11.00,0.00,3.52,47.52,
O-202609-0953-L03,O-202609-0953,1,2026-09-29T13:26:00,,,,,BREAD9,Sourdough Loaf,4,9.00,0.00,2.88,38.88,
O-202609-0954-L01,O-202609-0954,1,2026-09-29T13:46:00,C004,Daniel Okafor,daniel.okafor4@example.com,555-010-0004,BREAD9,Sourdough Loaf,2,9.00,0.00,1.44,19.44,
O-202609-0955-L01,O-202609-0955,1,2026-09-29T13:48:00,C010,Omar Haddad,omar.haddad10@example.com,555-010-0010,BAGUETTE5,Baguette,3,5.00,1.50,1.08,14.58,
O-202609-0956-L01,O-202609-0956,1,2026-09-29T13:58:00,C002,James Chen,james.chen2@example.com,555-010-0002,MUFFIN15,Muffin Box (4),1,15.00,0.00,1.20,16.20,Loyalty card CL-0002 scanned
O-202609-0956-L02,O-202609-0956,1,2026-09-29T13:58:00,C002,James Chen,james.chen2@example.com,555-010-0002,BAGUETTE5,Baguette,4,5.00,2.00,1.44,19.44,
O-202609-0957-L01,O-202609-0957,1,2026-09-29T14:54:00,,,,,PIE32,Seasonal Pie,2,32.00,0.00,5.12,69.12,
O-202609-0957-L02,O-202609-0957,1,2026-09-29T14:54:00,,,,,CATER120,Catering Tray,2,120.00,12.00,18.24,246.24,
O-202609-0958-L01,O-202609-0958,1,2026-09-29T15:00:00,,,,,BAGUETTE5,Baguette,2,5.00,0.00,0.80,10.80,
O-202609-0959-L01,O-202609-0959,1,2026-09-29T15:00:00,,,,,CATER120,Catering Tray,1,120.00,18.00,8.16,110.16,No nuts please
O-202609-0959-L02,O-202609-0959,1,2026-09-29T15:00:00,,,,,BAGUETTE5,Baguette,2,5.00,0.50,0.76,10.26,
O-202609-0959-L03,O-202609-0959,1,2026-09-29T15:00:00,,,,,COFFEE18,Coffee Beans 1lb,4,18.00,0.00,5.76,77.76,
O-202609-0960-L01,O-202609-0960,1,2026-09-29T15:00:00,C077,Yara Okafor,yara.okafor77@example.com,555-010-0077,CROISSANT21,Croissant Box (6),3,21.00,0.00,5.04,68.04,Loyalty card CL-0077 scanned
O-202609-0960-L02,O-202609-0960,1,2026-09-29T15:00:00,C077,Yara Okafor,yara.okafor77@example.com,555-010-0077,PIE32,Seasonal Pie,2,32.00,0.00,5.12,69.12,
O-202609-0961-L01,O-202609-0961,1,2026-09-29T15:12:00,,,,,CROISSANT21,Croissant Box (6),3,21.00,0.00,5.04,68.04,
O-202609-0961-L02,O-202609-0961,1,2026-09-29T15:12:00,,,,,COFFEE18,Coffee Beans 1lb,4,18.00,3.60,5.47,73.87,
O-202609-0961-L03,O-202609-0961,1,2026-09-29T15:12:00,,,,,PIE32,Seasonal Pie,1,32.00,3.20,2.30,31.10,
O-202609-0962-L01,O-202609-0962,1,2026-09-29T15:27:00,,,,,GRANOLA11,Granola Jar,2,11.00,2.20,1.58,21.38,
O-202609-0962-L02,O-202609-0962,1,2026-09-29T15:27:00,,,,,CAKE48,Birthday Cake,1,48.00,2.40,3.65,49.25,
O-202609-0963-L01,O-202609-0963,1,2026-09-29T15:47:00,C066,Noah Martin,noah.martin66@example.com,555-010-0066,COFFEE18,Coffee Beans 1lb,3,18.00,5.40,3.89,52.49,
O-202609-0963-L02,O-202609-0963,1,2026-09-29T15:47:00,C066,Noah Martin,noah.martin66@example.com,555-010-0066,GRANOLA11,Granola Jar,2,11.00,0.00,1.76,23.76,
O-202609-0964-L01,O-202609-0964,1,2026-09-29T15:58:00,C069,Rosa Larsen,rosa.larsen69@example.com,555-010-0069,GRANOLA11,Granola Jar,3,11.00,3.30,2.38,32.08,
O-202609-0964-L02,O-202609-0964,1,2026-09-29T15:58:00,C069,Rosa Larsen,rosa.larsen69@example.com,555-010-0069,PIE32,Seasonal Pie,2,32.00,3.20,4.86,65.66,
O-202609-0965-L01,O-202609-0965,1,2026-09-29T17:11:00,,,,,BREAD9,Sourdough Loaf,1,9.00,0.90,0.65,8.75,
O-202609-0965-L02,O-202609-0965,1,2026-09-29T17:11:00,,,,,GRANOLA11,Granola Jar,4,11.00,4.40,3.17,42.77,
O-202609-0966-L01,O-202609-0966,1,2026-09-29T17:55:00,C045,Aisha Nguyen,aisha.nguyen45@example.com,555-010-0045,CATER120,Catering Tray,2,120.00,0.00,19.20,259.20,
O-202609-0967-L01,O-202609-0967,1,2026-09-30T07:57:00,C020,Leo Moreau,leo.moreau20@example.com,555-010-0020,CROISSANT21,Croissant Box (6),1,21.00,0.00,1.68,22.68,
O-202609-0968-L01,O-202609-0968,1,2026-09-30T08:18:00,C004,Daniel Okafor,daniel.okafor4@example.com,555-010-0004,BREAD9,Sourdough Loaf,3,9.00,0.00,2.16,29.16,
O-202609-0969-L01,O-202609-0969,1,2026-09-30T08:19:00,,,,,GRANOLA11,Granola Jar,2,11.00,1.10,1.67,22.57,
O-202609-0970-L01,O-202609-0970,1,2026-09-30T09:20:00,C007,Keiko Tanaka,keiko.tanaka7@example.com,555-010-0007,CAKE48,Birthday Cake,1,48.00,2.40,3.65,49.25,
O-202609-0970-L02,O-202609-0970,1,2026-09-30T09:20:00,C007,Keiko Tanaka,keiko.tanaka7@example.com,555-010-0007,BREAD9,Sourdough Loaf,4,9.00,0.00,2.88,38.88,
O-202609-0971-L01,O-202609-0971,1,2026-09-30T09:48:00,C003,Priya Patel,priya.patel3@example.com,555-010-0003,COOKIE12,Cookie Box (12),4,12.00,7.20,3.26,44.06,Loyalty card CL-0003 scanned
O-202609-0971-L02,O-202609-0971,1,2026-09-30T09:48:00,C003,Priya Patel,priya.patel3@example.com,555-010-0003,BAGUETTE5,Baguette,2,5.00,0.00,0.80,10.80,
O-202609-0971-L03,O-202609-0971,1,2026-09-30T09:48:00,C003,Priya Patel,priya.patel3@example.com,555-010-0003,PIE32,Seasonal Pie,1,32.00,0.00,2.56,34.56,Call on arrival
O-202609-0972-L01,O-202609-0972,1,2026-09-30T09:58:00,C012,Victor Nguyen,victor.nguyen12@example.com,555-010-0012,CATER120,Catering Tray,2,120.00,0.00,19.20,259.20,
O-202609-0973-L01,O-202609-0973,1,2026-09-30T10:02:00,C023,Megan Hughes,megan.hughes23@example.com,555-010-0023,BREAD9,Sourdough Loaf,3,9.00,2.70,1.94,26.24,
O-202609-0973-L02,O-202609-0973,1,2026-09-30T10:02:00,C023,Megan Hughes,megan.hughes23@example.com,555-010-0023,MUFFIN15,Muffin Box (4),4,15.00,0.00,4.80,64.80,
O-202609-0973-L03,O-202609-0973,1,2026-09-30T10:02:00,C023,Megan Hughes,megan.hughes23@example.com,555-010-0023,COFFEE18,Coffee Beans 1lb,2,18.00,1.80,2.74,36.94,
O-202609-0974-L01,O-202609-0974,1,2026-09-30T10:03:00,C005,Aisha Rahman,aisha.rahman5@example.com,555-010-0005,CATER120,Catering Tray,2,120.00,0.00,19.20,259.20,
O-202609-0975-L01,O-202609-0975,1,2026-09-30T10:12:00,C053,Nina Moreau,nina.moreau53@example.com,555-010-0053,GRANOLA11,Granola Jar,4,11.00,0.00,3.52,47.52,
O-202609-0976-L01,O-202609-0976,1,2026-09-30T10:23:00,,,,,PIE32,Seasonal Pie,2,32.00,0.00,5.12,69.12,
O-202609-0977-L01,O-202609-0977,1,2026-09-30T10:52:00,,,,,CROISSANT21,Croissant Box (6),3,21.00,0.00,5.04,68.04,Call on arrival
O-202609-0977-L02,O-202609-0977,1,2026-09-30T10:52:00,,,,,CATER120,Catering Tray,2,120.00,0.00,19.20,259.20,
O-202609-0978-L01,O-202609-0978,1,2026-09-30T11:20:00,,,,,MUFFIN15,Muffin Box (4),2,15.00,0.00,2.40,32.40,
O-202609-0978-L02,O-202609-0978,1,2026-09-30T11:20:00,,,,,BREAD9,Sourdough Loaf,4,9.00,0.00,2.88,38.88,
O-202609-0978-L03,O-202609-0978,1,2026-09-30T11:20:00,,,,,CROISSANT21,Croissant Box (6),1,21.00,0.00,1.68,22.68,Pre-order
O-202609-0978-L04,O-202609-0978,1,2026-09-30T11:20:00,,,,,GRANOLA11,Granola Jar,1,11.00,1.10,0.79,10.69,
O-202609-0979-L01,O-202609-0979,1,2026-09-30T11:37:00,C011,Hannah Brooks,hannah.brooks11@example.com,555-010-0011,BREAD9,Sourdough Loaf,4,9.00,0.00,2.88,38.88,
O-202609-0979-L02,O-202609-0979,1,2026-09-30T11:37:00,C011,Hannah Brooks,hannah.brooks11@example.com,555-010-0011,CROISSANT21,Croissant Box (6),2,21.00,0.00,3.36,45.36,
O-202609-0980-L01,O-202609-0980,1,2026-09-30T11:48:00,,,,,MUFFIN15,Muffin Box (4),1,15.00,0.00,1.20,16.20,
O-202609-0980-L02,O-202609-0980,1,2026-09-30T11:48:00,,,,,BAGUETTE5,Baguette,4,5.00,0.00,1.60,21.60,
O-202609-0981-L01,O-202609-0981,1,2026-09-30T12:23:00,C003,Priya Patel,priya.patel3@example.com,555-010-0003,CROISSANT21,Croissant Box (6),4,21.00,0.00,6.72,90.72,
O-202609-0982-L01,O-202609-0982,1,2026-09-30T12:35:00,C030,Ethan Wright,ethan.wright30@example.com,555-010-0030,BREAD9,Sourdough Loaf,1,9.00,1.35,0.61,8.26,
O-202609-0982-L02,O-202609-0982,1,2026-09-30T12:35:00,C030,Ethan Wright,ethan.wright30@example.com,555-010-0030,MUFFIN15,Muffin Box (4),2,15.00,0.00,2.40,32.40,
O-202609-0982-L03,O-202609-0982,1,2026-09-30T12:35:00,C030,Ethan Wright,ethan.wright30@example.com,555-010-0030,GRANOLA11,Granola Jar,2,11.00,2.20,1.58,21.38,
O-202609-0983-L01,O-202609-0983,1,2026-09-30T12:35:00,C003,Priya Patel,priya.patel3@example.com,555-010-0003,CROISSANT21,Croissant Box (6),3,21.00,3.15,4.79,64.64,
O-202609-0983-L02,O-202609-0983,1,2026-09-30T12:35:00,C003,Priya Patel,priya.patel3@example.com,555-010-0003,CAKE48,Birthday Cake,1,48.00,0.00,3.84,51.84,
O-202609-0984-L01,O-202609-0984,1,2026-09-30T12:42:00,,,,,CAKE48,Birthday Cake,1,48.00,0.00,3.84,51.84,
O-202609-0984-L02,O-202609-0984,1,2026-09-30T12:42:00,,,,,COFFEE18,Coffee Beans 1lb,1,18.00,0.00,1.44,19.44,
O-202609-0985-L01,O-202609-0985,1,2026-09-30T12:58:00,C040,Kofi Quinn,kofi.quinn40@example.com,555-010-0040,CAKE48,Birthday Cake,2,48.00,0.00,7.68,103.68,
O-202609-0985-L02,O-202609-0985,1,2026-09-30T12:58:00,C040,Kofi Quinn,kofi.quinn40@example.com,555-010-0040,BAGUETTE5,Baguette,2,5.00,1.00,0.72,9.72,Repeat weekly order
O-202609-0986-L01,O-202609-0986,1,2026-09-30T13:22:00,C002,James Chen,james.chen2@example.com,555-010-0002,COFFEE18,Coffee Beans 1lb,4,18.00,0.00,5.76,77.76,
O-202609-0986-L02,O-202609-0986,1,2026-09-30T13:22:00,C002,James Chen,james.chen2@example.com,555-010-0002,MUFFIN15,Muffin Box (4),1,15.00,0.00,1.20,16.20,
O-202609-0875-L01,O-202609-0875,1,2026-09-26T15:17:00,C010,Omar Haddad,omar.haddad10@example.com,555-010-0010,GRANOLA11,Granola Jar,4,11.00,0.00,3.52,47.52,
O-202609-0986-L03,O-202609-0986,1,2026-09-30T13:22:00,C002,James Chen,james.chen2@example.com,555-010-0002,GRANOLA11,Granola Jar,1,11.00,0.00,0.88,11.88,
O-202609-0987-L01,O-202609-0987,1,2026-09-30T13:36:00,C002,James Chen,james.chen2@example.com,555-010-0002,BREAD9,Sourdough Loaf,2,9.00,2.70,1.22,16.52,
O-202609-0987-L02,O-202609-0987,1,2026-09-30T13:36:00,C002,James Chen,james.chen2@example.com,555-010-0002,COFFEE18,Coffee Beans 1lb,1,18.00,0.00,1.44,19.44,
O-202609-0987-L03,O-202609-0987,1,2026-09-30T13:36:00,C002,James Chen,james.chen2@example.com,555-010-0002,COOKIE12,Cookie Box (12),3,12.00,0.00,2.88,38.88,Call on arrival
O-202609-0987-L04,O-202609-0987,1,2026-09-30T13:36:00,C002,James Chen,james.chen2@example.com,555-010-0002,BAGUETTE5,Baguette,4,5.00,1.00,1.52,20.52,
O-202609-0988-L01,O-202609-0988,1,2026-09-30T13:45:00,C039,Lucia Sato,lucia.sato39@example.com,555-010-0039,BREAD9,Sourdough Loaf,1,9.00,0.00,0.72,9.72,Pre-order
O-202609-0988-L02,O-202609-0988,1,2026-09-30T13:45:00,C039,Lucia Sato,lucia.sato39@example.com,555-010-0039,PIE32,Seasonal Pie,2,32.00,0.00,5.12,69.12,
O-202609-0989-L01,O-202609-0989,1,2026-09-30T13:59:00,,,,,CATER120,Catering Tray,1,120.00,6.00,9.12,123.12,
O-202609-0989-L02,O-202609-0989,1,2026-09-30T13:59:00,,,,,MUFFIN15,Muffin Box (4),4,15.00,9.00,4.08,55.08,
O-202609-0989-L03,O-202609-0989,1,2026-09-30T13:59:00,,,,,CAKE48,Birthday Cake,2,48.00,0.00,7.68,103.68,
O-202609-0990-L01,O-202609-0990,1,2026-09-30T14:00:00,,,,,MUFFIN15,Muffin Box (4),4,15.00,0.00,4.80,64.80,
O-202609-0990-L02,O-202609-0990,1,2026-09-30T14:00:00,,,,,PIE32,Seasonal Pie,2,32.00,3.20,4.86,65.66,
O-202609-0991-L01,O-202609-0991,1,2026-09-30T14:36:00,C003,Priya Patel,priya.patel3@example.com,555-010-0003,PIE32,Seasonal Pie,1,32.00,3.20,2.30,31.10,
O-202609-0991-L02,O-202609-0991,1,2026-09-30T14:36:00,C003,Priya Patel,priya.patel3@example.com,555-010-0003,CATER120,Catering Tray,1,120.00,0.00,9.60,129.60,
O-202609-0991-L03,O-202609-0991,1,2026-09-30T14:36:00,C003,Priya Patel,priya.patel3@example.com,555-010-0003,GRANOLA11,Granola Jar,4,11.00,0.00,3.52,47.52,
O-202609-0992-L01,O-202609-0992,1,2026-09-30T15:07:00,C047,Keiko Iyer,keiko.iyer47@example.com,555-010-0047,CROISSANT21,Croissant Box (6),4,21.00,0.00,6.72,90.72,
O-202609-0992-L02,O-202609-0992,1,2026-09-30T15:07:00,C047,Keiko Iyer,keiko.iyer47@example.com,555-010-0047,BAGUETTE5,Baguette,2,5.00,0.00,0.80,10.80,Birthday pickup
O-202609-0993-L01,O-202609-0993,1,2026-09-30T15:36:00,C060,Leo Dubois,leo.dubois60@example.com,555-010-0060,CAKE48,Birthday Cake,2,48.00,9.60,6.91,93.31,
O-202609-0994-L01,O-202609-0994,1,2026-09-30T16:13:00,C054,Ravi Reed,ravi.reed54@example.com,555-010-0054,CATER120,Catering Tray,1,120.00,0.00,9.60,129.60,
O-202609-0995-L01,O-202609-0995,1,2026-09-30T16:57:00,C002,James Chen,james.chen2@example.com,555-010-0002,MUFFIN15,Muffin Box (4),1,15.00,0.00,1.20,16.20,
O-202609-0995-L02,O-202609-0995,1,2026-09-30T16:57:00,C002,James Chen,james.chen2@example.com,555-010-0002,CAKE48,Birthday Cake,1,48.00,7.20,3.26,44.06,
O-202609-0995-L03,O-202609-0995,1,2026-09-30T16:57:00,C002,James Chen,james.chen2@example.com,555-010-0002,CROISSANT21,Croissant Box (6),3,21.00,6.30,4.54,61.24,
O-202609-0171-L01,O-202609-0171,2,2026-09-06T12:03:00,C065,Zara Ramos,zara.ramos65@example.com,555-010-0065,PIE32,Seasonal Pie,2,32.00,0.00,5.12,69.12,
O-202609-0996-L01,O-202609-0996,1,2026-09-30T17:20:00,,,,,MUFFIN15,Muffin Box (4),2,15.00,1.50,2.28,30.78,
O-202609-0996-L02,O-202609-0996,1,2026-09-30T17:20:00,,,,,BAGUETTE5,Baguette,3,5.00,0.00,1.20,16.20,
O-202609-0996-L03,O-202609-0996,1,2026-09-30T17:20:00,,,,,BREAD9,Sourdough Loaf,3,9.00,0.00,2.16,29.16,
O-202609-0996-L04,O-202609-0996,1,2026-09-30T17:20:00,,,,,PIE32,Seasonal Pie,1,32.00,0.00,2.56,34.56,
O-202609-0997-L01,O-202609-0997,1,2026-09-30T17:33:00,C065,Zara Ramos,zara.ramos65@example.com,555-010-0065,BREAD9,Sourdough Loaf,4,9.00,1.80,2.74,36.94,Call on arrival
O-202609-0997-L02,O-202609-0997,1,2026-09-30T17:33:00,C065,Zara Ramos,zara.ramos65@example.com,555-010-0065,CATER120,Catering Tray,2,120.00,36.00,16.32,220.32,
O-202609-0998-L01,O-202609-0998,1,2026-09-30T17:33:00,C026,Noah Evans,noah.evans26@example.com,555-010-0026,BREAD9,Sourdough Loaf,3,9.00,0.00,2.16,29.16,
O-202609-0998-L02,O-202609-0998,1,2026-09-30T17:33:00,C026,Noah Evans,noah.evans26@example.com,555-010-0026,CATER120,Catering Tray,1,120.00,6.00,9.12,123.12,
O-202609-0999-L01,O-202609-0999,1,2026-09-30T17:38:00,C003,Priya Patel,priya.patel3@example.com,555-010-0003,COOKIE12,Cookie Box (12),1,12.00,0.00,0.96,12.96,
O-202609-0999-L02,O-202609-0999,1,2026-09-30T17:38:00,C003,Priya Patel,priya.patel3@example.com,555-010-0003,COFFEE18,Coffee Beans 1lb,4,18.00,0.00,5.76,77.76,
O-202609-0999-L03,O-202609-0999,1,2026-09-30T17:38:00,C003,Priya Patel,priya.patel3@example.com,555-010-0003,CAKE48,Birthday Cake,2,48.00,0.00,7.68,103.68,
O-202609-1000-L01,O-202609-1000,1,2026-09-30T17:56:00,,,,,BREAD9,Sourdough Loaf,1,9.00,0.00,0.72,9.72,
O-202609-1000-L02,O-202609-1000,1,2026-09-30T17:56:00,,,,,CAKE48,Birthday Cake,2,48.00,4.80,7.30,98.50,
