order_id,ordered_at,customer_key,canonical_customer,method,candidates,raw_names,raw_emails,raw_phones
O-202608-0406,2026-08-13T14:30:00,C062,Carlos Mendes,customer ID,C062,Carlos Mendes,carlos.mendes62@example.com,555-010-0062
O-202608-0433,2026-08-14T10:10:00,C080,Kofi Tanaka,customer ID,C080,Kofi Tanaka,kofi.tanaka80@example.com,555-010-0080
O-202608-0762,2026-08-24T15:10:00,C029,Rosa Mendes,customer ID,C029,Rosa Mendes,rosa.mendes29@example.com,555-010-0029
O-202608-0913,2026-08-29T07:37:00,C024,Theo Park,customer ID,C024,Theo Park,theo.park24@example.com,555-010-0024
O-202608-0916,2026-08-29T10:03:00,C075,Ada Chen,customer ID,C075,Ada Chen,ada.chen75@example.com,555-010-0075
O-202608-0918,2026-08-29T11:23:00,WALK-IN,WALK-IN,No identifying evidence,,,,
O-202608-0920,2026-08-29T12:33:00,WALK-IN,WALK-IN,No identifying evidence,,,,
O-202608-0921,2026-08-29T12:38:00,C051,Hannah Fischer,customer ID,C051,Hannah Fischer,hannah.fischer51@example.com,555-010-0051
O-202608-0922,2026-08-29T12:39:00,C005,Aisha Rahman,customer ID,C005,Aisha Rahman,aisha.rahman5@example.com,555-010-0005
O-202608-0924,2026-08-29T15:56:00,C012,Victor Nguyen,customer ID,C012,Victor Nguyen,victor.nguyen12@example.com,555-010-0012
O-202609-0674,2026-09-21T10:43:00,C012,Victor Nguyen,customer ID,C012,Victor Nguyen,victor.nguyen12@example.com,555-010-0012
O-202608-0925,2026-08-29T16:43:00,C023,Megan Hughes,customer ID,C023,Megan Hughes,megan.hughes23@example.com,555-010-0023
O-202608-0926,2026-08-29T17:14:00,C069,Rosa Larsen,customer ID,C069,Rosa Larsen,rosa.larsen69@example.com,555-010-0069
O-202608-0927,2026-08-29T17:25:00,C002,James Chen,customer ID,C002,James Chen,james.chen2@example.com,555-010-0002
O-202608-0945,2026-08-30T07:40:00,WALK-IN,WALK-IN,No identifying evidence,,,,
O-202608-0946,2026-08-30T08:04:00,C069,Rosa Larsen,customer ID,C069,Rosa Larsen,rosa.larsen69@example.com,555-010-0069
O-202608-0947,2026-08-30T08:52:00,C026,Noah Evans,customer ID,C026,Noah Evans,noah.evans26@example.com,555-010-0026
O-202608-0948,2026-08-30T09:49:00,C053,Nina Moreau,customer ID,C053,Nina Moreau,nina.moreau53@example.com,555-010-0053
O-202608-0950,2026-08-30T11:13:00,C004,Daniel Okafor,customer ID,C004,Daniel Okafor,daniel.okafor4@example.com,555-010-0004
O-202608-0953,2026-08-30T13:21:00,C008,Luis Garcia,customer ID,C008,Luis Garcia,luis.garcia8@example.com,555-010-0008
O-202608-0957,2026-08-30T16:18:00,C048,Luis Rossi,customer ID,C048,Luis Rossi,luis.rossi48@example.com,555-010-0048
O-202608-0958,2026-08-30T16:46:00,C040,Kofi Quinn,customer ID,C040,Kofi Quinn,kofi.quinn40@example.com,555-010-0040
O-202608-0977,2026-08-31T07:30:00,C011,Hannah Brooks,customer ID,C011,Hannah Brooks,hannah.brooks11@example.com,555-010-0011
O-202608-0986,2026-08-31T14:04:00,C012,Victor Nguyen,customer ID,C012,Victor Nguyen,victor.nguyen12@example.com,555-010-0012
O-202608-0987,2026-08-31T14:07:00,C037,Yara Mensah,customer ID,C037,Yara Mensah,yara.mensah37@example.com,555-010-0037
O-202608-0988,2026-08-31T14:11:00,C009,Grace Kim,customer ID,C009,Grace Kim,grace.kim9@example.com,555-010-0009
O-202608-0989,2026-08-31T14:24:00,C003,Priya Patel,customer ID,C003,Priya Patel,priya.patel3@example.com,555-010-0003
O-202608-0990,2026-08-31T16:49:00,C046,Tom Petrov,customer ID,C046,Tom Petrov,tom.petrov46@example.com,555-010-0046
O-202608-0991,2026-08-31T16:55:00,C004,Daniel Okafor,customer ID,C004,Daniel Okafor,daniel.okafor4@example.com,555-010-0004
O-202608-0992,2026-08-31T17:26:00,C044,Daniel Brooks,customer ID,C044,Daniel Brooks,daniel.brooks44@example.com,555-010-0044
O-202609-0001,2026-09-01T07:03:00,C004,Daniel Okafor,customer ID,C004,Daniel Okafor,daniel.okafor4@example.com,555-010-0004
O-202609-0002,2026-09-01T07:09:00,C007,Keiko Tanaka,customer ID,C007,Keiko Tanaka,keiko.tanaka7@example.com,555-010-0007
O-202609-0003,2026-09-01T07:34:00,WALK-IN,WALK-IN,No identifying evidence,,,,
O-202609-0004,2026-09-01T08:29:00,C016,Marcus Bell,customer ID,C016,Marcus Bell,marcus.bell16@example.com,555-010-0016
O-202609-0005,2026-09-01T08:36:00,C018,Ben Fischer,customer ID,C018,Ben Fischer,ben.fischer18@example.com,555-010-0018
O-202609-0006,2026-09-01T08:47:00,C011,Hannah Brooks,customer ID,C011,Hannah Brooks,hannah.brooks11@example.com,555-010-0011
O-202609-0007,2026-09-01T09:09:00,WALK-IN,WALK-IN,No identifying evidence,,,,
O-202609-0008,2026-09-01T09:11:00,C028,Jonah Grant,customer ID,C028,Jonah Grant,jonah.grant28@example.com,555-010-0028
O-202609-0009,2026-09-01T09:12:00,C072,Diego Sato,customer ID,C072,Diego Sato,diego.sato72@example.com,555-010-0072
O-202609-0010,2026-09-01T09:34:00,C030,Ethan Wright,customer ID,C030,Ethan Wright,ethan.wright30@example.com,555-010-0030
O-202609-0011,2026-09-01T10:07:00,C067,Lily Shah,customer ID,C067,Lily Shah,lily.shah67@example.com,555-010-0067
O-202609-0012,2026-09-01T10:30:00,C005,Aisha Rahman,customer ID,C005,Aisha Rahman,aisha.rahman5@example.com,555-010-0005
O-202609-0013,2026-09-01T10:41:00,C002,James Chen,customer ID,C002,James Chen,james.chen2@example.com,555-010-0002
O-202609-0014,2026-09-01T10:44:00,C073,Chloe Quinn,customer ID,C073,Chloe Quinn,chloe.quinn73@example.com,555-010-0073
O-202609-0015,2026-09-01T11:22:00,C035,Ada Novak,customer ID,C035,Ada Novak,ada.novak35@example.com,555-010-0035
O-202609-0016,2026-09-01T11:22:00,C026,Noah Evans,customer ID,C026,Noah Evans,noah.evans26@example.com,555-010-0026
O-202609-0017,2026-09-01T11:49:00,C043,Priya Haddad,customer ID,C043,Priya Haddad,priya.haddad43@example.com,555-010-0043
O-202609-0018,2026-09-01T12:12:00,WALK-IN,WALK-IN,No identifying evidence,,,,
O-202609-0019,2026-09-01T12:51:00,C004,Daniel Okafor,customer ID,C004,Daniel Okafor,daniel.okafor4@example.com,555-010-0004
O-202609-0020,2026-09-01T12:59:00,C035,Ada Novak,customer ID,C035,Ada Novak,ada.novak35@example.com,555-010-0035
O-202609-0021,2026-09-01T13:04:00,C024,Theo Park,customer ID,C024,Theo Park,theo.park24@example.com,555-010-0024
O-202609-0022,2026-09-01T13:58:00,C005,Aisha Rahman,customer ID,C005,Aisha Rahman,aisha.rahman5@example.com,555-010-0005
O-202609-0023,2026-09-01T14:42:00,WALK-IN,WALK-IN,No identifying evidence,,,,
O-202609-0024,2026-09-01T14:56:00,C010,Omar Haddad,customer ID,C010,Omar Haddad,omar.haddad10@example.com,555-010-0010
O-202609-0025,2026-09-01T15:05:00,C074,Samir Lopez,customer ID,C074,Samir Lopez,samir.lopez74@example.com,555-010-0074
O-202609-0026,2026-09-01T15:09:00,C021,Ivy Reed,customer ID,C021,Ivy Reed,ivy.reed21@example.com,555-010-0021
O-202609-0027,2026-09-01T15:48:00,UNRESOLVED,UNRESOLVED,Conflicting contacts,C055; C065,,zara.ramos65@example.com,555-010-0055
O-202609-0028,2026-09-01T15:48:00,C009,Grace Kim,customer ID,C009,Grace Kim,grace.kim9@example.com,555-010-0009
O-202609-0029,2026-09-01T16:03:00,C055,Elena Silva,customer ID,C055,Elena Silva,elena.silva55@example.com,555-010-0055
O-202609-0030,2026-09-01T16:19:00,WALK-IN,WALK-IN,No identifying evidence,,,,
O-202609-0031,2026-09-01T16:44:00,C001,Maria Lopez,customer ID,C001,Maria Lopez,maria.lopez1@example.com,555-010-0001
O-202609-0032,2026-09-01T16:57:00,C004,Daniel Okafor,customer ID,C004,Daniel Okafor,daniel.okafor4@example.com,555-010-0004
O-202609-0033,2026-09-01T16:59:00,C016,Marcus Bell,customer ID,C016,Marcus Bell,marcus.bell16@example.com,555-010-0016
O-202609-0034,2026-09-01T17:47:00,C021,Ivy Reed,customer ID,C021,Ivy Reed,ivy.reed21@example.com,555-010-0021
O-202609-0035,2026-09-01T17:59:00,C001,Maria Lopez,customer ID,C001,Maria Lopez,maria.lopez1@example.com,555-010-0001
O-202609-0036,2026-09-02T07:49:00,C029,Rosa Mendes,customer ID,C029,Rosa Mendes,rosa.mendes29@example.com,555-010-0029
O-202609-0037,2026-09-02T08:10:00,C002,James Chen,customer ID,C002,James Chen,james.chen2@example.com,555-010-0002
O-202609-0038,2026-09-02T08:11:00,C018,Ben Fischer,customer ID,C018,Ben Fischer,ben.fischer18@example.com,555-010-0018
O-202609-0039,2026-09-02T08:17:00,C054,Ravi Reed,customer ID,C054,Ravi Reed,ravi.reed54@example.com,555-010-0054
O-202609-0040,2026-09-02T08:30:00,C005,Aisha Rahman,customer ID,C005,Aisha Rahman,aisha.rahman5@example.com,555-010-0005
O-202609-0041,2026-09-02T08:31:00,WALK-IN,WALK-IN,No identifying evidence,,,,
O-202609-0042,2026-09-02T08:41:00,C029,Rosa Mendes,customer ID,C029,Rosa Mendes,rosa.mendes29@example.com,555-010-0029
O-202609-0043,2026-09-02T09:32:00,C001,Maria Lopez,customer ID,C001,Maria Lopez,maria.lopez1@example.com,555-010-0001
O-202609-0044,2026-09-02T11:05:00,C002,James Chen,customer ID,C002,James Chen,james.chen2@example.com,555-010-0002
O-202609-0045,2026-09-02T11:30:00,C009,Grace Kim,customer ID,C009,Grace Kim,grace.kim9@example.com,555-010-0009
O-202609-0046,2026-09-02T11:53:00,WALK-IN,WALK-IN,No identifying evidence,,,,
O-202609-0047,2026-09-02T12:06:00,C002,James Chen,customer ID,C002,James Chen,james.chen2@example.com,555-010-0002
O-202609-0048,2026-09-02T12:08:00,WALK-IN,WALK-IN,No identifying evidence,,,,
O-202609-0049,2026-09-02T12:58:00,C034,Samir Shah,customer ID,C034,Samir Shah,samir.shah34@example.com,555-010-0034
O-202609-0050,2026-09-02T13:02:00,C043,Priya Haddad,customer ID,C043,Priya Haddad,priya.haddad43@example.com,555-010-0043
O-202609-0051,2026-09-02T13:15:00,C005,Aisha Rahman,customer ID,C005,Aisha Rahman,aisha.rahman5@example.com,555-010-0005
O-202609-0052,2026-09-02T13:38:00,C012,Victor Nguyen,customer ID,C012,Victor Nguyen,victor.nguyen12@example.com,555-010-0012
O-202609-0053,2026-09-02T13:44:00,C004,Daniel Okafor,customer ID,C004,Daniel Okafor,daniel.okafor4@example.com,555-010-0004
O-202609-0054,2026-09-02T13:51:00,WALK-IN,WALK-IN,No identifying evidence,,,,
O-202609-0055,2026-09-02T14:28:00,C024,Theo Park,customer ID,C024,Theo Park,theo.park24@example.com,555-010-0024
O-202609-0056,2026-09-02T14:40:00,C006,Tom Walsh,customer ID,C006,Tom Walsh,tom.walsh6@example.com,555-010-0006
O-202609-0057,2026-09-02T15:01:00,C001,Maria Lopez,customer ID,C001,Maria Lopez,maria.lopez1@example.com,555-010-0001
O-202609-0058,2026-09-02T15:25:00,C011,Hannah Brooks,customer ID,C011,Hannah Brooks,hannah.brooks11@example.com,555-010-0011
O-202609-0059,2026-09-02T15:26:00,C004,Daniel Okafor,customer ID,C004,Daniel Okafor,daniel.okafor4@example.com,555-010-0004
O-202609-0060,2026-09-02T15:28:00,C057,Sofia Park,customer ID,C057,Sofia Park,sofia.park57@example.com,555-010-0057
O-202609-0061,2026-09-02T15:32:00,C012,Victor Nguyen,customer ID,C012,Victor Nguyen,victor.nguyen12@example.com,555-010-0012
O-202609-0062,2026-09-02T15:59:00,C047,Keiko Iyer,customer ID,C047,Keiko Iyer,keiko.iyer47@example.com,555-010-0047
O-202609-0063,2026-09-02T16:33:00,C069,Rosa Larsen,customer ID,C069,Rosa Larsen,rosa.larsen69@example.com,555-010-0069
O-202609-0064,2026-09-02T16:36:00,C073,Chloe Quinn,customer ID,C073,Chloe Quinn,chloe.quinn73@example.com,555-010-0073
O-202609-0065,2026-09-02T17:05:00,C025,Zara Khan,customer ID,C025,Zara Khan,zara.khan25@example.com,555-010-0025
O-202609-0066,2026-09-02T17:48:00,C048,Luis Rossi,customer ID,C048,Luis Rossi,luis.rossi48@example.com,555-010-0048
O-202609-0067,2026-09-03T07:15:00,C016,Marcus Bell,customer ID,C016,Marcus Bell,marcus.bell16@example.com,555-010-0016
O-202609-0496,2026-09-15T16:25:00,C071,Mei Byrne,customer ID,C071,Mei Byrne,mei.byrne71@example.com,555-010-0071
O-202609-0068,2026-09-03T07:21:00,C007,Keiko Tanaka,customer ID,C007,Keiko Tanaka,keiko.tanaka7@example.com,555-010-0007
O-202609-0069,2026-09-03T07:45:00,C046,Tom Petrov,loyalty reference,C046,,,
O-202609-0070,2026-09-03T07:47:00,C050,Omar Costa,customer ID,C050,Omar Costa,omar.costa50@example.com,555-010-0050
O-202609-0071,2026-09-03T08:11:00,C003,Priya Patel,customer ID,C003,Priya Patel,priya.patel3@example.com,555-010-0003
O-202609-0072,2026-09-03T08:15:00,C003,Priya Patel,customer ID,C003,Priya Patel,priya.patel3@example.com,555-010-0003
O-202609-0073,2026-09-03T08:33:00,C003,Priya Patel,customer ID,C003,Priya Patel,priya.patel3@example.com,555-010-0003
O-202609-0074,2026-09-03T09:15:00,C048,Luis Rossi,customer ID,C048,Luis Rossi,luis.rossi48@example.com,555-010-0048
O-202609-0075,2026-09-03T09:44:00,C003,Priya Patel,customer ID,C003,Priya Patel,priya.patel3@example.com,555-010-0003
O-202609-0076,2026-09-03T10:28:00,C009,Grace Kim,customer ID,C009,Grace Kim,grace.kim9@example.com,555-010-0009
O-202609-0077,2026-09-03T10:37:00,C020,Leo Moreau,customer ID,C020,Leo Moreau,leo.moreau20@example.com,555-010-0020
O-202609-0078,2026-09-03T10:43:00,C001,Maria Lopez,customer ID,C001,Maria Lopez,maria.lopez1@example.com,555-010-0001
O-202609-0079,2026-09-03T11:19:00,WALK-IN,WALK-IN,No identifying evidence,,,,
O-202609-0080,2026-09-03T12:03:00,C012,Victor Nguyen,customer ID,C012,Victor Nguyen,victor.nguyen12@example.com,555-010-0012
O-202609-0081,2026-09-03T12:39:00,C002,James Chen,customer ID,C002,James Chen,james.chen2@example.com,555-010-0002
O-202609-0082,2026-09-03T13:24:00,C001,Maria Lopez,customer ID,C001,Maria Lopez,maria.lopez1@example.com,555-010-0001
O-202609-0083,2026-09-03T13:29:00,C005,Aisha Rahman,customer ID,C005,Aisha Rahman,aisha.rahman5@example.com,555-010-0005
O-202609-0084,2026-09-03T13:43:00,C061,Ivy Grant,customer ID,C061,Ivy Grant,ivy.grant61@example.com,555-010-0061
O-202609-0085,2026-09-03T14:38:00,C050,Omar Costa,customer ID,C050,Omar Costa,omar.costa50@example.com,555-010-0050
O-202609-0086,2026-09-03T14:52:00,WALK-IN,WALK-IN,No identifying evidence,,,,
O-202609-0087,2026-09-03T15:28:00,C038,Owen Byrne,customer ID,C038,Owen Byrne,owen.byrne38@example.com,555-010-0038
O-202609-0088,2026-09-03T15:47:00,C026,Noah Evans,customer ID,C026,Noah Evans,noah.evans26@example.com,555-010-0026
O-202609-0089,2026-09-03T16:26:00,C008,Luis Garcia,customer ID,C008,Luis Garcia,luis.garcia8@example.com,555-010-0008
O-202609-0090,2026-09-03T16:47:00,C005,Aisha Rahman,customer ID,C005,Aisha Rahman,aisha.rahman5@example.com,555-010-0005
O-202609-0091,2026-09-03T16:47:00,C005,Aisha Rahman,customer ID,C005,Aisha Rahman,aisha.rahman5@example.com,555-010-0005
O-202609-0092,2026-09-03T17:35:00,C001,Maria Lopez,customer ID,C001,Maria Lopez,maria.lopez1@example.com,555-010-0001
O-202609-0093,2026-09-03T17:54:00,C004,Daniel Okafor,customer ID,C004,Daniel Okafor,daniel.okafor4@example.com,555-010-0004
O-202609-0094,2026-09-03T17:59:00,C006,Tom Walsh,customer ID,C006,Tom Walsh,tom.walsh6@example.com,555-010-0006
O-202609-0095,2026-09-04T07:07:00,C011,Hannah Brooks,customer ID,C011,Hannah Brooks,hannah.brooks11@example.com,555-010-0011
O-202609-0096,2026-09-04T07:38:00,C008,Luis Garcia,customer ID,C008,Luis Garcia,luis.garcia8@example.com,555-010-0008
O-202609-0097,2026-09-04T07:44:00,C018,Ben Fischer,customer ID,C018,Ben Fischer,ben.fischer18@example.com,555-010-0018
O-202609-0098,2026-09-04T08:11:00,C004,Daniel Okafor,customer ID,C004,Daniel Okafor,daniel.okafor4@example.com,555-010-0004
O-202609-0099,2026-09-04T08:52:00,C049,Grace Bell,customer ID,C049,Grace Bell,grace.bell49@example.com,555-010-0049
O-202609-0100,2026-09-04T08:55:00,C010,Omar Haddad,customer ID,C010,Omar Haddad,omar.haddad10@example.com,555-010-0010
O-202609-0101,2026-09-04T09:04:00,C032,Diego Ramos,customer ID,C032,Diego Ramos,diego.ramos32@example.com,555-010-0032
O-202609-0102,2026-09-04T09:10:00,WALK-IN,WALK-IN,No identifying evidence,,,,
O-202609-0103,2026-09-04T09:29:00,C001,Maria Lopez,customer ID,C001,Maria Lopez,maria.lopez1@example.com,555-010-0001
O-202609-0104,2026-09-04T10:08:00,C007,Keiko Tanaka,customer ID,C007,Keiko Tanaka,keiko.tanaka7@example.com,555-010-0007
O-202609-0105,2026-09-04T10:09:00,C009,Grace Kim,customer ID,C009,Grace Kim,grace.kim9@example.com,555-010-0009
O-202609-0106,2026-09-04T11:34:00,C026,Noah Evans,customer ID,C026,Noah Evans,noah.evans26@example.com,555-010-0026
O-202609-0107,2026-09-04T11:42:00,WALK-IN,WALK-IN,No identifying evidence,,,,
O-202609-0108,2026-09-04T12:02:00,C003,Priya Patel,customer ID,C003,Priya Patel,priya.patel3@example.com,555-010-0003
O-202609-0109,2026-09-04T12:03:00,C011,Hannah Brooks,customer ID,C011,Hannah Brooks,hannah.brooks11@example.com,555-010-0011
O-202609-0110,2026-09-04T12:57:00,C034,Samir Shah,customer ID,C034,Samir Shah,samir.shah34@example.com,555-010-0034
O-202609-0111,2026-09-04T13:01:00,C011,Hannah Brooks,customer ID,C011,Hannah Brooks,hannah.brooks11@example.com,555-010-0011
O-202609-0112,2026-09-04T13:08:00,C010,Omar Haddad,customer ID,C010,Omar Haddad,omar.haddad10@example.com,555-010-0010
O-202609-0113,2026-09-04T13:09:00,C001,Maria Lopez,customer ID,C001,Maria Lopez,maria.lopez1@example.com,555-010-0001
O-202609-0114,2026-09-04T13:50:00,C017,Sofia Costa,customer ID,C017,Sofia Costa,sofia.costa17@example.com,555-010-0017
O-202609-0115,2026-09-04T14:28:00,C065,Zara Ramos,customer ID,C065,Zara Ramos,zara.ramos65@example.com,555-010-0065
O-202609-0116,2026-09-04T14:47:00,C079,Lucia Walsh,customer ID,C079,Lucia Walsh,lucia.walsh79@example.com,555-010-0079
O-202609-0117,2026-09-04T14:56:00,C007,Keiko Tanaka,customer ID,C007,Keiko Tanaka,keiko.tanaka7@example.com,555-010-0007
O-202609-0118,2026-09-04T15:13:00,C053,Nina Moreau,customer ID,C053,Nina Moreau,nina.moreau53@example.com,555-010-0053
O-202609-0119,2026-09-04T15:14:00,C030,Ethan Wright,customer ID,C030,Ethan Wright,ethan.wright30@example.com,555-010-0030
O-202609-0120,2026-09-04T15:14:00,C005,Aisha Rahman,customer ID,C005,Aisha Rahman,aisha.rahman5@example.com,555-010-0005
O-202609-0121,2026-09-04T15:19:00,C010,Omar Haddad,customer ID,C010,Omar Haddad,omar.haddad10@example.com,555-010-0010
O-202609-0122,2026-09-04T15:24:00,C002,James Chen,exact normalized contact/name evidence,C002,James Chen,james.chen2@exmaple.com,(555) 010-0002
O-202609-0123,2026-09-04T16:41:00,C010,Omar Haddad,customer ID,C010,Omar Haddad,omar.haddad10@example.com,555-010-0010
O-202609-0124,2026-09-04T16:42:00,C004,Daniel Okafor,customer ID,C004,Daniel Okafor,daniel.okafor4@example.com,555-010-0004
O-202609-0125,2026-09-04T16:49:00,C001,Maria Lopez,customer ID,C001,Maria Lopez,maria.lopez1@example.com,555-010-0001
O-202609-0126,2026-09-04T17:33:00,C060,Leo Dubois,customer ID,C060,Leo Dubois,leo.dubois60@example.com,555-010-0060
O-202609-0127,2026-09-04T17:40:00,C002,James Chen,customer ID,C002,James Chen,james.chen2@example.com,555-010-0002
O-202609-0128,2026-09-05T07:12:00,C032,Diego Ramos,customer ID,C032,Diego Ramos,diego.ramos32@example.com,555-010-0032
O-202609-0129,2026-09-05T07:53:00,C013,Nina Petrov,customer ID,C013,Nina Petrov,nina.petrov13@example.com,555-010-0013
O-202609-0130,2026-09-05T08:09:00,C011,Hannah Brooks,customer ID,C011,Hannah Brooks,hannah.brooks11@example.com,555-010-0011
O-202609-0131,2026-09-05T08:29:00,C039,Lucia Sato,customer ID,C039,Lucia Sato,lucia.sato39@example.com,555-010-0039
O-202609-0132,2026-09-05T08:47:00,C031,Mei Liu,customer ID,C031,Mei Liu,mei.liu31@example.com,555-010-0031
O-202609-0133,2026-09-05T09:34:00,C019,Fatima Ali,customer ID,C019,Fatima Ali,fatima.ali19@example.com,555-010-0019
O-202609-0753,2026-09-23T14:47:00,C002,James Chen,customer ID,C002,James Chen,james.chen2@example.com,555-010-0002
O-202609-0134,2026-09-05T10:30:00,C061,Ivy Grant,customer ID,C061,Ivy Grant,ivy.grant61@example.com,555-010-0061
O-202609-0135,2026-09-05T10:55:00,C003,Priya Patel,customer ID,C003,Priya Patel,priya.patel3@example.com,555-010-0003
O-202609-0136,2026-09-05T11:20:00,C003,Priya Patel,customer ID,C003,Priya Patel,priya.patel3@example.com,555-010-0003
O-202609-0137,2026-09-05T12:10:00,C010,Omar Haddad,customer ID,C010,Omar Haddad,omar.haddad10@example.com,555-010-0010
O-202609-0138,2026-09-05T12:51:00,C069,Rosa Larsen,customer ID,C069,Rosa Larsen,rosa.larsen69@example.com,555-010-0069
O-202609-0743,2026-09-23T12:24:00,C002,James Chen,customer ID,C002,James Chen,james.chen2@example.com,555-010-0002
O-202609-0139,2026-09-05T13:14:00,C001,Maria Lopez,customer ID,C001,Maria Lopez,maria.lopez1@example.com,555-010-0001
O-202609-0140,2026-09-05T13:33:00,WALK-IN,WALK-IN,No identifying evidence,,,,
O-202609-0141,2026-09-05T13:40:00,WALK-IN,WALK-IN,No identifying evidence,,,,
O-202609-0142,2026-09-05T14:10:00,C007,Keiko Tanaka,customer ID,C007,Keiko Tanaka,keiko.tanaka7@example.com,555-010-0007
O-202609-0143,2026-09-05T14:35:00,WALK-IN,WALK-IN,No identifying evidence,,,,
O-202609-0144,2026-09-05T15:09:00,C002,James Chen,customer ID,C002,James Chen,james.chen2@example.com,555-010-0002
O-202609-0145,2026-09-05T15:21:00,C029,Rosa Mendes,loyalty reference,C029,,,
O-202609-0146,2026-09-05T15:57:00,C032,Diego Ramos,customer ID,C032,Diego Ramos,diego.ramos32@example.com,555-010-0032
O-202609-0147,2026-09-05T16:06:00,WALK-IN,WALK-IN,No identifying evidence,,,,
O-202609-0148,2026-09-05T16:45:00,C002,James Chen,customer ID,C002,James Chen,james.chen2@example.com,555-010-0002
O-202609-0149,2026-09-05T16:47:00,C009,Grace Kim,loyalty reference,C009,,,
O-202609-0150,2026-09-05T17:37:00,WALK-IN,WALK-IN,No identifying evidence,,,,
O-202609-0151,2026-09-05T17:50:00,C055,Elena Silva,customer ID,C055,Elena Silva,elena.silva55@example.com,555-010-0055
O-202609-0152,2026-09-06T07:07:00,C001,Maria Lopez,customer ID,C001,Maria Lopez,maria.lopez1@example.com,555-010-0001
O-202609-0153,2026-09-06T07:27:00,C021,Ivy Reed,customer ID,C021,Ivy Reed,ivy.reed21@example.com,555-010-0021
O-202609-0154,2026-09-06T07:30:00,WALK-IN,WALK-IN,No identifying evidence,,,,
O-202609-0155,2026-09-06T07:33:00,C016,Marcus Bell,customer ID,C016,Marcus Bell,marcus.bell16@example.com,555-010-0016
O-202609-0156,2026-09-06T07:44:00,C029,Rosa Mendes,customer ID,C029,Rosa Mendes,rosa.mendes29@example.com,555-010-0029
O-202609-0157,2026-09-06T08:07:00,C010,Omar Haddad,customer ID,C010,Omar Haddad,omar.haddad10@example.com,555-010-0010
O-202609-0158,2026-09-06T08:22:00,C062,Carlos Mendes,customer ID,C062,Carlos Mendes,carlos.mendes62@example.com,555-010-0062
O-202609-0159,2026-09-06T08:24:00,C076,Felix Patel,customer ID,C076,Felix Patel,felix.patel76@example.com,555-010-0076
O-202609-0160,2026-09-06T08:25:00,C003,Priya Patel,customer ID,C003,Priya Patel,priya.patel3@example.com,555-010-0003
O-202609-0161,2026-09-06T08:36:00,C010,Omar Haddad,customer ID,C010,Omar Haddad,omar.haddad10@example.com,555-010-0010
O-202609-0162,2026-09-06T08:51:00,WALK-IN,WALK-IN,No identifying evidence,,,,
O-202609-0163,2026-09-06T09:04:00,C004,Daniel Okafor,customer ID,C004,Daniel Okafor,daniel.okafor4@example.com,555-010-0004
O-202609-0164,2026-09-06T10:43:00,C008,Luis Garcia,customer ID,C008,Luis Garcia,luis.garcia8@example.com,555-010-0008
O-202609-0165,2026-09-06T11:04:00,C063,Kim Nguyen,customer ID,C063; C064,Kim Nguyen,nguyen.home@example.com,555-010-6300
O-202609-0166,2026-09-06T11:13:00,C001,Maria Lopez,customer ID,C001,Maria Lopez,maria.lopez1@example.com,555-010-0001
O-202609-0456,2026-09-14T16:40:00,C010,Omar Haddad,customer ID,C010,Omar Haddad,omar.haddad10@example.com,555-010-0010
O-202609-0167,2026-09-06T11:16:00,C078,Owen Rahman,customer ID,C078,Owen Rahman,owen.rahman78@example.com,555-010-0078
O-202609-0168,2026-09-06T11:37:00,C013,Nina Petrov,customer ID,C013,Nina Petrov,nina.petrov13@example.com,555-010-0013
O-202609-0169,2026-09-06T11:45:00,C004,Daniel Okafor,customer ID,C004,Daniel Okafor,daniel.okafor4@example.com,555-010-0004
O-202609-0170,2026-09-06T11:57:00,C012,Victor Nguyen,customer ID,C012,Victor Nguyen,victor.nguyen12@example.com,555-010-0012
O-202609-0171,2026-09-06T12:03:00,C065,Zara Ramos,customer ID,C065,Zara Ramos,zara.ramos65@example.com,555-010-0065
O-202609-0172,2026-09-06T12:11:00,C074,Samir Lopez,customer ID,C074,Samir Lopez,samir.lopez74@example.com,555-010-0074
O-202609-0173,2026-09-06T12:33:00,C012,Victor Nguyen,customer ID,C012,Victor Nguyen,victor.nguyen12@example.com,555-010-0012
O-202609-0174,2026-09-06T12:45:00,UNRESOLVED,UNRESOLVED,Shared household contact; person ambiguous,C014; C015,A. Morgan,morgan.household@example.com,555-010-1400
O-202609-0175,2026-09-06T12:52:00,C010,Omar Haddad,customer ID,C010,Omar Haddad,omar.haddad10@example.com,555-010-0010
O-202609-0176,2026-09-06T13:21:00,C013,Nina Petrov,customer ID,C013,Nina Petrov,nina.petrov13@example.com,555-010-0013
O-202609-0177,2026-09-06T13:30:00,C003,Priya Patel,customer ID,C003,Priya Patel,priya.patel3@example.com,555-010-0003
O-202609-0178,2026-09-06T14:28:00,WALK-IN,WALK-IN,No identifying evidence,,,,
O-202609-0179,2026-09-06T14:39:00,C071,Mei Byrne,customer ID,C071,Mei Byrne,mei.byrne71@example.com,555-010-0071
O-202609-0180,2026-09-06T14:40:00,UNRESOLVED,UNRESOLVED,Shared household contact; person ambiguous,C063; C064,Nguyen,nguyen.home@example.com,555-010-6300
O-202609-0181,2026-09-06T14:42:00,C002,James Chen,customer ID,C002,James Chen,james.chen2@example.com,555-010-0002
O-202609-0182,2026-09-06T15:08:00,C004,Daniel Okafor,customer ID,C004,Daniel Okafor,daniel.okafor4@example.com,555-010-0004
O-202609-0183,2026-09-06T16:09:00,WALK-IN,WALK-IN,No identifying evidence,,,,
O-202609-0184,2026-09-06T16:09:00,C003,Priya Patel,customer ID,C003,Priya Patel,priya.patel3@example.com,555-010-0003
O-202609-0185,2026-09-06T16:12:00,C002,James Chen,customer ID,C002,James Chen,james.chen2@example.com,555-010-0002
O-202609-0186,2026-09-06T16:14:00,C052,Victor Ali,customer ID,C052,Victor Ali,victor.ali52@example.com,555-010-0052
O-202609-0187,2026-09-06T16:21:00,WALK-IN,WALK-IN,No identifying evidence,,,,
O-202609-0188,2026-09-06T16:25:00,WALK-IN,WALK-IN,No identifying evidence,,,,
O-202609-0189,2026-09-06T16:28:00,C005,Aisha Rahman,customer ID,C005,Aisha Rahman,aisha.rahman5@example.com,555-010-0005
O-202609-0190,2026-09-06T17:15:00,WALK-IN,WALK-IN,No identifying evidence,,,,
O-202609-0191,2026-09-06T17:26:00,WALK-IN,WALK-IN,No identifying evidence,,,,
O-202609-0192,2026-09-06T17:46:00,C005,Aisha Rahman,customer ID,C005,Aisha Rahman,aisha.rahman5@example.com,555-010-0005
O-202609-0193,2026-09-07T07:17:00,C001,Maria Lopez,customer ID,C001,Maria Lopez,maria.lopez1@example.com,555-010-0001
O-202609-0194,2026-09-07T07:23:00,C056,Marcus Hughes,customer ID,C056,Marcus Hughes,marcus.hughes56@example.com,555-010-0056
O-202609-0195,2026-09-07T07:42:00,C006,Tom Walsh,customer ID,C006,Tom Walsh,tom.walsh6@example.com,555-010-0006
O-202609-0196,2026-09-07T07:49:00,C059,Fatima Evans,customer ID,C059,Fatima Evans,fatima.evans59@example.com,555-010-0059
O-202609-0197,2026-09-07T08:18:00,C005,Aisha Rahman,customer ID,C005,Aisha Rahman,aisha.rahman5@example.com,555-010-0005
O-202609-0198,2026-09-07T09:32:00,WALK-IN,WALK-IN,No identifying evidence,,,,
O-202609-0199,2026-09-07T10:06:00,WALK-IN,WALK-IN,No identifying evidence,,,,
O-202609-0200,2026-09-07T10:15:00,C002,James Chen,customer ID,C002,James Chen,james.chen2@example.com,555-010-0002
O-202609-0201,2026-09-07T10:16:00,C006,Tom Walsh,customer ID,C006,Tom Walsh,tom.walsh6@example.com,555-010-0006
O-202609-0202,2026-09-07T10:27:00,WALK-IN,WALK-IN,No identifying evidence,,,,
O-202609-0203,2026-09-07T11:12:00,WALK-IN,WALK-IN,No identifying evidence,,,,
O-202609-0204,2026-09-07T11:18:00,C046,Tom Petrov,customer ID,C046,Tom Petrov,tom.petrov46@example.com,555-010-0046
O-202609-0205,2026-09-07T12:26:00,C053,Nina Moreau,customer ID,C053,Nina Moreau,nina.moreau53@example.com,555-010-0053
O-202609-0206,2026-09-07T12:29:00,C002,James Chen,customer ID,C002,James Chen,james.chen2@example.com,555-010-0002
O-202609-0207,2026-09-07T12:35:00,WALK-IN,WALK-IN,No identifying evidence,,,,
O-202609-0208,2026-09-07T13:27:00,WALK-IN,WALK-IN,No identifying evidence,,,,
O-202609-0209,2026-09-07T13:53:00,WALK-IN,WALK-IN,No identifying evidence,,,,
O-202609-0210,2026-09-07T13:54:00,C070,Ethan Mensah,customer ID,C070,Ethan Mensah,ethan.mensah70@example.com,555-010-0070
O-202609-0211,2026-09-07T14:04:00,C007,Keiko Tanaka,customer ID,C007,Keiko Tanaka,keiko.tanaka7@example.com,555-010-0007
O-202609-0212,2026-09-07T14:16:00,C033,Chloe Martin,customer ID,C033,Chloe Martin,chloe.martin33@example.com,555-010-0033
O-202609-0213,2026-09-07T14:30:00,C014,Alex Morgan,customer ID,C014; C015,Alex Morgan,morgan.household@example.com,555-010-1400
O-202609-0214,2026-09-07T15:37:00,C013,Nina Petrov,customer ID,C013,Nina Petrov,nina.petrov13@example.com,555-010-0013
O-202609-0215,2026-09-07T15:57:00,C041,Sam Ortiz,customer ID,C041; C042,Sam Ortiz,ortiz.family@example.com,555-010-4100
O-202609-0216,2026-09-07T16:23:00,C011,Hannah Brooks,customer ID,C011,Hannah Brooks,hannah.brooks11@example.com,555-010-0011
O-202609-0217,2026-09-07T16:31:00,C005,Aisha Rahman,customer ID,C005,Aisha Rahman,aisha.rahman5@example.com,555-010-0005
O-202609-0218,2026-09-07T16:40:00,C044,Daniel Brooks,customer ID,C044,Daniel Brooks,daniel.brooks44@example.com,555-010-0044
O-202609-0219,2026-09-07T17:07:00,C080,Kofi Tanaka,customer ID,C080,Kofi Tanaka,kofi.tanaka80@example.com,555-010-0080
O-202609-0220,2026-09-07T17:10:00,WALK-IN,WALK-IN,No identifying evidence,,,,
O-202609-0221,2026-09-07T17:15:00,C009,Grace Kim,customer ID,C009,Grace Kim,grace.kim9@example.com,555-010-0009
O-202609-0222,2026-09-07T17:23:00,C005,Aisha Rahman,customer ID,C005,Aisha Rahman,aisha.rahman5@example.com,555-010-0005
O-202609-0223,2026-09-07T17:38:00,C017,Sofia Costa,customer ID,C017,Sofia Costa,sofia.costa17@example.com,555-010-0017
O-202609-0224,2026-09-08T07:23:00,WALK-IN,WALK-IN,No identifying evidence,,,,
O-202609-0225,2026-09-08T07:45:00,C011,Hannah Brooks,customer ID,C011,Hannah Brooks,hannah.brooks11@example.com,555-010-0011
O-202609-0226,2026-09-08T07:51:00,C003,Priya Patel,customer ID,C003,Priya Patel,priya.patel3@example.com,555-010-0003
O-202609-0227,2026-09-08T07:54:00,WALK-IN,WALK-IN,No identifying evidence,,,,
O-202609-0228,2026-09-08T08:06:00,C011,Hannah Brooks,customer ID,C011,Hannah Brooks,hannah.brooks11@example.com,555-010-0011
O-202609-0229,2026-09-08T08:20:00,WALK-IN,WALK-IN,No identifying evidence,,,,
O-202609-0230,2026-09-08T08:22:00,C028,Jonah Grant,customer ID,C028,Jonah Grant,jonah.grant28@example.com,555-010-0028
O-202609-0231,2026-09-08T08:55:00,WALK-IN,WALK-IN,No identifying evidence,,,,
O-202609-0232,2026-09-08T09:00:00,C003,Priya Patel,customer ID,C003,Priya Patel,priya.patel3@example.com,555-010-0003
O-202609-0233,2026-09-08T09:14:00,WALK-IN,WALK-IN,No identifying evidence,,,,
O-202609-0234,2026-09-08T10:03:00,C002,James Chen,customer ID,C002,James Chen,james.chen2@example.com,555-010-0002
O-202609-0235,2026-09-08T10:18:00,C011,Hannah Brooks,customer ID,C011,Hannah Brooks,hannah.brooks11@example.com,555-010-0011
O-202609-0236,2026-09-08T10:22:00,C008,Luis Garcia,customer ID,C008,Luis Garcia,luis.garcia8@example.com,555-010-0008
O-202609-0237,2026-09-08T10:35:00,C029,Rosa Mendes,customer ID,C029,Rosa Mendes,rosa.mendes29@example.com,555-010-0029
O-202609-0238,2026-09-08T10:35:00,C003,Priya Patel,customer ID,C003,Priya Patel,priya.patel3@example.com,555-010-0003
O-202609-0239,2026-09-08T10:38:00,C009,Grace Kim,customer ID,C009,Grace Kim,grace.kim9@example.com,555-010-0009
O-202609-0240,2026-09-08T11:00:00,WALK-IN,WALK-IN,No identifying evidence,,,,
O-202609-0241,2026-09-08T11:33:00,C001,Maria Lopez,customer ID,C001,Maria Lopez,maria.lopez1@example.com,555-010-0001
O-202609-0242,2026-09-08T12:00:00,WALK-IN,WALK-IN,No identifying evidence,,,,
O-202609-0243,2026-09-08T12:19:00,C072,Diego Sato,customer ID,C072,Diego Sato,diego.sato72@example.com,555-010-0072
O-202609-0244,2026-09-08T12:25:00,C020,Leo Moreau,customer ID,C020,Leo Moreau,leo.moreau20@example.com,555-010-0020
O-202609-0245,2026-09-08T12:34:00,C004,Daniel Okafor,customer ID,C004,Daniel Okafor,daniel.okafor4@example.com,555-010-0004
O-202609-0246,2026-09-08T13:06:00,WALK-IN,WALK-IN,No identifying evidence,,,,
O-202609-0247,2026-09-08T13:22:00,C002,James Chen,customer ID,C002,James Chen,james.chen2@example.com,555-010-0002
O-202609-0248,2026-09-08T13:48:00,C017,Sofia Costa,customer ID,C017,Sofia Costa,sofia.costa17@example.com,555-010-0017
O-202609-0249,2026-09-08T14:16:00,WALK-IN,WALK-IN,No identifying evidence,,,,
O-202609-0250,2026-09-08T14:38:00,C009,Grace Kim,customer ID,C009,Grace Kim,grace.kim9@example.com,555-010-0009
O-202609-0251,2026-09-08T14:44:00,C003,Priya Patel,customer ID,C003,Priya Patel,priya.patel3@example.com,555-010-0003
O-202609-0252,2026-09-08T14:53:00,C023,Megan Hughes,customer ID,C023,Megan Hughes,megan.hughes23@example.com,555-010-0023
O-202609-0253,2026-09-08T15:11:00,C009,Grace Kim,customer ID,C009,Grace Kim,grace.kim9@example.com,555-010-0009
O-202609-0254,2026-09-08T15:15:00,C011,Hannah Brooks,customer ID,C011,Hannah Brooks,hannah.brooks11@example.com,555-010-0011
O-202609-0255,2026-09-08T15:31:00,C019,Fatima Ali,customer ID,C019,Fatima Ali,fatima.ali19@example.com,555-010-0019
O-202609-0256,2026-09-08T16:02:00,C012,Victor Nguyen,exact normalized contact/name evidence,C012,Victor Nguyen,victor.nguyen12@exmaple.com,(555) 010-0012
O-202609-0257,2026-09-08T16:18:00,C008,Luis Garcia,customer ID,C008,Luis Garcia,luis.garcia8@example.com,555-010-0008
O-202609-0258,2026-09-08T16:27:00,WALK-IN,WALK-IN,No identifying evidence,,,,
O-202609-0259,2026-09-08T16:36:00,WALK-IN,WALK-IN,No identifying evidence,,,,
O-202609-0260,2026-09-08T17:03:00,C003,Priya Patel,customer ID,C003,Priya Patel,priya.patel3@example.com,555-010-0003
O-202609-0261,2026-09-08T17:29:00,C046,Tom Petrov,customer ID,C046,Tom Petrov,tom.petrov46@example.com,555-010-0046
O-202609-0262,2026-09-08T17:33:00,C013,Nina Petrov,customer ID,C013,Nina Petrov,nina.petrov13@example.com,555-010-0013
O-202609-0263,2026-09-08T17:41:00,WALK-IN,WALK-IN,No identifying evidence,,,,
O-202609-0264,2026-09-09T08:32:00,WALK-IN,WALK-IN,No identifying evidence,,,,
O-202609-0265,2026-09-09T08:50:00,C050,Omar Costa,customer ID,C050,Omar Costa,omar.costa50@example.com,555-010-0050
O-202609-0266,2026-09-09T08:51:00,C074,Samir Lopez,customer ID,C074,Samir Lopez,samir.lopez74@example.com,555-010-0074
O-202609-0267,2026-09-09T09:43:00,C012,Victor Nguyen,customer ID,C012,Victor Nguyen,victor.nguyen12@example.com,555-010-0012
O-202609-0268,2026-09-09T09:56:00,C007,Keiko Tanaka,customer ID,C007,Keiko Tanaka,keiko.tanaka7@example.com,555-010-0007
O-202609-0269,2026-09-09T10:10:00,C025,Zara Khan,customer ID,C025,Zara Khan,zara.khan25@example.com,555-010-0025
O-202609-0270,2026-09-09T10:35:00,C004,Daniel Okafor,customer ID,C004,Daniel Okafor,daniel.okafor4@example.com,555-010-0004
O-202609-0669,2026-09-21T07:56:00,C007,Keiko Tanaka,customer ID,C007,Keiko Tanaka,keiko.tanaka7@example.com,555-010-0007
O-202609-0271,2026-09-09T11:04:00,C004,Daniel Okafor,customer ID,C004,Daniel Okafor,daniel.okafor4@example.com,555-010-0004
O-202609-0272,2026-09-09T11:07:00,C011,Hannah Brooks,customer ID,C011,Hannah Brooks,hannah.brooks11@example.com,555-010-0011
O-202609-0273,2026-09-09T11:17:00,C004,Daniel Okafor,customer ID,C004,Daniel Okafor,daniel.okafor4@example.com,555-010-0004
O-202609-0274,2026-09-09T11:38:00,C031,Mei Liu,customer ID,C031,Mei Liu,mei.liu31@example.com,555-010-0031
O-202609-0275,2026-09-09T11:51:00,WALK-IN,WALK-IN,No identifying evidence,,,,
O-202609-0276,2026-09-09T12:00:00,C013,Nina Petrov,customer ID,C013,Nina Petrov,nina.petrov13@example.com,555-010-0013
O-202609-0277,2026-09-09T12:25:00,C045,Aisha Nguyen,customer ID,C045,Aisha Nguyen,aisha.nguyen45@example.com,555-010-0045
O-202609-0278,2026-09-09T12:51:00,C012,Victor Nguyen,customer ID,C012,Victor Nguyen,victor.nguyen12@example.com,555-010-0012
O-202609-0279,2026-09-09T14:10:00,C070,Ethan Mensah,customer ID,C070,Ethan Mensah,ethan.mensah70@example.com,555-010-0070
O-202609-0280,2026-09-09T14:10:00,C004,Daniel Okafor,customer ID,C004,Daniel Okafor,daniel.okafor4@example.com,555-010-0004
O-202609-0281,2026-09-09T14:15:00,C003,Priya Patel,customer ID,C003,Priya Patel,priya.patel3@example.com,555-010-0003
O-202609-0282,2026-09-09T14:24:00,C059,Fatima Evans,customer ID,C059,Fatima Evans,fatima.evans59@example.com,555-010-0059
O-202609-0283,2026-09-09T15:11:00,C004,Daniel Okafor,customer ID,C004,Daniel Okafor,daniel.okafor4@example.com,555-010-0004
O-202609-0284,2026-09-09T16:13:00,WALK-IN,WALK-IN,No identifying evidence,,,,
O-202609-0285,2026-09-09T16:57:00,C004,Daniel Okafor,customer ID,C004,Daniel Okafor,daniel.okafor4@example.com,555-010-0004
O-202609-0286,2026-09-09T17:30:00,WALK-IN,WALK-IN,No identifying evidence,,,,
O-202609-0287,2026-09-09T17:36:00,C061,Ivy Grant,customer ID,C061,Ivy Grant,ivy.grant61@example.com,555-010-0061
O-202609-0288,2026-09-10T07:07:00,C038,Owen Byrne,customer ID,C038,Owen Byrne,owen.byrne38@example.com,555-010-0038
O-202609-0289,2026-09-10T07:10:00,C003,Priya Patel,customer ID,C003,Priya Patel,priya.patel3@example.com,555-010-0003
O-202609-0290,2026-09-10T07:13:00,WALK-IN,WALK-IN,No identifying evidence,,,,
O-202609-0291,2026-09-10T07:17:00,C056,Marcus Hughes,customer ID,C056,Marcus Hughes,marcus.hughes56@example.com,555-010-0056
O-202609-0706,2026-09-22T10:11:00,C001,Maria Lopez,customer ID,C001,Maria Lopez,maria.lopez1@example.com,555-010-0001
O-202609-0292,2026-09-10T07:51:00,C023,Megan Hughes,customer ID,C023,Megan Hughes,megan.hughes23@example.com,555-010-0023
O-202609-0293,2026-09-10T07:57:00,C054,Ravi Reed,customer ID,C054,Ravi Reed,ravi.reed54@example.com,555-010-0054
O-202609-0294,2026-09-10T08:45:00,C071,Mei Byrne,customer ID,C071,Mei Byrne,mei.byrne71@example.com,555-010-0071
O-202609-0295,2026-09-10T08:49:00,C005,Aisha Rahman,customer ID,C005,Aisha Rahman,aisha.rahman5@example.com,555-010-0005
O-202609-0296,2026-09-10T08:51:00,WALK-IN,WALK-IN,No identifying evidence,,,,
O-202609-0297,2026-09-10T08:59:00,C002,James Chen,customer ID,C002,James Chen,james.chen2@example.com,555-010-0002
O-202609-0298,2026-09-10T09:01:00,WALK-IN,WALK-IN,No identifying evidence,,,,
O-202609-0299,2026-09-10T09:50:00,WALK-IN,WALK-IN,No identifying evidence,,,,
O-202609-0300,2026-09-10T11:41:00,C029,Rosa Mendes,customer ID,C029,Rosa Mendes,rosa.mendes29@example.com,555-010-0029
O-202609-0301,2026-09-10T11:41:00,C002,James Chen,customer ID,C002,James Chen,james.chen2@example.com,555-010-0002
O-202609-0302,2026-09-10T11:58:00,C005,Aisha Rahman,customer ID,C005,Aisha Rahman,aisha.rahman5@example.com,555-010-0005
O-202609-0303,2026-09-10T12:18:00,C003,Priya Patel,customer ID,C003,Priya Patel,priya.patel3@example.com,555-010-0003
O-202609-0304,2026-09-10T12:47:00,C006,Tom Walsh,customer ID,C006,Tom Walsh,tom.walsh6@example.com,555-010-0006
O-202609-0305,2026-09-10T13:15:00,C003,Priya Patel,customer ID,C003,Priya Patel,priya.patel3@example.com,555-010-0003
O-202609-0306,2026-09-10T13:19:00,WALK-IN,WALK-IN,No identifying evidence,,,,
O-202609-0307,2026-09-10T14:04:00,C003,Priya Patel,customer ID,C003,Priya Patel,priya.patel3@example.com,555-010-0003
O-202609-0308,2026-09-10T14:14:00,C018,Ben Fischer,customer ID,C018,Ben Fischer,ben.fischer18@example.com,555-010-0018
O-202609-0309,2026-09-10T14:14:00,C067,Lily Shah,customer ID,C067,Lily Shah,lily.shah67@example.com,555-010-0067
O-202609-0310,2026-09-10T14:28:00,C059,Fatima Evans,customer ID,C059,Fatima Evans,fatima.evans59@example.com,555-010-0059
O-202609-0311,2026-09-10T14:29:00,C017,Sofia Costa,customer ID,C017,Sofia Costa,sofia.costa17@example.com,555-010-0017
O-202609-0312,2026-09-10T14:30:00,C004,Daniel Okafor,customer ID,C004,Daniel Okafor,daniel.okafor4@example.com,555-010-0004
O-202609-0313,2026-09-10T14:32:00,C044,Daniel Brooks,customer ID,C044,Daniel Brooks,daniel.brooks44@example.com,555-010-0044
O-202609-0314,2026-09-10T15:01:00,C045,Aisha Nguyen,customer ID,C045,Aisha Nguyen,aisha.nguyen45@example.com,555-010-0045
O-202609-0315,2026-09-10T15:14:00,WALK-IN,WALK-IN,No identifying evidence,,,,
O-202609-0316,2026-09-10T15:16:00,C012,Victor Nguyen,customer ID,C012,Victor Nguyen,victor.nguyen12@example.com,555-010-0012
O-202609-0317,2026-09-10T15:26:00,C021,Ivy Reed,customer ID,C021,Ivy Reed,ivy.reed21@example.com,555-010-0021
O-202609-0318,2026-09-10T15:28:00,C025,Zara Khan,customer ID,C025,Zara Khan,zara.khan25@example.com,555-010-0025
O-202609-0319,2026-09-10T15:36:00,C004,Daniel Okafor,customer ID,C004,Daniel Okafor,daniel.okafor4@example.com,555-010-0004
O-202609-0320,2026-09-10T16:26:00,C078,Owen Rahman,customer ID,C078,Owen Rahman,owen.rahman78@example.com,555-010-0078
O-202609-0321,2026-09-10T16:41:00,C052,Victor Ali,customer ID,C052,Victor Ali,victor.ali52@example.com,555-010-0052
O-202609-0322,2026-09-10T17:14:00,C007,Keiko Tanaka,customer ID,C007,Keiko Tanaka,keiko.tanaka7@example.com,555-010-0007
O-202609-0323,2026-09-10T17:28:00,C046,Tom Petrov,customer ID,C046,Tom Petrov,tom.petrov46@example.com,555-010-0046
O-202609-0324,2026-09-10T17:47:00,C001,Maria Lopez,customer ID,C001,Maria Lopez,maria.lopez1@example.com,555-010-0001
O-202609-0325,2026-09-10T17:58:00,C009,Grace Kim,customer ID,C009,Grace Kim,grace.kim9@example.com,555-010-0009
O-202609-0326,2026-09-11T08:06:00,C032,Diego Ramos,customer ID,C032,Diego Ramos,diego.ramos32@example.com,555-010-0032
O-202609-0327,2026-09-11T08:26:00,C004,Daniel Okafor,customer ID,C004,Daniel Okafor,daniel.okafor4@example.com,555-010-0004
O-202609-0328,2026-09-11T08:29:00,C005,Aisha Rahman,customer ID,C005,Aisha Rahman,aisha.rahman5@example.com,555-010-0005
O-202609-0329,2026-09-11T09:42:00,C057,Sofia Park,customer ID,C057,Sofia Park,sofia.park57@example.com,555-010-0057
O-202609-0330,2026-09-11T09:48:00,C012,Victor Nguyen,customer ID,C012,Victor Nguyen,victor.nguyen12@example.com,555-010-0012
O-202609-0331,2026-09-11T10:34:00,C036,Felix Larsen,customer ID,C036,Felix Larsen,felix.larsen36@example.com,555-010-0036
O-202609-0332,2026-09-11T10:51:00,C068,Jonah Novak,customer ID,C068,Jonah Novak,jonah.novak68@example.com,555-010-0068
O-202609-0333,2026-09-11T10:58:00,C003,Priya Patel,customer ID,C003,Priya Patel,priya.patel3@example.com,555-010-0003
O-202609-0334,2026-09-11T11:09:00,C008,Luis Garcia,customer ID,C008,Luis Garcia,luis.garcia8@example.com,555-010-0008
O-202609-0335,2026-09-11T11:15:00,C067,Lily Shah,customer ID,C067,Lily Shah,lily.shah67@example.com,555-010-0067
O-202609-0336,2026-09-11T11:38:00,C046,Tom Petrov,customer ID,C046,Tom Petrov,tom.petrov46@example.com,555-010-0046
O-202609-0337,2026-09-11T11:55:00,C032,Diego Ramos,customer ID,C032,Diego Ramos,diego.ramos32@example.com,555-010-0032
O-202609-0338,2026-09-11T12:08:00,C043,Priya Haddad,customer ID,C043,Priya Haddad,priya.haddad43@example.com,555-010-0043
O-202609-0339,2026-09-11T12:37:00,C024,Theo Park,customer ID,C024,Theo Park,theo.park24@example.com,555-010-0024
O-202609-0340,2026-09-11T13:04:00,WALK-IN,WALK-IN,No identifying evidence,,,,
O-202609-0341,2026-09-11T13:16:00,C003,Priya Patel,customer ID,C003,Priya Patel,priya.patel3@example.com,555-010-0003
O-202609-0342,2026-09-11T13:26:00,C007,Keiko Tanaka,customer ID,C007,Keiko Tanaka,keiko.tanaka7@example.com,555-010-0007
O-202609-0343,2026-09-11T13:33:00,C032,Diego Ramos,customer ID,C032,Diego Ramos,diego.ramos32@example.com,555-010-0032
O-202609-0344,2026-09-11T14:07:00,WALK-IN,WALK-IN,No identifying evidence,,,,
O-202609-0345,2026-09-11T15:45:00,C054,Ravi Reed,customer ID,C054,Ravi Reed,ravi.reed54@example.com,555-010-0054
O-202609-0346,2026-09-11T15:56:00,C047,Keiko Iyer,customer ID,C047,Keiko Iyer,keiko.iyer47@example.com,555-010-0047
O-202609-0347,2026-09-11T16:16:00,WALK-IN,WALK-IN,No identifying evidence,,,,
O-202609-0348,2026-09-11T16:42:00,C062,Carlos Mendes,customer ID,C062,Carlos Mendes,carlos.mendes62@example.com,555-010-0062
O-202609-0349,2026-09-11T16:59:00,C037,Yara Mensah,customer ID,C037,Yara Mensah,yara.mensah37@example.com,555-010-0037
O-202609-0350,2026-09-11T17:00:00,C045,Aisha Nguyen,customer ID,C045,Aisha Nguyen,aisha.nguyen45@example.com,555-010-0045
O-202609-0351,2026-09-11T17:21:00,WALK-IN,WALK-IN,No identifying evidence,,,,
O-202609-0352,2026-09-11T17:25:00,C011,Hannah Brooks,customer ID,C011,Hannah Brooks,hannah.brooks11@example.com,555-010-0011
O-202609-0353,2026-09-11T17:31:00,WALK-IN,WALK-IN,No identifying evidence,,,,
O-202609-0354,2026-09-11T17:41:00,C017,Sofia Costa,customer ID,C017,Sofia Costa,sofia.costa17@example.com,555-010-0017
O-202609-0355,2026-09-12T08:18:00,WALK-IN,WALK-IN,No identifying evidence,,,,
O-202609-0356,2026-09-12T08:23:00,C011,Hannah Brooks,customer ID,C011,Hannah Brooks,hannah.brooks11@example.com,555-010-0011
O-202609-0357,2026-09-12T08:40:00,C002,James Chen,customer ID,C002,James Chen,james.chen2@example.com,555-010-0002
O-202609-0358,2026-09-12T08:43:00,C009,Grace Kim,customer ID,C009,Grace Kim,grace.kim9@example.com,555-010-0009
O-202609-0359,2026-09-12T08:50:00,C004,Daniel Okafor,customer ID,C004,Daniel Okafor,daniel.okafor4@example.com,555-010-0004
O-202609-0360,2026-09-12T08:58:00,C043,Priya Haddad,customer ID,C043,Priya Haddad,priya.haddad43@example.com,555-010-0043
O-202609-0361,2026-09-12T08:59:00,C013,Nina Petrov,customer ID,C013,Nina Petrov,nina.petrov13@example.com,555-010-0013
O-202609-0362,2026-09-12T09:19:00,WALK-IN,WALK-IN,No identifying evidence,,,,
O-202609-0363,2026-09-12T11:03:00,C031,Mei Liu,customer ID,C031,Mei Liu,mei.liu31@example.com,555-010-0031
O-202609-0364,2026-09-12T11:04:00,C038,Owen Byrne,customer ID,C038,Owen Byrne,owen.byrne38@example.com,555-010-0038
O-202609-0365,2026-09-12T11:10:00,C009,Grace Kim,customer ID,C009,Grace Kim,grace.kim9@example.com,555-010-0009
O-202609-0366,2026-09-12T11:15:00,C075,Ada Chen,customer ID,C075,Ada Chen,ada.chen75@example.com,555-010-0075
O-202609-0367,2026-09-12T11:17:00,WALK-IN,WALK-IN,No identifying evidence,,,,
O-202609-0368,2026-09-12T11:22:00,WALK-IN,WALK-IN,No identifying evidence,,,,
O-202609-0369,2026-09-12T11:35:00,C005,Aisha Rahman,customer ID,C005,Aisha Rahman,aisha.rahman5@example.com,555-010-0005
O-202609-0370,2026-09-12T11:39:00,C002,James Chen,customer ID,C002,James Chen,james.chen2@example.com,555-010-0002
O-202609-0371,2026-09-12T11:44:00,C078,Owen Rahman,customer ID,C078,Owen Rahman,owen.rahman78@example.com,555-010-0078
O-202609-0372,2026-09-12T12:03:00,C010,Omar Haddad,customer ID,C010,Omar Haddad,omar.haddad10@example.com,555-010-0010
O-202609-0373,2026-09-12T12:06:00,C066,Noah Martin,customer ID,C066,Noah Martin,noah.martin66@example.com,555-010-0066
O-202609-0374,2026-09-12T12:07:00,C002,James Chen,customer ID,C002,James Chen,james.chen2@example.com,555-010-0002
O-202609-0375,2026-09-12T12:13:00,C010,Omar Haddad,customer ID,C010,Omar Haddad,omar.haddad10@example.com,555-010-0010
O-202609-0376,2026-09-12T12:52:00,WALK-IN,WALK-IN,No identifying evidence,,,,
O-202609-0377,2026-09-12T12:53:00,WALK-IN,WALK-IN,No identifying evidence,,,,
O-202609-0378,2026-09-12T13:10:00,WALK-IN,WALK-IN,No identifying evidence,,,,
O-202609-0379,2026-09-12T13:46:00,WALK-IN,WALK-IN,No identifying evidence,,,,
O-202609-0380,2026-09-12T14:23:00,C002,James Chen,customer ID,C002,James Chen,james.chen2@example.com,555-010-0002
O-202609-0381,2026-09-12T14:36:00,C005,Aisha Rahman,customer ID,C005,Aisha Rahman,aisha.rahman5@example.com,555-010-0005
O-202609-0382,2026-09-12T14:53:00,C027,Chris Lee,customer ID,C027; C058,Chris Lee,chris.lee27@example.com,555-010-0027
O-202609-0383,2026-09-12T15:31:00,C008,Luis Garcia,customer ID,C008,Luis Garcia,luis.garcia8@example.com,555-010-0008
O-202609-0384,2026-09-12T15:47:00,WALK-IN,WALK-IN,No identifying evidence,,,,
O-202609-0385,2026-09-12T16:49:00,C009,Grace Kim,customer ID,C009,Grace Kim,grace.kim9@example.com,555-010-0009
O-202609-0386,2026-09-12T16:54:00,C025,Zara Khan,customer ID,C025,Zara Khan,zara.khan25@example.com,555-010-0025
O-202609-0387,2026-09-12T17:07:00,C012,Victor Nguyen,customer ID,C012,Victor Nguyen,victor.nguyen12@example.com,555-010-0012
O-202609-0388,2026-09-12T17:31:00,C002,James Chen,customer ID,C002,James Chen,james.chen2@example.com,555-010-0002
O-202609-0389,2026-09-12T17:44:00,WALK-IN,WALK-IN,No identifying evidence,,,,
O-202609-0390,2026-09-13T07:15:00,C006,Tom Walsh,customer ID,C006,Tom Walsh,tom.walsh6@example.com,555-010-0006
O-202609-0391,2026-09-13T07:15:00,C049,Grace Bell,customer ID,C049,Grace Bell,grace.bell49@example.com,555-010-0049
O-202609-0392,2026-09-13T07:27:00,C004,Daniel Okafor,customer ID,C004,Daniel Okafor,daniel.okafor4@example.com,555-010-0004
O-202609-0393,2026-09-13T07:53:00,C047,Keiko Iyer,customer ID,C047,Keiko Iyer,keiko.iyer47@example.com,555-010-0047
O-202609-0394,2026-09-13T09:44:00,C005,Aisha Rahman,customer ID,C005,Aisha Rahman,aisha.rahman5@example.com,555-010-0005
O-202609-0395,2026-09-13T10:16:00,C077,Yara Okafor,customer ID,C077,Yara Okafor,yara.okafor77@example.com,555-010-0077
O-202609-0396,2026-09-13T10:32:00,C049,Grace Bell,customer ID,C049,Grace Bell,grace.bell49@example.com,555-010-0049
O-202609-0397,2026-09-13T11:12:00,C017,Sofia Costa,customer ID,C017,Sofia Costa,sofia.costa17@example.com,555-010-0017
O-202609-0398,2026-09-13T11:26:00,C052,Victor Ali,customer ID,C052,Victor Ali,victor.ali52@example.com,555-010-0052
O-202609-0399,2026-09-13T11:28:00,C006,Tom Walsh,customer ID,C006,Tom Walsh,tom.walsh6@example.com,555-010-0006
O-202609-0400,2026-09-13T11:32:00,C026,Noah Evans,customer ID,C026,Noah Evans,noah.evans26@example.com,555-010-0026
O-202609-0401,2026-09-13T11:38:00,C071,Mei Byrne,customer ID,C071,Mei Byrne,mei.byrne71@example.com,555-010-0071
O-202609-0402,2026-09-13T11:41:00,C008,Luis Garcia,customer ID,C008,Luis Garcia,luis.garcia8@example.com,555-010-0008
O-202609-0403,2026-09-13T11:58:00,C026,Noah Evans,customer ID,C026,Noah Evans,noah.evans26@example.com,555-010-0026
O-202609-0404,2026-09-13T12:15:00,C005,Aisha Rahman,customer ID,C005,Aisha Rahman,aisha.rahman5@example.com,555-010-0005
O-202609-0405,2026-09-13T12:22:00,C062,Carlos Mendes,customer ID,C062,Carlos Mendes,carlos.mendes62@example.com,555-010-0062
O-202609-0977,2026-09-30T10:52:00,WALK-IN,WALK-IN,No identifying evidence,,,,
O-202609-0406,2026-09-13T12:24:00,C060,Leo Dubois,customer ID,C060,Leo Dubois,leo.dubois60@example.com,555-010-0060
O-202609-0407,2026-09-13T12:38:00,C007,Keiko Tanaka,customer ID,C007,Keiko Tanaka,keiko.tanaka7@example.com,555-010-0007
O-202609-0408,2026-09-13T12:39:00,WALK-IN,WALK-IN,No identifying evidence,,,,
O-202609-0409,2026-09-13T13:34:00,WALK-IN,WALK-IN,No identifying evidence,,,,
O-202609-0410,2026-09-13T13:34:00,C036,Felix Larsen,customer ID,C036,Felix Larsen,felix.larsen36@example.com,555-010-0036
O-202609-0411,2026-09-13T13:39:00,C045,Aisha Nguyen,customer ID,C045,Aisha Nguyen,aisha.nguyen45@example.com,555-010-0045
O-202609-0412,2026-09-13T13:54:00,C073,Chloe Quinn,customer ID,C073,Chloe Quinn,chloe.quinn73@example.com,555-010-0073
O-202609-0413,2026-09-13T14:15:00,C010,Omar Haddad,customer ID,C010,Omar Haddad,omar.haddad10@example.com,555-010-0010
O-202609-0414,2026-09-13T17:10:00,C001,Maria Lopez,customer ID,C001,Maria Lopez,maria.lopez1@example.com,555-010-0001
O-202609-0415,2026-09-13T17:11:00,WALK-IN,WALK-IN,No identifying evidence,,,,
O-202609-0416,2026-09-13T17:19:00,C002,James Chen,customer ID,C002,James Chen,james.chen2@example.com,555-010-0002
O-202609-0417,2026-09-14T07:31:00,WALK-IN,WALK-IN,No identifying evidence,,,,
O-202609-0418,2026-09-14T07:31:00,C036,Felix Larsen,customer ID,C036,Felix Larsen,felix.larsen36@example.com,555-010-0036
O-202609-0419,2026-09-14T07:59:00,C012,Victor Nguyen,customer ID,C012,Victor Nguyen,victor.nguyen12@example.com,555-010-0012
O-202609-0420,2026-09-14T07:59:00,C068,Jonah Novak,customer ID,C068,Jonah Novak,jonah.novak68@example.com,555-010-0068
O-202609-0421,2026-09-14T08:51:00,C078,Owen Rahman,customer ID,C078,Owen Rahman,owen.rahman78@example.com,555-010-0078
O-202609-0422,2026-09-14T09:00:00,C078,Owen Rahman,customer ID,C078,Owen Rahman,owen.rahman78@example.com,555-010-0078
O-202609-0423,2026-09-14T09:09:00,C073,Chloe Quinn,customer ID,C073,Chloe Quinn,chloe.quinn73@example.com,555-010-0073
O-202609-0424,2026-09-14T09:12:00,C007,Keiko Tanaka,customer ID,C007,Keiko Tanaka,keiko.tanaka7@example.com,555-010-0007
O-202609-0425,2026-09-14T09:12:00,C029,Rosa Mendes,customer ID,C029,Rosa Mendes,rosa.mendes29@example.com,555-010-0029
O-202609-0426,2026-09-14T09:57:00,C003,Priya Patel,customer ID,C003,Priya Patel,priya.patel3@example.com,555-010-0003
O-202609-0427,2026-09-14T10:02:00,C031,Mei Liu,customer ID,C031,Mei Liu,mei.liu31@example.com,555-010-0031
O-202609-0428,2026-09-14T10:17:00,C012,Victor Nguyen,customer ID,C012,Victor Nguyen,victor.nguyen12@example.com,555-010-0012
O-202609-0429,2026-09-14T10:24:00,C009,Grace Kim,customer ID,C009,Grace Kim,grace.kim9@example.com,555-010-0009
O-202609-0430,2026-09-14T10:40:00,C004,Daniel Okafor,customer ID,C004,Daniel Okafor,daniel.okafor4@example.com,555-010-0004
O-202609-0431,2026-09-14T10:52:00,C005,Aisha Rahman,customer ID,C005,Aisha Rahman,aisha.rahman5@example.com,555-010-0005
O-202609-0432,2026-09-14T10:54:00,WALK-IN,WALK-IN,No identifying evidence,,,,
O-202609-0433,2026-09-14T11:02:00,C009,Grace Kim,customer ID,C009,Grace Kim,grace.kim9@example.com,555-010-0009
O-202609-0434,2026-09-14T11:09:00,C019,Fatima Ali,customer ID,C019,Fatima Ali,fatima.ali19@example.com,555-010-0019
O-202609-0435,2026-09-14T11:17:00,C059,Fatima Evans,customer ID,C059,Fatima Evans,fatima.evans59@example.com,555-010-0059
O-202609-0436,2026-09-14T11:26:00,C054,Ravi Reed,customer ID,C054,Ravi Reed,ravi.reed54@example.com,555-010-0054
O-202609-0437,2026-09-14T11:26:00,WALK-IN,WALK-IN,No identifying evidence,,,,
O-202609-0438,2026-09-14T11:39:00,C029,Rosa Mendes,customer ID,C029,Rosa Mendes,rosa.mendes29@example.com,555-010-0029
O-202609-0439,2026-09-14T11:53:00,C003,Priya Patel,customer ID,C003,Priya Patel,priya.patel3@example.com,555-010-0003
O-202609-0440,2026-09-14T12:10:00,C002,James Chen,customer ID,C002,James Chen,james.chen2@example.com,555-010-0002
O-202609-0441,2026-09-14T12:15:00,WALK-IN,WALK-IN,No identifying evidence,,,,
O-202609-0442,2026-09-14T12:36:00,C005,Aisha Rahman,customer ID,C005,Aisha Rahman,aisha.rahman5@example.com,555-010-0005
O-202609-0443,2026-09-14T12:50:00,C004,Daniel Okafor,customer ID,C004,Daniel Okafor,daniel.okafor4@example.com,555-010-0004
O-202609-0444,2026-09-14T12:55:00,C050,Omar Costa,customer ID,C050,Omar Costa,omar.costa50@example.com,555-010-0050
O-202609-0445,2026-09-14T13:17:00,WALK-IN,WALK-IN,No identifying evidence,,,,
O-202609-0446,2026-09-14T13:21:00,C011,Hannah Brooks,customer ID,C011,Hannah Brooks,hannah.brooks11@example.com,555-010-0011
O-202609-0447,2026-09-14T13:40:00,C002,James Chen,customer ID,C002,James Chen,james.chen2@example.com,555-010-0002
O-202609-0448,2026-09-14T14:31:00,WALK-IN,WALK-IN,No identifying evidence,,,,
O-202609-0449,2026-09-14T14:56:00,WALK-IN,WALK-IN,No identifying evidence,,,,
O-202609-0450,2026-09-14T15:15:00,C043,Priya Haddad,customer ID,C043,Priya Haddad,priya.haddad43@example.com,555-010-0043
O-202609-0451,2026-09-14T15:29:00,C001,Maria Lopez,customer ID,C001,Maria Lopez,maria.lopez1@example.com,555-010-0001
O-202609-0452,2026-09-14T15:55:00,C011,Hannah Brooks,customer ID,C011,Hannah Brooks,hannah.brooks11@example.com,555-010-0011
O-202609-0453,2026-09-14T16:00:00,C069,Rosa Larsen,customer ID,C069,Rosa Larsen,rosa.larsen69@example.com,555-010-0069
O-202609-0454,2026-09-14T16:23:00,WALK-IN,WALK-IN,No identifying evidence,,,,
O-202609-0455,2026-09-14T16:30:00,C012,Victor Nguyen,customer ID,C012,Victor Nguyen,victor.nguyen12@example.com,555-010-0012
O-202609-0457,2026-09-14T17:16:00,C078,Owen Rahman,customer ID,C078,Owen Rahman,owen.rahman78@example.com,555-010-0078
O-202609-0458,2026-09-14T17:32:00,C074,Samir Lopez,customer ID,C074,Samir Lopez,samir.lopez74@example.com,555-010-0074
O-202609-0459,2026-09-14T17:38:00,C005,Aisha Rahman,customer ID,C005,Aisha Rahman,aisha.rahman5@example.com,555-010-0005
O-202609-0460,2026-09-14T17:56:00,C003,Priya Patel,customer ID,C003,Priya Patel,priya.patel3@example.com,555-010-0003
O-202609-0461,2026-09-15T07:17:00,WALK-IN,WALK-IN,No identifying evidence,,,,
O-202609-0462,2026-09-15T07:28:00,C066,Noah Martin,customer ID,C066,Noah Martin,noah.martin66@example.com,555-010-0066
O-202609-0463,2026-09-15T07:50:00,C011,Hannah Brooks,customer ID,C011,Hannah Brooks,hannah.brooks11@example.com,555-010-0011
O-202609-0464,2026-09-15T08:09:00,C004,Daniel Okafor,customer ID,C004,Daniel Okafor,daniel.okafor4@example.com,555-010-0004
O-202609-0465,2026-09-15T08:25:00,C003,Priya Patel,customer ID,C003,Priya Patel,priya.patel3@example.com,555-010-0003
O-202609-0466,2026-09-15T08:29:00,C003,Priya Patel,customer ID,C003,Priya Patel,priya.patel3@example.com,555-010-0003
O-202609-0467,2026-09-15T08:54:00,C001,Maria Lopez,customer ID,C001,Maria Lopez,maria.lopez1@example.com,555-010-0001
O-202609-0468,2026-09-15T09:00:00,C013,Nina Petrov,customer ID,C013,Nina Petrov,nina.petrov13@example.com,555-010-0013
O-202609-0469,2026-09-15T09:19:00,C062,Carlos Mendes,customer ID,C062,Carlos Mendes,carlos.mendes62@example.com,555-010-0062
O-202609-0470,2026-09-15T09:38:00,C036,Felix Larsen,customer ID,C036,Felix Larsen,felix.larsen36@example.com,555-010-0036
O-202609-0471,2026-09-15T09:59:00,C002,James Chen,customer ID,C002,James Chen,james.chen2@example.com,555-010-0002
O-202609-0472,2026-09-15T10:02:00,C079,Lucia Walsh,customer ID,C079,Lucia Walsh,lucia.walsh79@example.com,555-010-0079
O-202609-0473,2026-09-15T10:14:00,C038,Owen Byrne,customer ID,C038,Owen Byrne,owen.byrne38@example.com,555-010-0038
O-202609-0474,2026-09-15T10:35:00,C005,Aisha Rahman,customer ID,C005,Aisha Rahman,aisha.rahman5@example.com,555-010-0005
O-202609-0475,2026-09-15T10:38:00,WALK-IN,WALK-IN,No identifying evidence,,,,
O-202609-0476,2026-09-15T10:54:00,C016,Marcus Bell,customer ID,C016,Marcus Bell,marcus.bell16@example.com,555-010-0016
O-202609-0477,2026-09-15T11:01:00,WALK-IN,WALK-IN,No identifying evidence,,,,
O-202609-0478,2026-09-15T11:22:00,C035,Ada Novak,customer ID,C035,Ada Novak,ada.novak35@example.com,555-010-0035
O-202609-0479,2026-09-15T11:38:00,C005,Aisha Rahman,customer ID,C005,Aisha Rahman,aisha.rahman5@example.com,555-010-0005
O-202609-0480,2026-09-15T11:48:00,C044,Daniel Brooks,customer ID,C044,Daniel Brooks,daniel.brooks44@example.com,555-010-0044
O-202609-0481,2026-09-15T12:10:00,WALK-IN,WALK-IN,No identifying evidence,,,,
O-202609-0482,2026-09-15T12:26:00,WALK-IN,WALK-IN,No identifying evidence,,,,
O-202609-0483,2026-09-15T12:27:00,C003,Priya Patel,customer ID,C003,Priya Patel,priya.patel3@example.com,555-010-0003
O-202609-0484,2026-09-15T13:13:00,C011,Hannah Brooks,customer ID,C011,Hannah Brooks,hannah.brooks11@example.com,555-010-0011
O-202609-0485,2026-09-15T13:31:00,C040,Kofi Quinn,exact normalized contact/name evidence,C040,Kofi,kofi.quinn40@example.com,
O-202609-0486,2026-09-15T13:44:00,C018,Ben Fischer,customer ID,C018,Ben Fischer,ben.fischer18@example.com,555-010-0018
O-202609-0487,2026-09-15T14:00:00,C002,James Chen,customer ID,C002,James Chen,james.chen2@example.com,555-010-0002
O-202609-0488,2026-09-15T14:05:00,C079,Lucia Walsh,customer ID,C079,Lucia Walsh,lucia.walsh79@example.com,555-010-0079
O-202609-0489,2026-09-15T14:18:00,C002,James Chen,customer ID,C002,James Chen,james.chen2@example.com,555-010-0002
O-202609-0490,2026-09-15T14:23:00,C004,Daniel Okafor,customer ID,C004,Daniel Okafor,daniel.okafor4@example.com,555-010-0004
O-202609-0491,2026-09-15T15:14:00,C005,Aisha Rahman,customer ID,C005,Aisha Rahman,aisha.rahman5@example.com,555-010-0005
O-202609-0492,2026-09-15T15:17:00,C009,Grace Kim,customer ID,C009,Grace Kim,grace.kim9@example.com,555-010-0009
O-202609-0493,2026-09-15T15:47:00,WALK-IN,WALK-IN,No identifying evidence,,,,
O-202609-0494,2026-09-15T16:02:00,C067,Lily Shah,customer ID,C067,Lily Shah,lily.shah67@example.com,555-010-0067
O-202609-0495,2026-09-15T16:09:00,C069,Rosa Larsen,customer ID,C069,Rosa Larsen,rosa.larsen69@example.com,555-010-0069
O-202609-0497,2026-09-15T16:32:00,C004,Daniel Okafor,customer ID,C004,Daniel Okafor,daniel.okafor4@example.com,555-010-0004
O-202609-0498,2026-09-15T16:56:00,C022,Carlos Silva,customer ID,C022,Carlos Silva,carlos.silva22@example.com,555-010-0022
O-202609-0499,2026-09-15T17:18:00,C002,James Chen,customer ID,C002,James Chen,james.chen2@example.com,555-010-0002
O-202609-0500,2026-09-15T17:22:00,C080,Kofi Tanaka,customer ID,C080,Kofi Tanaka,kofi.tanaka80@example.com,555-010-0080
O-202609-0501,2026-09-15T17:27:00,WALK-IN,WALK-IN,No identifying evidence,,,,
O-202609-0502,2026-09-15T17:53:00,C010,Omar Haddad,customer ID,C010,Omar Haddad,omar.haddad10@example.com,555-010-0010
O-202609-0503,2026-09-16T07:15:00,C001,Maria Lopez,exact normalized contact/name evidence,C001,Maria,maria.lopez1@example.com,
O-202609-0504,2026-09-16T07:37:00,WALK-IN,WALK-IN,No identifying evidence,,,,
O-202609-0505,2026-09-16T08:34:00,C004,Daniel Okafor,customer ID,C004,Daniel Okafor,daniel.okafor4@example.com,555-010-0004
O-202609-0506,2026-09-16T09:15:00,C004,Daniel Okafor,customer ID,C004,Daniel Okafor,daniel.okafor4@example.com,555-010-0004
O-202609-0507,2026-09-16T09:33:00,WALK-IN,WALK-IN,No identifying evidence,,,,
O-202609-0508,2026-09-16T10:10:00,C047,Keiko Iyer,customer ID,C047,Keiko Iyer,keiko.iyer47@example.com,555-010-0047
O-202609-0509,2026-09-16T10:45:00,WALK-IN,WALK-IN,No identifying evidence,,,,
O-202609-0510,2026-09-16T12:23:00,WALK-IN,WALK-IN,No identifying evidence,,,,
O-202609-0511,2026-09-16T13:13:00,C064,Lee Nguyen,customer ID,C063; C064,Lee Nguyen,nguyen.home@example.com,555-010-6300
O-202609-0512,2026-09-16T13:34:00,C065,Zara Ramos,customer ID,C065,Zara Ramos,zara.ramos65@example.com,555-010-0065
O-202609-0513,2026-09-16T13:49:00,C008,Luis Garcia,customer ID,C008,Luis Garcia,luis.garcia8@example.com,555-010-0008
O-202609-0514,2026-09-16T14:26:00,WALK-IN,WALK-IN,No identifying evidence,,,,
O-202609-0515,2026-09-16T14:27:00,C003,Priya Patel,customer ID,C003,Priya Patel,priya.patel3@example.com,555-010-0003
O-202609-0516,2026-09-16T14:28:00,WALK-IN,WALK-IN,No identifying evidence,,,,
O-202609-0517,2026-09-16T15:25:00,WALK-IN,WALK-IN,No identifying evidence,,,,
O-202609-0518,2026-09-16T15:33:00,C001,Maria Lopez,customer ID,C001,Maria Lopez,maria.lopez1@example.com,555-010-0001
O-202609-0519,2026-09-16T15:44:00,C001,Maria Lopez,customer ID,C001,Maria Lopez,maria.lopez1@example.com,555-010-0001
O-202609-0520,2026-09-16T15:49:00,C079,Lucia Walsh,customer ID,C079,Lucia Walsh,lucia.walsh79@example.com,555-010-0079
O-202609-0521,2026-09-16T15:56:00,C003,Priya Patel,customer ID,C003,Priya Patel,priya.patel3@example.com,555-010-0003
O-202609-0522,2026-09-16T16:16:00,C080,Kofi Tanaka,customer ID,C080,Kofi Tanaka,kofi.tanaka80@example.com,555-010-0080
O-202609-0523,2026-09-16T16:39:00,C036,Felix Larsen,customer ID,C036,Felix Larsen,felix.larsen36@example.com,555-010-0036
O-202609-0524,2026-09-16T16:54:00,C002,James Chen,customer ID,C002,James Chen,james.chen2@example.com,555-010-0002
O-202609-0525,2026-09-16T16:56:00,C012,Victor Nguyen,customer ID,C012,Victor Nguyen,victor.nguyen12@example.com,555-010-0012
O-202609-0526,2026-09-16T17:18:00,C004,Daniel Okafor,customer ID,C004,Daniel Okafor,daniel.okafor4@example.com,555-010-0004
O-202609-0527,2026-09-16T17:41:00,C074,Samir Lopez,customer ID,C074,Samir Lopez,samir.lopez74@example.com,555-010-0074
O-202609-0528,2026-09-16T17:43:00,C038,Owen Byrne,customer ID,C038,Owen Byrne,owen.byrne38@example.com,555-010-0038
O-202609-0529,2026-09-17T07:03:00,C004,Daniel Okafor,customer ID,C004,Daniel Okafor,daniel.okafor4@example.com,555-010-0004
O-202609-0530,2026-09-17T07:28:00,C053,Nina Moreau,customer ID,C053,Nina Moreau,nina.moreau53@example.com,555-010-0053
O-202609-0531,2026-09-17T08:07:00,C002,James Chen,customer ID,C002,James Chen,james.chen2@example.com,555-010-0002
O-202609-0532,2026-09-17T08:51:00,C001,Maria Lopez,customer ID,C001,Maria Lopez,maria.lopez1@example.com,555-010-0001
O-202609-0533,2026-09-17T09:28:00,C056,Marcus Hughes,customer ID,C056,Marcus Hughes,marcus.hughes56@example.com,555-010-0056
O-202609-0534,2026-09-17T09:31:00,C005,Aisha Rahman,customer ID,C005,Aisha Rahman,aisha.rahman5@example.com,555-010-0005
O-202609-0535,2026-09-17T10:08:00,C009,Grace Kim,customer ID,C009,Grace Kim,grace.kim9@example.com,555-010-0009
O-202609-0536,2026-09-17T10:27:00,C004,Daniel Okafor,customer ID,C004,Daniel Okafor,daniel.okafor4@example.com,555-010-0004
O-202609-0537,2026-09-17T10:38:00,C030,Ethan Wright,customer ID,C030,Ethan Wright,ethan.wright30@example.com,555-010-0030
O-202609-0538,2026-09-17T10:49:00,C047,Keiko Iyer,customer ID,C047,Keiko Iyer,keiko.iyer47@example.com,555-010-0047
O-202609-0539,2026-09-17T11:26:00,C004,Daniel Okafor,customer ID,C004,Daniel Okafor,daniel.okafor4@example.com,555-010-0004
O-202609-0540,2026-09-17T11:26:00,C023,Megan Hughes,customer ID,C023,Megan Hughes,megan.hughes23@example.com,555-010-0023
O-202609-0541,2026-09-17T11:57:00,C002,James Chen,customer ID,C002,James Chen,james.chen2@example.com,555-010-0002
O-202609-0542,2026-09-17T12:18:00,WALK-IN,WALK-IN,No identifying evidence,,,,
O-202609-0543,2026-09-17T12:34:00,C004,Daniel Okafor,customer ID,C004,Daniel Okafor,daniel.okafor4@example.com,555-010-0004
O-202609-0544,2026-09-17T12:47:00,C013,Nina Petrov,customer ID,C013,Nina Petrov,nina.petrov13@example.com,555-010-0013
O-202609-0545,2026-09-17T13:20:00,C053,Nina Moreau,customer ID,C053,Nina Moreau,nina.moreau53@example.com,555-010-0053
O-202609-0546,2026-09-17T13:25:00,C003,Priya Patel,customer ID,C003,Priya Patel,priya.patel3@example.com,555-010-0003
O-202609-0547,2026-09-17T13:42:00,C008,Luis Garcia,customer ID,C008,Luis Garcia,luis.garcia8@example.com,555-010-0008
O-202609-0548,2026-09-17T13:42:00,C046,Tom Petrov,customer ID,C046,TOM PETROV,tom.petrov46@example.com,555-010-0046
O-202609-0549,2026-09-17T14:03:00,WALK-IN,WALK-IN,No identifying evidence,,,,
O-202609-0550,2026-09-17T14:17:00,C024,Theo Park,customer ID,C024,Theo Park,theo.park24@example.com,555-010-0024
O-202609-0551,2026-09-17T14:57:00,WALK-IN,WALK-IN,No identifying evidence,,,,
O-202609-0552,2026-09-17T15:16:00,C055,Elena Silva,customer ID,C055,Elena Silva,elena.silva55@example.com,555-010-0055
O-202609-0553,2026-09-17T15:39:00,C021,Ivy Reed,customer ID,C021,Ivy Reed,ivy.reed21@example.com,555-010-0021
O-202609-0554,2026-09-17T15:53:00,C003,Priya Patel,customer ID,C003,Priya Patel,priya.patel3@example.com,555-010-0003
O-202609-0555,2026-09-17T15:55:00,C013,Nina Petrov,customer ID,C013,Nina Petrov,nina.petrov13@example.com,555-010-0013
O-202609-0556,2026-09-17T16:15:00,C001,Maria Lopez,customer ID,C001,Maria Lopez,maria.lopez1@example.com,555-010-0001
O-202609-0557,2026-09-17T16:24:00,WALK-IN,WALK-IN,No identifying evidence,,,,
O-202609-0558,2026-09-17T17:16:00,WALK-IN,WALK-IN,No identifying evidence,,,,
O-202609-0559,2026-09-17T17:49:00,C001,Maria Lopez,customer ID,C001,Maria Lopez,maria.lopez1@example.com,555-010-0001
O-202609-0560,2026-09-18T07:07:00,UNRESOLVED,UNRESOLVED,Conflicting contacts,C003; C070,,priya.patel3@example.com,555-010-0070
O-202609-0561,2026-09-18T07:32:00,C054,Ravi Reed,customer ID,C054,Ravi Reed,ravi.reed54@example.com,555-010-0054
O-202609-0562,2026-09-18T07:33:00,C003,Priya Patel,customer ID,C003,Priya Patel,priya.patel3@example.com,555-010-0003
O-202609-0563,2026-09-18T07:53:00,WALK-IN,WALK-IN,No identifying evidence,,,,
O-202609-0564,2026-09-18T07:57:00,C010,Omar Haddad,customer ID,C010,Omar Haddad,omar.haddad10@example.com,555-010-0010
O-202609-0565,2026-09-18T08:15:00,C044,Daniel Brooks,customer ID,C044,Daniel Brooks,daniel.brooks44@example.com,555-010-0044
O-202609-0566,2026-09-18T08:20:00,C035,Ada Novak,customer ID,C035,Ada Novak,ada.novak35@example.com,555-010-0035
O-202609-0567,2026-09-18T08:21:00,C040,Kofi Quinn,customer ID,C040,Kofi Quinn,kofi.quinn40@example.com,555-010-0040
O-202609-0568,2026-09-18T08:31:00,C029,Rosa Mendes,customer ID,C029,Rosa Mendes,rosa.mendes29@example.com,555-010-0029
O-202609-0569,2026-09-18T08:33:00,WALK-IN,WALK-IN,No identifying evidence,,,,
O-202609-0570,2026-09-18T08:46:00,C013,Nina Petrov,customer ID,C013,Nina Petrov,nina.petrov13@example.com,555-010-0013
O-202609-0571,2026-09-18T09:01:00,C070,Ethan Mensah,customer ID,C070,Ethan Mensah,ethan.mensah70@example.com,555-010-0070
O-202609-0572,2026-09-18T09:02:00,WALK-IN,WALK-IN,No identifying evidence,,,,
O-202609-0573,2026-09-18T09:05:00,C006,Tom Walsh,customer ID,C006,Tom Walsh,tom.walsh6@example.com,555-010-0006
O-202609-0574,2026-09-18T09:21:00,C001,Maria Lopez,customer ID,C001,Maria Lopez,maria.lopez1@example.com,555-010-0001
O-202609-0575,2026-09-18T09:24:00,WALK-IN,WALK-IN,No identifying evidence,,,,
O-202609-0576,2026-09-18T09:38:00,WALK-IN,WALK-IN,No identifying evidence,,,,
O-202609-0577,2026-09-18T10:09:00,C052,Victor Ali,customer ID,C052,Victor Ali,victor.ali52@example.com,555-010-0052
O-202609-0578,2026-09-18T10:22:00,WALK-IN,WALK-IN,No identifying evidence,,,,
O-202609-0579,2026-09-18T10:27:00,C002,James Chen,customer ID,C002,James Chen,james.chen2@example.com,555-010-0002
O-202609-0580,2026-09-18T10:51:00,C009,Grace Kim,customer ID,C009,Grace Kim,grace.kim9@example.com,555-010-0009
O-202609-0581,2026-09-18T10:54:00,C002,James Chen,customer ID,C002,James Chen,james.chen2@example.com,555-010-0002
O-202609-0582,2026-09-18T11:16:00,C007,Keiko Tanaka,customer ID,C007,Keiko Tanaka,keiko.tanaka7@example.com,555-010-0007
O-202609-0583,2026-09-18T11:47:00,C009,Grace Kim,customer ID,C009,Grace Kim,grace.kim9@example.com,555-010-0009
O-202609-0584,2026-09-18T11:49:00,C075,Ada Chen,customer ID,C075,Ada Chen,ada.chen75@example.com,555-010-0075
O-202609-0585,2026-09-18T13:46:00,C010,Omar Haddad,customer ID,C010,Omar Haddad,omar.haddad10@example.com,555-010-0010
O-202609-0586,2026-09-18T13:57:00,WALK-IN,WALK-IN,No identifying evidence,,,,
O-202609-0587,2026-09-18T14:59:00,C002,James Chen,customer ID,C002,James Chen,james.chen2@example.com,555-010-0002
O-202609-0588,2026-09-18T15:08:00,C004,Daniel Okafor,customer ID,C004,Daniel Okafor,daniel.okafor4@example.com,555-010-0004
O-202609-0589,2026-09-18T15:16:00,C002,James Chen,customer ID,C002,James Chen,james.chen2@example.com,555-010-0002
O-202609-0800,2026-09-25T07:07:00,C013,Nina Petrov,customer ID,C013,Nina Petrov,nina.petrov13@example.com,555-010-0013
O-202609-0590,2026-09-18T15:41:00,C011,Hannah Brooks,customer ID,C011,Hannah Brooks,hannah.brooks11@example.com,555-010-0011
O-202609-0591,2026-09-18T15:50:00,C005,Aisha Rahman,customer ID,C005,Aisha Rahman,aisha.rahman5@example.com,555-010-0005
O-202609-0592,2026-09-18T16:14:00,C008,Luis Garcia,customer ID,C008,Luis Garcia,luis.garcia8@example.com,555-010-0008
O-202609-0593,2026-09-18T16:17:00,C018,Ben Fischer,customer ID,C018,Ben Fischer,ben.fischer18@example.com,555-010-0018
O-202609-0594,2026-09-18T16:22:00,C045,Aisha Nguyen,customer ID,C045,Aisha Nguyen,aisha.nguyen45@example.com,555-010-0045
O-202609-0595,2026-09-18T17:05:00,C010,Omar Haddad,customer ID,C010,Omar Haddad,omar.haddad10@example.com,555-010-0010
O-202609-0596,2026-09-18T17:07:00,C053,Nina Moreau,customer ID,C053,Nina Moreau,nina.moreau53@example.com,555-010-0053
O-202609-0597,2026-09-18T17:19:00,C008,Luis Garcia,customer ID,C008,Luis Garcia,luis.garcia8@example.com,555-010-0008
O-202609-0598,2026-09-18T17:26:00,C079,Lucia Walsh,customer ID,C079,Lucia Walsh,lucia.walsh79@example.com,555-010-0079
O-202609-0599,2026-09-19T07:01:00,WALK-IN,WALK-IN,No identifying evidence,,,,
O-202609-0600,2026-09-19T07:02:00,C009,Grace Kim,customer ID,C009,Grace Kim,grace.kim9@example.com,555-010-0009
O-202609-0601,2026-09-19T07:15:00,C019,Fatima Ali,customer ID,C019,Fatima Ali,fatima.ali19@example.com,555-010-0019
O-202609-0602,2026-09-19T07:56:00,C003,Priya Patel,customer ID,C003,Priya Patel,priya.patel3@example.com,555-010-0003
O-202609-0603,2026-09-19T08:24:00,C006,Tom Walsh,customer ID,C006,Tom Walsh,tom.walsh6@example.com,555-010-0006
O-202609-0604,2026-09-19T08:27:00,C005,Aisha Rahman,customer ID,C005,Aisha Rahman,aisha.rahman5@example.com,555-010-0005
O-202609-0605,2026-09-19T08:37:00,C005,Aisha Rahman,customer ID,C005,Aisha Rahman,aisha.rahman5@example.com,555-010-0005
O-202609-0606,2026-09-19T09:01:00,C008,Luis Garcia,customer ID,C008,Luis Garcia,luis.garcia8@example.com,555-010-0008
O-202609-0607,2026-09-19T09:24:00,C013,Nina Petrov,customer ID,C013,Nina Petrov,nina.petrov13@example.com,555-010-0013
O-202609-0608,2026-09-19T09:47:00,WALK-IN,WALK-IN,No identifying evidence,,,,
O-202609-0609,2026-09-19T09:52:00,C074,Samir Lopez,customer ID,C074,Samir Lopez,samir.lopez74@example.com,555-010-0074
O-202609-0610,2026-09-19T10:47:00,C059,Fatima Evans,customer ID,C059,Fatima Evans,fatima.evans59@example.com,555-010-0059
O-202609-0611,2026-09-19T11:15:00,C036,Felix Larsen,customer ID,C036,Felix Larsen,felix.larsen36@example.com,555-010-0036
O-202609-0612,2026-09-19T11:18:00,C004,Daniel Okafor,customer ID,C004,Daniel Okafor,daniel.okafor4@example.com,555-010-0004
O-202609-0613,2026-09-19T11:23:00,C019,Fatima Ali,customer ID,C019,Fatima Ali,fatima.ali19@example.com,555-010-0019
O-202609-0614,2026-09-19T11:35:00,C019,Fatima Ali,customer ID,C019,Fatima Ali,fatima.ali19@example.com,555-010-0019
O-202609-0615,2026-09-19T11:47:00,C010,Omar Haddad,exact normalized contact/name evidence,C010,Omar,OMAR.HADDAD10@EXAMPLE.COM,
O-202609-0616,2026-09-19T11:58:00,C006,Tom Walsh,customer ID,C006,Tom Walsh,tom.walsh6@example.com,555-010-0006
O-202609-0617,2026-09-19T12:11:00,C053,Nina Moreau,customer ID,C053,Nina Moreau,nina.moreau53@example.com,555-010-0053
O-202609-0618,2026-09-19T12:12:00,C050,Omar Costa,customer ID,C050,Omar Costa,omar.costa50@example.com,555-010-0050
O-202609-0619,2026-09-19T12:41:00,C055,Elena Silva,customer ID,C055,Elena Silva,elena.silva55@example.com,555-010-0055
O-202609-0620,2026-09-19T12:51:00,C052,Victor Ali,customer ID,C052,Victor Ali,victor.ali52@example.com,555-010-0052
O-202609-0621,2026-09-19T13:23:00,WALK-IN,WALK-IN,No identifying evidence,,,,
O-202609-0622,2026-09-19T14:08:00,C004,Daniel Okafor,customer ID,C004,Daniel Okafor,daniel.okafor4@example.com,555-010-0004
O-202609-0623,2026-09-19T14:45:00,C046,Tom Petrov,customer ID,C046,Tom Petrov,tom.petrov46@example.com,555-010-0046
O-202609-0624,2026-09-19T14:47:00,C013,Nina Petrov,customer ID,C013,NINA PETROV,nina.petrov13@example.com,555-010-0013
O-202609-0625,2026-09-19T15:17:00,C055,Elena Silva,customer ID,C055,Elena Silva,elena.silva55@example.com,555-010-0055
O-202609-0626,2026-09-19T15:57:00,C013,Nina Petrov,customer ID,C013,Nina Petrov,nina.petrov13@example.com,555-010-0013
O-202609-0627,2026-09-19T16:26:00,C034,Samir Shah,customer ID,C034,Samir Shah,samir.shah34@example.com,555-010-0034
O-202609-0628,2026-09-19T16:34:00,C061,Ivy Grant,customer ID,C061,Ivy Grant,ivy.grant61@example.com,555-010-0061
O-202609-0629,2026-09-19T17:11:00,C016,Marcus Bell,customer ID,C016,Marcus Bell,marcus.bell16@example.com,555-010-0016
O-202609-0630,2026-09-19T17:16:00,WALK-IN,WALK-IN,No identifying evidence,,,,
O-202609-0631,2026-09-19T17:35:00,C079,Lucia Walsh,customer ID,C079,Lucia Walsh,lucia.walsh79@example.com,555-010-0079
O-202609-0632,2026-09-19T17:41:00,C068,Jonah Novak,customer ID,C068,Jonah Novak,jonah.novak68@example.com,555-010-0068
O-202609-0633,2026-09-19T17:51:00,C059,Fatima Evans,customer ID,C059,Fatima Evans,fatima.evans59@example.com,555-010-0059
O-202609-0634,2026-09-20T07:02:00,C044,Daniel Brooks,customer ID,C044,Daniel Brooks,daniel.brooks44@example.com,555-010-0044
O-202609-0635,2026-09-20T07:12:00,C045,Aisha Nguyen,customer ID,C045,Aisha Nguyen,aisha.nguyen45@example.com,555-010-0045
O-202609-0636,2026-09-20T07:57:00,WALK-IN,WALK-IN,No identifying evidence,,,,
O-202609-0637,2026-09-20T08:07:00,C048,Luis Rossi,customer ID,C048,Luis Rossi,luis.rossi48@example.com,555-010-0048
O-202609-0638,2026-09-20T08:15:00,C001,Maria Lopez,customer ID,C001,Maria Lopez,maria.lopez1@example.com,555-010-0001
O-202609-0639,2026-09-20T08:17:00,C004,Daniel Okafor,customer ID,C004,Daniel Okafor,daniel.okafor4@example.com,555-010-0004
O-202609-0640,2026-09-20T08:20:00,C010,Omar Haddad,customer ID,C010,Omar Haddad,omar.haddad10@example.com,555-010-0010
O-202609-0641,2026-09-20T08:27:00,C003,Priya Patel,customer ID,C003,Priya Patel,priya.patel3@example.com,555-010-0003
O-202609-0642,2026-09-20T08:39:00,C029,Rosa Mendes,customer ID,C029,Rosa Mendes,rosa.mendes29@example.com,555-010-0029
O-202609-0643,2026-09-20T08:52:00,C005,Aisha Rahman,customer ID,C005,Aisha Rahman,aisha.rahman5@example.com,555-010-0005
O-202609-0644,2026-09-20T09:39:00,C009,Grace Kim,customer ID,C009,Grace Kim,grace.kim9@example.com,555-010-0009
O-202609-0645,2026-09-20T10:11:00,WALK-IN,WALK-IN,No identifying evidence,,,,
O-202609-0646,2026-09-20T10:33:00,C003,Priya Patel,customer ID,C003,Priya Patel,priya.patel3@example.com,555-010-0003
O-202609-0647,2026-09-20T10:38:00,C002,James Chen,customer ID,C002,James Chen,james.chen2@example.com,555-010-0002
O-202609-0648,2026-09-20T10:44:00,C031,Mei Liu,customer ID,C031,Mei Liu,mei.liu31@example.com,555-010-0031
O-202609-0649,2026-09-20T11:40:00,C031,Mei Liu,customer ID,C031,Mei Liu,mei.liu31@example.com,555-010-0031
O-202609-0650,2026-09-20T12:09:00,WALK-IN,WALK-IN,No identifying evidence,,,,
O-202609-0651,2026-09-20T12:24:00,C002,James Chen,customer ID,C002,James Chen,james.chen2@example.com,555-010-0002
O-202609-0652,2026-09-20T14:00:00,C011,Hannah Brooks,customer ID,C011,Hannah Brooks,hannah.brooks11@example.com,555-010-0011
O-202609-0653,2026-09-20T14:07:00,WALK-IN,WALK-IN,No identifying evidence,,,,
O-202609-0654,2026-09-20T14:08:00,C006,Tom Walsh,customer ID,C006,Tom Walsh,tom.walsh6@example.com,555-010-0006
O-202609-0655,2026-09-20T14:22:00,C068,Jonah Novak,customer ID,C068,Jonah Novak,jonah.novak68@example.com,555-010-0068
O-202609-0656,2026-09-20T14:40:00,C007,Keiko Tanaka,customer ID,C007,Keiko Tanaka,keiko.tanaka7@example.com,555-010-0007
O-202609-0657,2026-09-20T15:21:00,C007,Keiko Tanaka,customer ID,C007,Keiko Tanaka,keiko.tanaka7@example.com,555-010-0007
O-202609-0658,2026-09-20T15:38:00,C004,Daniel Okafor,customer ID,C004,Daniel Okafor,daniel.okafor4@example.com,555-010-0004
O-202609-0659,2026-09-20T15:39:00,C005,Aisha Rahman,customer ID,C005,Aisha Rahman,aisha.rahman5@example.com,555-010-0005
O-202609-0660,2026-09-20T16:08:00,WALK-IN,WALK-IN,No identifying evidence,,,,
O-202609-0661,2026-09-20T16:37:00,C003,Priya Patel,customer ID,C003,Priya Patel,priya.patel3@example.com,555-010-0003
O-202609-0662,2026-09-20T17:38:00,WALK-IN,WALK-IN,No identifying evidence,,,,
O-202609-0663,2026-09-20T17:58:00,C013,Nina Petrov,customer ID,C013,Nina Petrov,nina.petrov13@example.com,555-010-0013
O-202609-0664,2026-09-21T07:07:00,C069,Rosa Larsen,customer ID,C069,Rosa Larsen,rosa.larsen69@example.com,555-010-0069
O-202609-0665,2026-09-21T07:11:00,C038,Owen Byrne,customer ID,C038,Owen Byrne,owen.byrne38@example.com,555-010-0038
O-202609-0666,2026-09-21T07:19:00,C006,Tom Walsh,customer ID,C006,Tom Walsh,tom.walsh6@example.com,555-010-0006
O-202609-0667,2026-09-21T07:23:00,C036,Felix Larsen,customer ID,C036,Felix Larsen,felix.larsen36@example.com,555-010-0036
O-202609-0668,2026-09-21T07:34:00,WALK-IN,WALK-IN,No identifying evidence,,,,
O-202609-0670,2026-09-21T08:09:00,C034,Samir Shah,customer ID,C034,Samir Shah,samir.shah34@example.com,555-010-0034
O-202609-0671,2026-09-21T10:04:00,C073,Chloe Quinn,customer ID,C073,Chloe Quinn,chloe.quinn73@example.com,555-010-0073
O-202609-0672,2026-09-21T10:12:00,WALK-IN,WALK-IN,No identifying evidence,,,,
O-202609-0673,2026-09-21T10:35:00,C012,Victor Nguyen,customer ID,C012,Victor Nguyen,victor.nguyen12@example.com,555-010-0012
O-202609-0675,2026-09-21T11:20:00,WALK-IN,WALK-IN,No identifying evidence,,,,
O-202609-0676,2026-09-21T11:20:00,C009,Grace Kim,customer ID,C009,Grace Kim,grace.kim9@example.com,555-010-0009
O-202609-0677,2026-09-21T11:22:00,C017,Sofia Costa,customer ID,C017,Sofia Costa,sofia.costa17@example.com,555-010-0017
O-202609-0678,2026-09-21T11:41:00,C001,Maria Lopez,customer ID,C001,Maria Lopez,maria.lopez1@example.com,555-010-0001
O-202609-0679,2026-09-21T11:44:00,WALK-IN,WALK-IN,No identifying evidence,,,,
O-202609-0680,2026-09-21T12:08:00,C019,Fatima Ali,customer ID,C019,Fatima Ali,fatima.ali19@example.com,555-010-0019
O-202609-0681,2026-09-21T12:15:00,C072,Diego Sato,customer ID,C072,Diego Sato,diego.sato72@example.com,555-010-0072
O-202609-0682,2026-09-21T12:19:00,C062,Carlos Mendes,customer ID,C062,Carlos Mendes,carlos.mendes62@example.com,555-010-0062
O-202609-0683,2026-09-21T13:35:00,C007,Keiko Tanaka,customer ID,C007,Keiko Tanaka,keiko.tanaka7@example.com,555-010-0007
O-202609-0684,2026-09-21T13:39:00,WALK-IN,WALK-IN,No identifying evidence,,,,
O-202609-0685,2026-09-21T14:05:00,WALK-IN,WALK-IN,No identifying evidence,,,,
O-202609-0686,2026-09-21T14:23:00,C018,Ben Fischer,customer ID,C018,Ben Fischer,ben.fischer18@example.com,555-010-0018
O-202609-0687,2026-09-21T14:48:00,C010,Omar Haddad,customer ID,C010,Omar Haddad,omar.haddad10@example.com,555-010-0010
O-202609-0688,2026-09-21T15:22:00,C078,Owen Rahman,customer ID,C078,Owen Rahman,owen.rahman78@example.com,555-010-0078
O-202609-0689,2026-09-21T15:59:00,C019,Fatima Ali,customer ID,C019,Fatima Ali,fatima.ali19@example.com,555-010-0019
O-202609-0690,2026-09-21T16:18:00,C069,Rosa Larsen,customer ID,C069,Rosa Larsen,rosa.larsen69@example.com,555-010-0069
O-202609-0691,2026-09-21T16:24:00,C003,Priya Patel,customer ID,C003,Priya Patel,priya.patel3@example.com,555-010-0003
O-202609-0692,2026-09-21T16:36:00,C005,Aisha Rahman,customer ID,C005,Aisha Rahman,aisha.rahman5@example.com,555-010-0005
O-202609-0693,2026-09-21T17:13:00,C051,Hannah Fischer,customer ID,C051,Hannah Fischer,hannah.fischer51@example.com,555-010-0051
O-202609-0694,2026-09-21T17:28:00,C007,Keiko Tanaka,customer ID,C007,Keiko Tanaka,keiko.tanaka7@example.com,555-010-0007
O-202609-0695,2026-09-21T17:37:00,WALK-IN,WALK-IN,No identifying evidence,,,,
O-202609-0696,2026-09-22T07:19:00,C005,Aisha Rahman,customer ID,C005,Aisha Rahman,aisha.rahman5@example.com,555-010-0005
O-202609-0697,2026-09-22T07:29:00,C036,Felix Larsen,customer ID,C036,Felix Larsen,felix.larsen36@example.com,555-010-0036
O-202609-0698,2026-09-22T07:43:00,C061,Ivy Grant,customer ID,C061,Ivy Grant,ivy.grant61@example.com,555-010-0061
O-202609-0699,2026-09-22T08:05:00,C004,Daniel Okafor,customer ID,C004,Daniel Okafor,daniel.okafor4@example.com,555-010-0004
O-202609-0700,2026-09-22T08:27:00,C003,Priya Patel,customer ID,C003,Priya Patel,priya.patel3@example.com,555-010-0003
O-202609-0701,2026-09-22T09:23:00,C010,Omar Haddad,customer ID,C010,Omar Haddad,omar.haddad10@example.com,555-010-0010
O-202609-0702,2026-09-22T09:32:00,C056,Marcus Hughes,customer ID,C056,Marcus Hughes,marcus.hughes56@example.com,555-010-0056
O-202609-0703,2026-09-22T09:45:00,C018,Ben Fischer,customer ID,C018,Ben Fischer,ben.fischer18@example.com,555-010-0018
O-202609-0704,2026-09-22T10:02:00,C049,Grace Bell,customer ID,C049,Grace Bell,grace.bell49@example.com,555-010-0049
O-202609-0705,2026-09-22T10:04:00,C044,Daniel Brooks,customer ID,C044,Daniel Brooks,daniel.brooks44@example.com,555-010-0044
O-202609-0707,2026-09-22T10:12:00,C011,Hannah Brooks,customer ID,C011,Hannah Brooks,hannah.brooks11@example.com,555-010-0011
O-202609-0708,2026-09-22T10:15:00,C077,Yara Okafor,customer ID,C077,Yara Okafor,yara.okafor77@example.com,555-010-0077
O-202609-0709,2026-09-22T10:53:00,C012,Victor Nguyen,customer ID,C012,Victor Nguyen,victor.nguyen12@example.com,555-010-0012
O-202609-0710,2026-09-22T12:18:00,C013,Nina Petrov,customer ID,C013,Nina Petrov,nina.petrov13@example.com,555-010-0013
O-202609-0711,2026-09-22T13:10:00,C052,Victor Ali,customer ID,C052,"Ali, Victor",victor.ali52@example.com,555-010-0052
O-202609-0712,2026-09-22T13:31:00,WALK-IN,WALK-IN,No identifying evidence,,,,
O-202609-0713,2026-09-22T13:49:00,C005,Aisha Rahman,customer ID,C005,Aisha Rahman,aisha.rahman5@example.com,555-010-0005
O-202609-0714,2026-09-22T13:53:00,C011,Hannah Brooks,customer ID,C011,Hannah Brooks,hannah.brooks11@example.com,555-010-0011
O-202609-0715,2026-09-22T14:27:00,C055,Elena Silva,customer ID,C055,Elena Silva,elena.silva55@example.com,555-010-0055
O-202609-0716,2026-09-22T14:31:00,C065,Zara Ramos,customer ID,C065,Zara Ramos,zara.ramos65@example.com,555-010-0065
O-202609-0717,2026-09-22T14:55:00,C017,Sofia Costa,customer ID,C017,Sofia Costa,sofia.costa17@example.com,555-010-0017
O-202609-0718,2026-09-22T14:56:00,C043,Priya Haddad,customer ID,C043,Priya Haddad,priya.haddad43@example.com,555-010-0043
O-202609-0719,2026-09-22T15:28:00,WALK-IN,WALK-IN,No identifying evidence,,,,
O-202609-0720,2026-09-22T15:48:00,C013,Nina Petrov,customer ID,C013,Nina Petrov,nina.petrov13@example.com,555-010-0013
O-202609-0721,2026-09-22T15:54:00,C077,Yara Okafor,customer ID,C077,Yara Okafor,yara.okafor77@example.com,555-010-0077
O-202609-0722,2026-09-22T16:03:00,WALK-IN,WALK-IN,No identifying evidence,,,,
O-202609-0723,2026-09-22T16:13:00,C046,Tom Petrov,customer ID,C046,Tom Petrov,tom.petrov46@example.com,555-010-0046
O-202609-0724,2026-09-22T17:06:00,C003,Priya Patel,customer ID,C003,Priya Patel,priya.patel3@example.com,555-010-0003
O-202609-0725,2026-09-22T17:23:00,WALK-IN,WALK-IN,No identifying evidence,,,,
O-202609-0726,2026-09-22T17:49:00,C005,Aisha Rahman,customer ID,C005,Aisha Rahman,aisha.rahman5@example.com,555-010-0005
O-202609-0727,2026-09-23T07:25:00,C038,Owen Byrne,customer ID,C038,Owen Byrne,owen.byrne38@example.com,555-010-0038
O-202609-0728,2026-09-23T07:28:00,C003,Priya Patel,customer ID,C003,Priya Patel,priya.patel3@example.com,555-010-0003
O-202609-0729,2026-09-23T07:37:00,C016,Marcus Bell,customer ID,C016,Marcus Bell,marcus.bell16@example.com,555-010-0016
O-202609-0730,2026-09-23T07:38:00,C001,Maria Lopez,customer ID,C001,Maria Lopez,maria.lopez1@example.com,555-010-0001
O-202609-0731,2026-09-23T08:02:00,C036,Felix Larsen,customer ID,C036,Felix Larsen,felix.larsen36@example.com,555-010-0036
O-202609-0732,2026-09-23T08:49:00,C012,Victor Nguyen,customer ID,C012,Victor Nguyen,victor.nguyen12@example.com,555-010-0012
O-202609-0733,2026-09-23T08:59:00,C002,James Chen,customer ID,C002,James Chen,james.chen2@example.com,555-010-0002
O-202609-0734,2026-09-23T09:24:00,C001,Maria Lopez,customer ID,C001,Maria Lopez,maria.lopez1@example.com,555-010-0001
O-202609-0735,2026-09-23T09:37:00,C025,Zara Khan,customer ID,C025,Zara Khan,zara.khan25@example.com,555-010-0025
O-202609-0736,2026-09-23T10:03:00,C029,Rosa Mendes,customer ID,C029,Rosa Mendes,rosa.mendes29@example.com,555-010-0029
O-202609-0737,2026-09-23T10:26:00,C030,Ethan Wright,customer ID,C030,Ethan Wright,ethan.wright30@example.com,555-010-0030
O-202609-0738,2026-09-23T10:29:00,C004,Daniel Okafor,customer ID,C004,Daniel Okafor,daniel.okafor4@example.com,555-010-0004
O-202609-0739,2026-09-23T10:32:00,WALK-IN,WALK-IN,No identifying evidence,,,,
O-202609-0740,2026-09-23T10:57:00,C059,Fatima Evans,customer ID,C059,Fatima Evans,fatima.evans59@example.com,555-010-0059
O-202609-0741,2026-09-23T12:17:00,C048,Luis Rossi,customer ID,C048,Luis Rossi,luis.rossi48@example.com,555-010-0048
O-202609-0742,2026-09-23T12:22:00,C042,Dana Ortiz,customer ID,C041; C042,Dana Ortiz,ortiz.family@example.com,555-010-4100
O-202609-0744,2026-09-23T12:26:00,C004,Daniel Okafor,customer ID,C004,Daniel Okafor,daniel.okafor4@example.com,555-010-0004
O-202609-0745,2026-09-23T12:44:00,C068,Jonah Novak,customer ID,C068,Jonah Novak,jonah.novak68@example.com,555-010-0068
O-202609-0746,2026-09-23T12:46:00,C079,Lucia Walsh,customer ID,C079,Lucia Walsh,lucia.walsh79@example.com,555-010-0079
O-202609-0747,2026-09-23T13:01:00,C058,Chris Lee,customer ID,C027; C058,Chris Lee,chris.lee58@example.com,555-010-0058
O-202609-0748,2026-09-23T13:01:00,C011,Hannah Brooks,customer ID,C011,Hannah Brooks,hannah.brooks11@example.com,555-010-0011
O-202609-0749,2026-09-23T13:35:00,C066,Noah Martin,customer ID,C066,Noah Martin,noah.martin66@example.com,555-010-0066
O-202609-0750,2026-09-23T14:31:00,C011,Hannah Brooks,customer ID,C011,Hannah Brooks,hannah.brooks11@example.com,555-010-0011
O-202609-0751,2026-09-23T14:44:00,WALK-IN,WALK-IN,No identifying evidence,,,,
O-202609-0752,2026-09-23T14:45:00,WALK-IN,WALK-IN,No identifying evidence,,,,
O-202609-0754,2026-09-23T15:19:00,C040,Kofi Quinn,customer ID,C040,Kofi Quinn,kofi.quinn40@example.com,555-010-0040
O-202609-0755,2026-09-23T15:46:00,C005,Aisha Rahman,customer ID,C005,Aisha Rahman,aisha.rahman5@example.com,555-010-0005
O-202609-0756,2026-09-23T15:51:00,C013,Nina Petrov,customer ID,C013,Nina Petrov,nina.petrov13@example.com,555-010-0013
O-202609-0757,2026-09-23T17:01:00,C053,Nina Moreau,customer ID,C053,Nina Moreau,nina.moreau53@example.com,555-010-0053
O-202609-0758,2026-09-23T17:04:00,C004,Daniel Okafor,customer ID,C004,Daniel Okafor,daniel.okafor4@example.com,555-010-0004
O-202609-0759,2026-09-23T17:05:00,WALK-IN,WALK-IN,No identifying evidence,,,,
O-202609-0760,2026-09-23T17:22:00,WALK-IN,WALK-IN,No identifying evidence,,,,
O-202609-0761,2026-09-23T17:27:00,C002,James Chen,customer ID,C002,James Chen,james.chen2@example.com,555-010-0002
O-202609-0762,2026-09-23T17:59:00,C026,Noah Evans,customer ID,C026,Noah Evans,noah.evans26@example.com,555-010-0026
O-202609-0763,2026-09-24T07:01:00,C002,James Chen,customer ID,C002,James Chen,james.chen2@example.com,555-010-0002
O-202609-0764,2026-09-24T07:49:00,C070,Ethan Mensah,customer ID,C070,Ethan Mensah,ethan.mensah70@example.com,555-010-0070
O-202609-0765,2026-09-24T08:06:00,WALK-IN,WALK-IN,No identifying evidence,,,,
O-202609-0766,2026-09-24T08:11:00,WALK-IN,WALK-IN,No identifying evidence,,,,
O-202609-0767,2026-09-24T08:16:00,WALK-IN,WALK-IN,No identifying evidence,,,,
O-202609-0768,2026-09-24T08:21:00,C004,Daniel Okafor,customer ID,C004,Daniel Okafor,daniel.okafor4@example.com,555-010-0004
O-202609-0769,2026-09-24T08:26:00,C025,Zara Khan,customer ID,C025,Zara Khan,zara.khan25@example.com,555-010-0025
O-202609-0770,2026-09-24T08:40:00,C009,Grace Kim,customer ID,C009,Grace Kim,grace.kim9@example.com,555-010-0009
O-202609-0771,2026-09-24T08:47:00,C006,Tom Walsh,customer ID,C006,Tom Walsh,tom.walsh6@example.com,555-010-0006
O-202609-0772,2026-09-24T08:49:00,C055,Elena Silva,customer ID,C055,Elena Silva,elena.silva55@example.com,555-010-0055
O-202609-0773,2026-09-24T08:50:00,C070,Ethan Mensah,customer ID,C070,Ethan Mensah,ethan.mensah70@example.com,555-010-0070
O-202609-0774,2026-09-24T09:00:00,C001,Maria Lopez,customer ID,C001,Maria Lopez,maria.lopez1@example.com,555-010-0001
O-202609-0775,2026-09-24T09:03:00,WALK-IN,WALK-IN,No identifying evidence,,,,
O-202609-0776,2026-09-24T09:47:00,WALK-IN,WALK-IN,No identifying evidence,,,,
O-202609-0777,2026-09-24T09:54:00,C039,Lucia Sato,customer ID,C039,Lucia Sato,lucia.sato39@example.com,555-010-0039
O-202609-0778,2026-09-24T09:59:00,C077,Yara Okafor,customer ID,C077,Yara Okafor,yara.okafor77@example.com,555-010-0077
O-202609-0779,2026-09-24T10:08:00,C001,Maria Lopez,customer ID,C001,Maria Lopez,maria.lopez1@example.com,555-010-0001
O-202609-0780,2026-09-24T10:39:00,C029,Rosa Mendes,customer ID,C029,Rosa Mendes,rosa.mendes29@example.com,555-010-0029
O-202609-0781,2026-09-24T11:20:00,C019,Fatima Ali,customer ID,C019,Fatima Ali,fatima.ali19@example.com,555-010-0019
O-202609-0782,2026-09-24T12:00:00,C073,Chloe Quinn,customer ID,C073,Chloe Quinn,chloe.quinn73@example.com,555-010-0073
O-202609-0783,2026-09-24T12:14:00,WALK-IN,WALK-IN,No identifying evidence,,,,
O-202609-0784,2026-09-24T12:17:00,C007,Keiko Tanaka,customer ID,C007,Keiko Tanaka,keiko.tanaka7@example.com,555-010-0007
O-202609-0785,2026-09-24T12:29:00,C009,Grace Kim,customer ID,C009,Grace Kim,grace.kim9@example.com,555-010-0009
O-202609-0786,2026-09-24T12:42:00,C074,Samir Lopez,customer ID,C074,Samir Lopez,samir.lopez74@example.com,555-010-0074
O-202609-0787,2026-09-24T12:45:00,C003,Priya Patel,customer ID,C003,Priya Patel,priya.patel3@example.com,555-010-0003
O-202609-0788,2026-09-24T12:47:00,C005,Aisha Rahman,customer ID,C005,Aisha Rahman,aisha.rahman5@example.com,555-010-0005
O-202609-0789,2026-09-24T13:01:00,C069,Rosa Larsen,customer ID,C069,Rosa Larsen,rosa.larsen69@example.com,555-010-0069
O-202609-0790,2026-09-24T13:46:00,C013,Nina Petrov,customer ID,C013,Nina Petrov,nina.petrov13@example.com,555-010-0013
O-202609-0791,2026-09-24T14:00:00,C001,Maria Lopez,customer ID,C001,Maria Lopez,maria.lopez1@example.com,555-010-0001
O-202609-0792,2026-09-24T14:57:00,C002,James Chen,customer ID,C002,James Chen,james.chen2@example.com,555-010-0002
O-202609-0793,2026-09-24T15:09:00,C011,Hannah Brooks,customer ID,C011,Hannah Brooks,hannah.brooks11@example.com,555-010-0011
O-202609-0794,2026-09-24T15:51:00,C008,Luis Garcia,customer ID,C008,Luis Garcia,luis.garcia8@example.com,555-010-0008
O-202609-0795,2026-09-24T16:01:00,C007,Keiko Tanaka,customer ID,C007,Keiko Tanaka,keiko.tanaka7@example.com,555-010-0007
O-202609-0796,2026-09-24T16:49:00,C036,Felix Larsen,customer ID,C036,Felix Larsen,felix.larsen36@example.com,555-010-0036
O-202609-0797,2026-09-24T17:30:00,WALK-IN,WALK-IN,No identifying evidence,,,,
O-202609-0798,2026-09-24T17:45:00,C003,Priya Patel,customer ID,C003,Priya Patel,priya.patel3@example.com,555-010-0003
O-202609-0799,2026-09-24T17:45:00,C006,Tom Walsh,customer ID,C006,Tom Walsh,tom.walsh6@example.com,555-010-0006
O-202609-0801,2026-09-25T07:13:00,WALK-IN,WALK-IN,No identifying evidence,,,,
O-202609-0802,2026-09-25T07:22:00,C017,Sofia Costa,customer ID,C017,Sofia Costa,sofia.costa17@example.com,555-010-0017
O-202609-0803,2026-09-25T07:30:00,WALK-IN,WALK-IN,No identifying evidence,,,,
O-202609-0804,2026-09-25T08:01:00,C005,Aisha Rahman,customer ID,C005,Aisha Rahman,aisha.rahman5@example.com,555-010-0005
O-202609-0805,2026-09-25T08:04:00,C034,Samir Shah,customer ID,C034,Samir Shah,samir.shah34@example.com,555-010-0034
O-202609-0806,2026-09-25T09:07:00,C007,Keiko Tanaka,customer ID,C007,Keiko Tanaka,keiko.tanaka7@example.com,555-010-0007
O-202609-0807,2026-09-25T09:22:00,C007,Keiko Tanaka,customer ID,C007,Keiko Tanaka,keiko.tanaka7@example.com,555-010-0007
O-202609-0808,2026-09-25T09:39:00,C012,Victor Nguyen,customer ID,C012,Victor Nguyen,victor.nguyen12@example.com,555-010-0012
O-202609-0809,2026-09-25T10:19:00,C005,Aisha Rahman,customer ID,C005,Aisha Rahman,aisha.rahman5@example.com,555-010-0005
O-202609-0810,2026-09-25T10:25:00,C006,Tom Walsh,customer ID,C006,Tom Walsh,tom.walsh6@example.com,555-010-0006
O-202609-0811,2026-09-25T10:30:00,C010,Omar Haddad,customer ID,C010,Omar Haddad,omar.haddad10@example.com,555-010-0010
O-202609-0812,2026-09-25T10:54:00,C032,Diego Ramos,customer ID,C032,Diego Ramos,diego.ramos32@example.com,555-010-0032
O-202609-0813,2026-09-25T11:06:00,C011,Hannah Brooks,customer ID,C011,Hannah Brooks,hannah.brooks11@example.com,555-010-0011
O-202609-0814,2026-09-25T11:13:00,C052,Victor Ali,customer ID,C052,Victor Ali,victor.ali52@example.com,555-010-0052
O-202609-0815,2026-09-25T11:20:00,C004,Daniel Okafor,customer ID,C004,Daniel Okafor,daniel.okafor4@example.com,555-010-0004
O-202609-0816,2026-09-25T11:40:00,C045,Aisha Nguyen,customer ID,C045,Aisha Nguyen,aisha.nguyen45@example.com,555-010-0045
O-202609-0817,2026-09-25T11:57:00,C005,Aisha Rahman,customer ID,C005,Aisha Rahman,aisha.rahman5@example.com,555-010-0005
O-202609-0818,2026-09-25T12:07:00,C001,Maria Lopez,customer ID,C001,Maria Lopez,maria.lopez1@example.com,555-010-0001
O-202609-0819,2026-09-25T12:09:00,C012,Victor Nguyen,customer ID,C012,Victor Nguyen,victor.nguyen12@example.com,555-010-0012
O-202609-0820,2026-09-25T13:07:00,C032,Diego Ramos,customer ID,C032,Diego Ramos,diego.ramos32@example.com,555-010-0032
O-202609-0821,2026-09-25T13:27:00,C001,Maria Lopez,customer ID,C001,Maria Lopez,maria.lopez1@example.com,555-010-0001
O-202609-0822,2026-09-25T13:29:00,WALK-IN,WALK-IN,No identifying evidence,,,,
O-202609-0823,2026-09-25T13:41:00,C013,Nina Petrov,customer ID,C013,Nina Petrov,nina.petrov13@example.com,555-010-0013
O-202609-0824,2026-09-25T13:56:00,C003,Priya Patel,customer ID,C003,Priya Patel,priya.patel3@example.com,555-010-0003
O-202609-0825,2026-09-25T14:28:00,C012,Victor Nguyen,customer ID,C012,Victor Nguyen,victor.nguyen12@example.com,555-010-0012
O-202609-0826,2026-09-25T14:33:00,C013,Nina Petrov,customer ID,C013,Nina Petrov,nina.petrov13@example.com,555-010-0013
O-202609-0827,2026-09-25T14:33:00,WALK-IN,WALK-IN,No identifying evidence,,,,
O-202609-0828,2026-09-25T14:34:00,WALK-IN,WALK-IN,No identifying evidence,,,,
O-202609-0829,2026-09-25T15:05:00,WALK-IN,WALK-IN,No identifying evidence,,,,
O-202609-0830,2026-09-25T15:11:00,C020,Leo Moreau,customer ID,C020,Leo Moreau,leo.moreau20@example.com,555-010-0020
O-202609-0831,2026-09-25T15:13:00,C001,Maria Lopez,customer ID,C001,Maria Lopez,maria.lopez1@example.com,555-010-0001
O-202609-0832,2026-09-25T15:36:00,C050,Omar Costa,customer ID,C050,Omar Costa,omar.costa50@example.com,555-010-0050
O-202609-0833,2026-09-25T16:12:00,C019,Fatima Ali,customer ID,C019,Fatima Ali,fatima.ali19@example.com,555-010-0019
O-202609-0834,2026-09-25T16:14:00,C051,Hannah Fischer,customer ID,C051,Hannah Fischer,hannah.fischer51@example.com,555-010-0051
O-202609-0835,2026-09-25T16:57:00,C001,Maria Lopez,customer ID,C001,Maria Lopez,maria.lopez1@example.com,555-010-0001
O-202609-0836,2026-09-26T07:45:00,C006,Tom Walsh,customer ID,C006,Tom Walsh,tom.walsh6@example.com,555-010-0006
O-202609-0837,2026-09-26T07:57:00,C034,Samir Shah,customer ID,C034,Samir Shah,samir.shah34@example.com,555-010-0034
O-202609-0838,2026-09-26T08:04:00,WALK-IN,WALK-IN,No identifying evidence,,,,
O-202609-0839,2026-09-26T08:14:00,WALK-IN,WALK-IN,No identifying evidence,,,,
O-202609-0840,2026-09-26T08:23:00,C053,Nina Moreau,customer ID,C053,Nina Moreau,nina.moreau53@example.com,555-010-0053
O-202609-0841,2026-09-26T08:41:00,UNRESOLVED,UNRESOLVED,Shared household contact; person ambiguous,C041; C042,Ortiz,ortiz.family@example.com,555-010-4100
O-202609-0842,2026-09-26T08:41:00,C003,Priya Patel,customer ID,C003,Priya Patel,priya.patel3@example.com,555-010-0003
O-202609-0843,2026-09-26T08:48:00,C007,Keiko Tanaka,customer ID,C007,Keiko Tanaka,keiko.tanaka7@example.com,555-010-0007
O-202609-0844,2026-09-26T09:03:00,C009,Grace Kim,customer ID,C009,Grace Kim,grace.kim9@example.com,555-010-0009
O-202609-0845,2026-09-26T09:24:00,C003,Priya Patel,customer ID,C003,Priya Patel,priya.patel3@example.com,555-010-0003
O-202609-0846,2026-09-26T09:28:00,C049,Grace Bell,customer ID,C049,Grace Bell,grace.bell49@example.com,555-010-0049
O-202609-0847,2026-09-26T09:31:00,C052,Victor Ali,customer ID,C052,Victor Ali,victor.ali52@example.com,555-010-0052
O-202609-0848,2026-09-26T09:44:00,C010,Omar Haddad,customer ID,C010,Omar Haddad,omar.haddad10@example.com,555-010-0010
O-202609-0849,2026-09-26T09:52:00,C052,Victor Ali,customer ID,C052,Victor Ali,victor.ali52@example.com,555-010-0052
O-202609-0850,2026-09-26T10:00:00,C062,Carlos Mendes,customer ID,C062,Carlos Mendes,carlos.mendes62@example.com,555-010-0062
O-202609-0851,2026-09-26T10:05:00,WALK-IN,WALK-IN,No identifying evidence,,,,
O-202609-0852,2026-09-26T10:40:00,C015,Alex Morgan,customer ID,C014; C015,Alex Morgan,morgan.household@example.com,555-010-1400
O-202609-0853,2026-09-26T11:17:00,C002,James Chen,customer ID,C002,James Chen,james.chen2@example.com,555-010-0002
O-202609-0854,2026-09-26T11:32:00,WALK-IN,WALK-IN,No identifying evidence,,,,
O-202609-0855,2026-09-26T11:34:00,C002,James Chen,customer ID,C002,James Chen,james.chen2@example.com,555-010-0002
O-202609-0856,2026-09-26T11:43:00,C051,Hannah Fischer,customer ID,C051,Hannah Fischer,hannah.fischer51@example.com,555-010-0051
O-202609-0857,2026-09-26T11:56:00,C006,Tom Walsh,customer ID,C006,Tom Walsh,tom.walsh6@example.com,555-010-0006
O-202609-0858,2026-09-26T12:11:00,C006,Tom Walsh,customer ID,C006,Tom Walsh,tom.walsh6@example.com,555-010-0006
O-202609-0859,2026-09-26T12:21:00,C079,Lucia Walsh,customer ID,C079,Lucia Walsh,lucia.walsh79@example.com,555-010-0079
O-202609-0860,2026-09-26T12:23:00,C010,Omar Haddad,customer ID,C010,Omar Haddad,omar.haddad10@example.com,555-010-0010
O-202609-0861,2026-09-26T12:43:00,C024,Theo Park,customer ID,C024,Theo Park,theo.park24@example.com,555-010-0024
O-202609-0862,2026-09-26T13:05:00,C026,Noah Evans,customer ID,C026,Noah Evans,noah.evans26@example.com,555-010-0026
O-202609-0863,2026-09-26T13:10:00,C010,Omar Haddad,customer ID,C010,Omar Haddad,omar.haddad10@example.com,555-010-0010
O-202609-0864,2026-09-26T13:18:00,C009,Grace Kim,customer ID,C009,Grace Kim,grace.kim9@example.com,555-010-0009
O-202609-0865,2026-09-26T13:27:00,C037,Yara Mensah,customer ID,C037,Yara Mensah,yara.mensah37@example.com,555-010-0037
O-202609-0866,2026-09-26T13:52:00,C002,James Chen,customer ID,C002,James Chen,james.chen2@example.com,555-010-0002
O-202609-0867,2026-09-26T13:56:00,C035,Ada Novak,customer ID,C035,Ada Novak,ada.novak35@example.com,555-010-0035
O-202609-0868,2026-09-26T14:01:00,C001,Maria Lopez,customer ID,C001,Maria Lopez,maria.lopez1@example.com,555-010-0001
O-202609-0869,2026-09-26T14:19:00,C037,Yara Mensah,customer ID,C037,Yara Mensah,yara.mensah37@example.com,555-010-0037
O-202609-0870,2026-09-26T14:51:00,C001,Maria Lopez,customer ID,C001,Maria Lopez,maria.lopez1@example.com,555-010-0001
O-202609-0871,2026-09-26T14:58:00,C009,Grace Kim,customer ID,C009,Grace Kim,grace.kim9@example.com,555-010-0009
O-202609-0872,2026-09-26T14:59:00,C060,Leo Dubois,customer ID,C060,Leo Dubois,leo.dubois60@example.com,555-010-0060
O-202609-0873,2026-09-26T15:09:00,C050,Omar Costa,customer ID,C050,Omar Costa,omar.costa50@example.com,555-010-0050
O-202609-0874,2026-09-26T15:10:00,C023,Megan Hughes,customer ID,C023,Megan Hughes,megan.hughes23@example.com,555-010-0023
O-202609-0875,2026-09-26T15:17:00,C010,Omar Haddad,customer ID,C010,Omar Haddad,omar.haddad10@example.com,555-010-0010
O-202609-0876,2026-09-26T16:09:00,WALK-IN,WALK-IN,No identifying evidence,,,,
O-202609-0877,2026-09-26T16:13:00,C044,Daniel Brooks,customer ID,C044,DANIEL BROOKS,daniel.brooks44@example.com,555-010-0044
O-202609-0878,2026-09-26T16:20:00,C011,Hannah Brooks,customer ID,C011,Hannah Brooks,hannah.brooks11@example.com,555-010-0011
O-202609-0879,2026-09-26T16:36:00,C068,Jonah Novak,customer ID,C068,Jonah Novak,jonah.novak68@example.com,555-010-0068
O-202609-0880,2026-09-26T16:44:00,C032,Diego Ramos,customer ID,C032,Diego Ramos,diego.ramos32@example.com,555-010-0032
O-202609-0881,2026-09-26T16:48:00,C002,James Chen,customer ID,C002,James Chen,james.chen2@example.com,555-010-0002
O-202609-0882,2026-09-26T17:34:00,WALK-IN,WALK-IN,No identifying evidence,,,,
O-202609-0883,2026-09-27T07:31:00,C005,Aisha Rahman,customer ID,C005,Aisha Rahman,aisha.rahman5@example.com,555-010-0005
O-202609-0884,2026-09-27T07:58:00,C009,Grace Kim,customer ID,C009,Grace Kim,grace.kim9@example.com,555-010-0009
O-202609-0885,2026-09-27T09:15:00,C009,Grace Kim,customer ID,C009,Grace Kim,grace.kim9@example.com,555-010-0009
O-202609-0886,2026-09-27T10:11:00,C001,Maria Lopez,customer ID,C001,Maria Lopez,maria.lopez1@example.com,555-010-0001
O-202609-0887,2026-09-27T10:28:00,C002,James Chen,customer ID,C002,James Chen,james.chen2@example.com,555-010-0002
O-202609-0888,2026-09-27T11:33:00,C002,James Chen,customer ID,C002,James Chen,james.chen2@example.com,555-010-0002
O-202609-0889,2026-09-27T11:36:00,C003,Priya Patel,customer ID,C003,Priya Patel,priya.patel3@example.com,555-010-0003
O-202609-0890,2026-09-27T11:38:00,C012,Victor Nguyen,customer ID,C012,Victor Nguyen,victor.nguyen12@example.com,555-010-0012
O-202609-0891,2026-09-27T11:43:00,C005,Aisha Rahman,customer ID,C005,Aisha Rahman,aisha.rahman5@example.com,555-010-0005
O-202609-0892,2026-09-27T11:48:00,C003,Priya Patel,customer ID,C003,Priya Patel,priya.patel3@example.com,555-010-0003
O-202609-0893,2026-09-27T11:49:00,C005,Aisha Rahman,customer ID,C005,Aisha Rahman,aisha.rahman5@example.com,555-010-0005
O-202609-0894,2026-09-27T11:58:00,C050,Omar Costa,customer ID,C050,Omar Costa,omar.costa50@example.com,555-010-0050
O-202609-0895,2026-09-27T12:04:00,C020,Leo Moreau,customer ID,C020,Leo Moreau,leo.moreau20@example.com,555-010-0020
O-202609-0896,2026-09-27T12:29:00,C011,Hannah Brooks,customer ID,C011,Hannah Brooks,hannah.brooks11@example.com,555-010-0011
O-202609-0897,2026-09-27T14:41:00,C005,Aisha Rahman,customer ID,C005,Aisha Rahman,aisha.rahman5@example.com,555-010-0005
O-202609-0898,2026-09-27T15:12:00,C006,Tom Walsh,customer ID,C006,Tom Walsh,tom.walsh6@example.com,555-010-0006
O-202609-0899,2026-09-27T15:56:00,C004,Daniel Okafor,customer ID,C004,Daniel Okafor,daniel.okafor4@example.com,555-010-0004
O-202609-0900,2026-09-27T16:07:00,WALK-IN,WALK-IN,No identifying evidence,,,,
O-202609-0901,2026-09-27T16:23:00,C005,Aisha Rahman,customer ID,C005,Aisha Rahman,aisha.rahman5@example.com,555-010-0005
O-202609-0902,2026-09-27T16:30:00,C013,Nina Petrov,customer ID,C013,Nina Petrov,nina.petrov13@example.com,555-010-0013
O-202609-0903,2026-09-27T17:21:00,WALK-IN,WALK-IN,No identifying evidence,,,,
O-202609-0904,2026-09-27T17:38:00,WALK-IN,WALK-IN,No identifying evidence,,,,
O-202609-0905,2026-09-28T08:09:00,C008,Luis Garcia,customer ID,C008,Luis Garcia,luis.garcia8@example.com,555-010-0008
O-202609-0906,2026-09-28T08:30:00,C031,Mei Liu,customer ID,C031,"Liu, Mei",mei.liu31@example.com,555-010-0031
O-202609-0907,2026-09-28T08:46:00,C009,Grace Kim,customer ID,C009,Grace Kim,grace.kim9@example.com,555-010-0009
O-202609-0908,2026-09-28T09:03:00,C066,Noah Martin,customer ID,C066,Noah Martin,noah.martin66@example.com,555-010-0066
O-202609-0909,2026-09-28T09:31:00,C009,Grace Kim,customer ID,C009,Grace Kim,grace.kim9@example.com,555-010-0009
O-202609-0910,2026-09-28T09:38:00,C068,Jonah Novak,customer ID,C068,Jonah Novak,jonah.novak68@example.com,555-010-0068
O-202609-0911,2026-09-28T09:40:00,C005,Aisha Rahman,customer ID,C005,Aisha Rahman,aisha.rahman5@example.com,555-010-0005
O-202609-0912,2026-09-28T09:56:00,C068,Jonah Novak,customer ID,C068,Jonah Novak,jonah.novak68@example.com,555-010-0068
O-202609-0913,2026-09-28T10:13:00,C073,Chloe Quinn,customer ID,C073,Chloe Quinn,chloe.quinn73@example.com,555-010-0073
O-202609-0914,2026-09-28T10:16:00,C008,Luis Garcia,customer ID,C008,Luis Garcia,luis.garcia8@example.com,555-010-0008
O-202609-0915,2026-09-28T11:11:00,C009,Grace Kim,customer ID,C009,Grace Kim,grace.kim9@example.com,555-010-0009
O-202609-0916,2026-09-28T11:29:00,C009,Grace Kim,customer ID,C009,Grace Kim,grace.kim9@example.com,555-010-0009
O-202609-0917,2026-09-28T11:36:00,C004,Daniel Okafor,customer ID,C004,Daniel Okafor,daniel.okafor4@example.com,555-010-0004
O-202609-0918,2026-09-28T12:11:00,C031,Mei Liu,customer ID,C031,Mei Liu,mei.liu31@example.com,555-010-0031
O-202609-0919,2026-09-28T12:19:00,C070,Ethan Mensah,customer ID,C070,Ethan Mensah,ethan.mensah70@example.com,555-010-0070
O-202609-0920,2026-09-28T12:31:00,C003,Priya Patel,customer ID,C003,Priya Patel,priya.patel3@example.com,555-010-0003
O-202609-0921,2026-09-28T13:27:00,C016,Marcus Bell,customer ID,C016,Marcus Bell,marcus.bell16@example.com,555-010-0016
O-202609-0922,2026-09-28T13:33:00,C006,Tom Walsh,customer ID,C006,Tom Walsh,tom.walsh6@example.com,555-010-0006
O-202609-0923,2026-09-28T13:38:00,C032,Diego Ramos,customer ID,C032,Diego Ramos,diego.ramos32@example.com,555-010-0032
O-202609-0924,2026-09-28T14:00:00,C003,Priya Patel,exact normalized contact/name evidence,C003,Priya,PRIYA.PATEL3@EXAMPLE.COM,
O-202609-0925,2026-09-28T14:14:00,C013,Nina Petrov,customer ID,C013,Nina Petrov,nina.petrov13@example.com,555-010-0013
O-202609-0926,2026-09-28T14:23:00,C016,Marcus Bell,customer ID,C016,Marcus Bell,marcus.bell16@example.com,555-010-0016
O-202609-0927,2026-09-28T14:35:00,WALK-IN,WALK-IN,No identifying evidence,,,,
O-202609-0928,2026-09-28T14:47:00,C032,Diego Ramos,customer ID,C032,Diego Ramos,diego.ramos32@example.com,555-010-0032
O-202609-0929,2026-09-28T14:55:00,C037,Yara Mensah,customer ID,C037,Yara Mensah,yara.mensah37@example.com,555-010-0037
O-202609-0930,2026-09-28T16:07:00,C006,Tom Walsh,customer ID,C006,Tom Walsh,tom.walsh6@example.com,555-010-0006
O-202609-0931,2026-09-28T16:10:00,C040,Kofi Quinn,customer ID,C040,Kofi Quinn,kofi.quinn40@example.com,555-010-0040
O-202609-0932,2026-09-28T16:16:00,C005,Aisha Rahman,customer ID,C005,Aisha Rahman,aisha.rahman5@example.com,555-010-0005
O-202609-0933,2026-09-28T16:21:00,C007,Keiko Tanaka,customer ID,C007,Keiko Tanaka,keiko.tanaka7@example.com,555-010-0007
O-202609-0934,2026-09-28T16:57:00,C008,Luis Garcia,customer ID,C008,Luis Garcia,luis.garcia8@example.com,555-010-0008
O-202609-0935,2026-09-28T17:31:00,WALK-IN,WALK-IN,No identifying evidence,,,,
O-202609-0936,2026-09-28T17:48:00,C022,Carlos Silva,customer ID,C022,Carlos Silva,carlos.silva22@example.com,555-010-0022
O-202609-0937,2026-09-28T17:53:00,C013,Nina Petrov,customer ID,C013,Nina Petrov,nina.petrov13@example.com,555-010-0013
O-202609-0938,2026-09-29T07:59:00,C012,Victor Nguyen,customer ID,C012,Victor Nguyen,victor.nguyen12@example.com,555-010-0012
O-202609-0939,2026-09-29T08:16:00,C008,Luis Garcia,customer ID,C008,Luis Garcia,luis.garcia8@example.com,555-010-0008
O-202609-0940,2026-09-29T08:25:00,WALK-IN,WALK-IN,No identifying evidence,,,,
O-202609-0941,2026-09-29T08:55:00,WALK-IN,WALK-IN,No identifying evidence,,,,
O-202609-0942,2026-09-29T08:59:00,C011,Hannah Brooks,customer ID,C011,Hannah Brooks,hannah.brooks11@example.com,555-010-0011
O-202609-0943,2026-09-29T09:09:00,C012,Victor Nguyen,customer ID,C012,Victor Nguyen,victor.nguyen12@example.com,555-010-0012
O-202609-0944,2026-09-29T09:16:00,C036,Felix Larsen,customer ID,C036,Felix Larsen,felix.larsen36@example.com,555-010-0036
O-202609-0945,2026-09-29T09:39:00,WALK-IN,WALK-IN,No identifying evidence,,,,
O-202609-0946,2026-09-29T10:03:00,WALK-IN,WALK-IN,No identifying evidence,,,,
O-202609-0947,2026-09-29T10:06:00,C078,Owen Rahman,customer ID,C078,Owen Rahman,owen.rahman78@example.com,555-010-0078
O-202609-0948,2026-09-29T10:21:00,C002,James Chen,customer ID,C002,James Chen,james.chen2@example.com,555-010-0002
O-202609-0949,2026-09-29T10:46:00,C074,Samir Lopez,customer ID,C074,Samir Lopez,samir.lopez74@example.com,555-010-0074
O-202609-0950,2026-09-29T11:04:00,C048,Luis Rossi,customer ID,C048,Luis Rossi,luis.rossi48@example.com,555-010-0048
O-202609-0951,2026-09-29T11:10:00,C057,Sofia Park,customer ID,C057,Sofia Park,sofia.park57@example.com,555-010-0057
O-202609-0952,2026-09-29T12:10:00,C030,Ethan Wright,customer ID,C030,Ethan Wright,ethan.wright30@example.com,555-010-0030
O-202609-0953,2026-09-29T13:26:00,WALK-IN,WALK-IN,No identifying evidence,,,,
O-202609-0954,2026-09-29T13:46:00,C004,Daniel Okafor,customer ID,C004,Daniel Okafor,daniel.okafor4@example.com,555-010-0004
O-202609-0955,2026-09-29T13:48:00,C010,Omar Haddad,customer ID,C010,Omar Haddad,omar.haddad10@example.com,555-010-0010
O-202609-0956,2026-09-29T13:58:00,C002,James Chen,customer ID,C002,James Chen,james.chen2@example.com,555-010-0002
O-202609-0957,2026-09-29T14:54:00,WALK-IN,WALK-IN,No identifying evidence,,,,
O-202609-0958,2026-09-29T15:00:00,WALK-IN,WALK-IN,No identifying evidence,,,,
O-202609-0959,2026-09-29T15:00:00,WALK-IN,WALK-IN,No identifying evidence,,,,
O-202609-0960,2026-09-29T15:00:00,C077,Yara Okafor,customer ID,C077,Yara Okafor,yara.okafor77@example.com,555-010-0077
O-202609-0961,2026-09-29T15:12:00,WALK-IN,WALK-IN,No identifying evidence,,,,
O-202609-0962,2026-09-29T15:27:00,WALK-IN,WALK-IN,No identifying evidence,,,,
O-202609-0963,2026-09-29T15:47:00,C066,Noah Martin,customer ID,C066,Noah Martin,noah.martin66@example.com,555-010-0066
O-202609-0964,2026-09-29T15:58:00,C069,Rosa Larsen,customer ID,C069,Rosa Larsen,rosa.larsen69@example.com,555-010-0069
O-202609-0965,2026-09-29T17:11:00,WALK-IN,WALK-IN,No identifying evidence,,,,
O-202609-0966,2026-09-29T17:55:00,C045,Aisha Nguyen,customer ID,C045,Aisha Nguyen,aisha.nguyen45@example.com,555-010-0045
O-202609-0967,2026-09-30T07:57:00,C020,Leo Moreau,customer ID,C020,Leo Moreau,leo.moreau20@example.com,555-010-0020
O-202609-0968,2026-09-30T08:18:00,C004,Daniel Okafor,customer ID,C004,Daniel Okafor,daniel.okafor4@example.com,555-010-0004
O-202609-0969,2026-09-30T08:19:00,WALK-IN,WALK-IN,No identifying evidence,,,,
O-202609-0970,2026-09-30T09:20:00,C007,Keiko Tanaka,customer ID,C007,Keiko Tanaka,keiko.tanaka7@example.com,555-010-0007
O-202609-0971,2026-09-30T09:48:00,C003,Priya Patel,customer ID,C003,Priya Patel,priya.patel3@example.com,555-010-0003
O-202609-0972,2026-09-30T09:58:00,C012,Victor Nguyen,customer ID,C012,Victor Nguyen,victor.nguyen12@example.com,555-010-0012
O-202609-0973,2026-09-30T10:02:00,C023,Megan Hughes,customer ID,C023,Megan Hughes,megan.hughes23@example.com,555-010-0023
O-202609-0974,2026-09-30T10:03:00,C005,Aisha Rahman,customer ID,C005,Aisha Rahman,aisha.rahman5@example.com,555-010-0005
O-202609-0975,2026-09-30T10:12:00,C053,Nina Moreau,customer ID,C053,Nina Moreau,nina.moreau53@example.com,555-010-0053
O-202609-0976,2026-09-30T10:23:00,WALK-IN,WALK-IN,No identifying evidence,,,,
O-202609-0978,2026-09-30T11:20:00,WALK-IN,WALK-IN,No identifying evidence,,,,
O-202609-0979,2026-09-30T11:37:00,C011,Hannah Brooks,customer ID,C011,Hannah Brooks,hannah.brooks11@example.com,555-010-0011
O-202609-0980,2026-09-30T11:48:00,WALK-IN,WALK-IN,No identifying evidence,,,,
O-202609-0981,2026-09-30T12:23:00,C003,Priya Patel,customer ID,C003,Priya Patel,priya.patel3@example.com,555-010-0003
O-202609-0982,2026-09-30T12:35:00,C030,Ethan Wright,customer ID,C030,Ethan Wright,ethan.wright30@example.com,555-010-0030
O-202609-0983,2026-09-30T12:35:00,C003,Priya Patel,customer ID,C003,Priya Patel,priya.patel3@example.com,555-010-0003
O-202609-0984,2026-09-30T12:42:00,WALK-IN,WALK-IN,No identifying evidence,,,,
O-202609-0985,2026-09-30T12:58:00,C040,Kofi Quinn,customer ID,C040,Kofi Quinn,kofi.quinn40@example.com,555-010-0040
O-202609-0986,2026-09-30T13:22:00,C002,James Chen,customer ID,C002,James Chen,james.chen2@example.com,555-010-0002
O-202609-0987,2026-09-30T13:36:00,C002,James Chen,customer ID,C002,James Chen,james.chen2@example.com,555-010-0002
O-202609-0988,2026-09-30T13:45:00,C039,Lucia Sato,customer ID,C039,Lucia Sato,lucia.sato39@example.com,555-010-0039
O-202609-0989,2026-09-30T13:59:00,WALK-IN,WALK-IN,No identifying evidence,,,,
O-202609-0990,2026-09-30T14:00:00,WALK-IN,WALK-IN,No identifying evidence,,,,
O-202609-0991,2026-09-30T14:36:00,C003,Priya Patel,customer ID,C003,Priya Patel,priya.patel3@example.com,555-010-0003
O-202609-0992,2026-09-30T15:07:00,C047,Keiko Iyer,customer ID,C047,Keiko Iyer,keiko.iyer47@example.com,555-010-0047
O-202609-0993,2026-09-30T15:36:00,C060,Leo Dubois,customer ID,C060,Leo Dubois,leo.dubois60@example.com,555-010-0060
O-202609-0994,2026-09-30T16:13:00,C054,Ravi Reed,customer ID,C054,Ravi Reed,ravi.reed54@example.com,555-010-0054
O-202609-0995,2026-09-30T16:57:00,C002,James Chen,customer ID,C002,James Chen,james.chen2@example.com,555-010-0002
O-202609-0996,2026-09-30T17:20:00,WALK-IN,WALK-IN,No identifying evidence,,,,
O-202609-0997,2026-09-30T17:33:00,C065,Zara Ramos,customer ID,C065,Zara Ramos,zara.ramos65@example.com,555-010-0065
O-202609-0998,2026-09-30T17:33:00,C026,Noah Evans,customer ID,C026,Noah Evans,noah.evans26@example.com,555-010-0026
O-202609-0999,2026-09-30T17:38:00,C003,Priya Patel,customer ID,C003,Priya Patel,priya.patel3@example.com,555-010-0003
O-202609-1000,2026-09-30T17:56:00,WALK-IN,WALK-IN,No identifying evidence,,,,
