order_id,order_in_month,ordered_at,customer_key,customer_name,sales,gift_card_sales,tax,order_total,accepted_payments,payment_difference,payment_ids,card,cash,gift_card_redeemed
O-202608-0406,False,2026-08-13T14:30:00,C062,Carlos Mendes,236.00,0,18.88,254.88,254.88,0.00,P-202608-1072,254.88,0,0
O-202608-0433,False,2026-08-14T10:10:00,C080,Kofi Tanaka,240.00,0,19.20,259.20,259.20,0.00,P-202608-1073,259.20,0,0
O-202608-0762,False,2026-08-24T15:10:00,C029,Rosa Mendes,216.00,0,17.28,233.28,233.28,0.00,P-202608-1074,233.28,0,0
O-202608-0913,False,2026-08-29T07:37:00,C024,Theo Park,33.40,0,2.67,36.07,36.07,0.00,P-202608-1075,36.07,0,0
O-202608-0916,False,2026-08-29T10:03:00,C075,Ada Chen,76.00,0,6.08,82.08,82.08,0.00,P-202608-1076,82.08,0,0
O-202608-0918,False,2026-08-29T11:23:00,WALK-IN,WALK-IN,10.80,0,0.86,11.66,11.66,0.00,P-202608-1077,11.66,0,0
O-202608-0920,False,2026-08-29T12:33:00,WALK-IN,WALK-IN,27.00,0,2.16,29.16,29.16,0.00,P-202608-1078,29.16,0,0
O-202608-0921,False,2026-08-29T12:38:00,C051,Hannah Fischer,83.80,0,6.70,90.50,90.50,0.00,P-202608-1079,90.50,0,0
O-202608-0922,False,2026-08-29T12:39:00,C005,Aisha Rahman,103.75,0,8.30,112.05,112.05,0.00,P-202608-1080,112.05,0,0
O-202608-0924,False,2026-08-29T15:56:00,C012,Victor Nguyen,205.00,0,16.40,221.40,221.40,0.00,P-202608-1081,221.40,0,0
O-202609-0674,True,2026-09-21T10:43:00,C012,Victor Nguyen,89.40,0,7.15,96.55,96.55,0.00,P-202609-0687,96.55,0,0
O-202608-0925,False,2026-08-29T16:43:00,C023,Megan Hughes,64.00,0,5.12,69.12,69.12,0.00,P-202608-1082,69.12,0,0
O-202608-0926,False,2026-08-29T17:14:00,C069,Rosa Larsen,304.80,0,24.38,329.18,329.18,0.00,P-202608-1083,329.18,0,0
O-202608-0927,False,2026-08-29T17:25:00,C002,James Chen,60.00,0,4.80,64.80,64.80,0.00,P-202608-1084,0,64.80,0
O-202608-0945,False,2026-08-30T07:40:00,WALK-IN,WALK-IN,130.20,0,10.42,140.62,140.62,0.00,P-202608-1085,140.62,0,0
O-202608-0946,False,2026-08-30T08:04:00,C069,Rosa Larsen,65.00,0,5.20,70.20,70.20,0.00,P-202608-1086,70.20,0,0
O-202608-0947,False,2026-08-30T08:52:00,C026,Noah Evans,271.00,0,21.68,292.68,292.68,0.00,P-202608-1087,292.68,0,0
O-202608-0948,False,2026-08-30T09:49:00,C053,Nina Moreau,63.20,0,5.06,68.26,68.26,0.00,P-202608-1088,68.26,0,0
O-202608-0950,False,2026-08-30T11:13:00,C004,Daniel Okafor,239.00,0,19.12,258.12,258.12,0.00,P-202608-1089,258.12,0,0
O-202608-0953,False,2026-08-30T13:21:00,C008,Luis Garcia,42.00,0,3.36,45.36,45.36,0.00,P-202608-1090,45.36,0,0
O-202608-0957,False,2026-08-30T16:18:00,C048,Luis Rossi,131.00,0,10.48,141.48,141.48,0.00,P-202608-1091,141.48,0,0
O-202608-0958,False,2026-08-30T16:46:00,C040,Kofi Quinn,36.75,0,2.94,39.69,39.69,0.00,P-202608-1092,39.69,0,0
O-202608-0977,False,2026-08-31T07:30:00,C011,Hannah Brooks,27.00,0,2.16,29.16,29.16,0.00,P-202608-1093,29.16,0,0
O-202608-0986,False,2026-08-31T14:04:00,C012,Victor Nguyen,236.00,0,18.88,254.88,254.88,0.00,P-202608-1094,254.88,0,0
O-202608-0987,False,2026-08-31T14:07:00,C037,Yara Mensah,179.85,0,14.39,194.24,194.24,0.00,P-202608-1095,194.24,0,0
O-202608-0988,False,2026-08-31T14:11:00,C009,Grace Kim,56.00,0,4.48,60.48,60.48,0.00,P-202608-1096,60.48,0,0
O-202608-0989,False,2026-08-31T14:24:00,C003,Priya Patel,120.00,0,9.60,129.60,129.60,0.00,P-202608-1097,129.60,0,0
O-202608-0990,False,2026-08-31T16:49:00,C046,Tom Petrov,117.85,0,9.42,127.27,127.27,0.00,P-202608-1098,127.27,0,0
O-202608-0991,False,2026-08-31T16:55:00,C004,Daniel Okafor,54.90,0,4.39,59.29,59.29,0.00,P-202608-1099,0,59.29,0
O-202608-0992,False,2026-08-31T17:26:00,C044,Daniel Brooks,105.00,0,8.40,113.40,113.40,0.00,P-202608-1100,113.40,0,0
O-202609-0001,True,2026-09-01T07:03:00,C004,Daniel Okafor,204.00,0,16.32,220.32,220.32,0.00,P-202609-0001,0,220.32,0
O-202609-0002,True,2026-09-01T07:09:00,C007,Keiko Tanaka,56.00,0,4.48,60.48,60.48,0.00,P-202609-0002,0,60.48,0
O-202609-0003,True,2026-09-01T07:34:00,WALK-IN,WALK-IN,314.75,0,25.18,339.93,339.93,0.00,P-202609-0003,0,339.93,0
O-202609-0004,True,2026-09-01T08:29:00,C016,Marcus Bell,45.90,0,3.67,49.57,49.57,0.00,P-202609-0004,49.57,0,0
O-202609-0005,True,2026-09-01T08:36:00,C018,Ben Fischer,102.40,0,8.19,110.59,110.59,0.00,P-202609-0005,110.59,0,0
O-202609-0006,True,2026-09-01T08:47:00,C011,Hannah Brooks,43.20,0,3.45,46.65,46.65,0.00,P-202609-0006,46.65,0,0
O-202609-0007,True,2026-09-01T09:09:00,WALK-IN,WALK-IN,142.95,0,11.44,154.39,154.39,0.00,P-202609-0008,154.39,0,0
O-202609-0008,True,2026-09-01T09:11:00,C028,Jonah Grant,62.45,0,4.99,67.44,67.44,0.00,P-202609-0007,67.44,0,0
O-202609-0009,True,2026-09-01T09:12:00,C072,Diego Sato,260.00,0,20.80,280.80,280.80,0.00,P-202609-0009,280.80,0,0
O-202609-0010,True,2026-09-01T09:34:00,C030,Ethan Wright,124.00,0,9.92,133.92,133.92,0.00,P-202609-0010,0,133.92,0
O-202609-0011,True,2026-09-01T10:07:00,C067,Lily Shah,316.75,0,25.34,342.09,342.09,0.00,P-202609-0011,342.09,0,0
O-202609-0012,True,2026-09-01T10:30:00,C005,Aisha Rahman,117.00,0,9.36,126.36,126.36,0.00,P-202609-0012,126.36,0,0
O-202609-0013,True,2026-09-01T10:41:00,C002,James Chen,286.45,0,22.92,309.37,309.37,0.00,P-202609-0013,309.37,0,0
O-202609-0014,True,2026-09-01T10:44:00,C073,Chloe Quinn,45.00,0,3.60,48.60,48.60,0.00,P-202609-0014,48.60,0,0
O-202609-0015,True,2026-09-01T11:22:00,C035,Ada Novak,71.25,0,5.70,76.95,76.95,0.00,P-202609-0015,0,76.95,0
O-202609-0016,True,2026-09-01T11:22:00,C026,Noah Evans,30.00,0,2.40,32.40,32.40,0.00,P-202609-0016,32.40,0,0
O-202609-0017,True,2026-09-01T11:49:00,C043,Priya Haddad,50.20,0,4.01,54.21,54.21,0.00,P-202609-0017,0,54.21,0
O-202609-0018,True,2026-09-01T12:12:00,WALK-IN,WALK-IN,30.60,0,2.45,33.05,33.05,0.00,P-202609-0018,33.05,0,0
O-202609-0019,True,2026-09-01T12:51:00,C004,Daniel Okafor,75.00,0,6.00,81.00,81.00,0.00,P-202609-0019,81.00,0,0
O-202609-0020,True,2026-09-01T12:59:00,C035,Ada Novak,216.00,0,17.28,233.28,233.28,0.00,P-202609-0020,233.28,0,0
O-202609-0021,True,2026-09-01T13:04:00,C024,Theo Park,23.25,0,1.86,25.11,25.11,0.00,P-202609-0021,25.11,0,0
O-202609-0022,True,2026-09-01T13:58:00,C005,Aisha Rahman,35.85,0,2.87,38.72,38.72,0.00,P-202609-0022,38.72,0,0
O-202609-0023,True,2026-09-01T14:42:00,WALK-IN,WALK-IN,40.80,0,3.26,44.06,44.06,0.00,P-202609-0023,0,44.06,0
O-202609-0024,True,2026-09-01T14:56:00,C010,Omar Haddad,29.10,0,2.33,31.43,31.43,0.00,P-202609-0024,31.43,0,0
O-202609-0025,True,2026-09-01T15:05:00,C074,Samir Lopez,41.00,0,3.28,44.28,44.28,0.00,P-202609-0025,44.28,0,0
O-202609-0026,True,2026-09-01T15:09:00,C021,Ivy Reed,107.80,0,8.62,116.42,116.42,0.00,P-202609-0026,0,116.42,0
O-202609-0027,True,2026-09-01T15:48:00,UNRESOLVED,UNRESOLVED,235.65,0,18.85,254.50,254.50,0.00,P-202609-0028,254.50,0,0
O-202609-0028,True,2026-09-01T15:48:00,C009,Grace Kim,366.00,0,29.28,395.28,395.28,0.00,P-202609-0027,395.28,0,0
O-202609-0029,True,2026-09-01T16:03:00,C055,Elena Silva,26.10,0,2.08,28.18,28.18,0.00,P-202609-0029,28.18,0,0
O-202609-0030,True,2026-09-01T16:19:00,WALK-IN,WALK-IN,321.10,0,25.69,346.79,346.79,0.00,P-202609-0030,346.79,0,0
O-202609-0031,True,2026-09-01T16:44:00,C001,Maria Lopez,41.00,0,3.28,44.28,44.28,0.00,P-202609-0031,44.28,0,0
O-202609-0032,True,2026-09-01T16:57:00,C004,Daniel Okafor,42.00,0,3.36,45.36,45.36,0.00,P-202609-0032,45.36,0,0
O-202609-0033,True,2026-09-01T16:59:00,C016,Marcus Bell,73.00,0,5.84,78.84,78.84,0.00,P-202609-0033,0,78.84,0
O-202609-0034,True,2026-09-01T17:47:00,C021,Ivy Reed,33.00,0,2.64,35.64,35.64,0.00,P-202609-0034,35.64,0,0
O-202609-0035,True,2026-09-01T17:59:00,C001,Maria Lopez,52.20,0,4.18,56.38,56.38,0.00,P-202609-0035,56.38,0,0
O-202609-0036,True,2026-09-02T07:49:00,C029,Rosa Mendes,22.00,0,1.76,23.76,23.76,0.00,P-202609-0036,23.76,0,0
O-202609-0037,True,2026-09-02T08:10:00,C002,James Chen,141.50,0,11.32,152.82,152.82,0.00,P-202609-0037,152.82,0,0
O-202609-0038,True,2026-09-02T08:11:00,C018,Ben Fischer,51.75,0,4.14,55.89,55.89,0.00,P-202609-0038,0,55.89,0
O-202609-0039,True,2026-09-02T08:17:00,C054,Ravi Reed,37.80,0,3.02,40.82,40.82,0.00,P-202609-0039,40.82,0,0
O-202609-0040,True,2026-09-02T08:30:00,C005,Aisha Rahman,120.00,0,9.60,129.60,129.60,0.00,P-202609-0040,129.60,0,0
O-202609-0041,True,2026-09-02T08:31:00,WALK-IN,WALK-IN,63.00,0,5.04,68.04,68.04,0.00,P-202609-0041,0,68.04,0
O-202609-0042,True,2026-09-02T08:41:00,C029,Rosa Mendes,78.00,0,6.24,84.24,84.24,0.00,P-202609-0042,0,84.24,0
O-202609-0043,True,2026-09-02T09:32:00,C001,Maria Lopez,27.50,0,2.20,29.70,29.70,0.00,P-202609-0043,29.70,0,0
O-202609-0044,True,2026-09-02T11:05:00,C002,James Chen,42.00,0,3.36,45.36,45.36,0.00,P-202609-0044,45.36,0,0
O-202609-0045,True,2026-09-02T11:30:00,C009,Grace Kim,130.20,0,10.42,140.62,140.62,0.00,P-202609-0045,0,140.62,0
O-202609-0046,True,2026-09-02T11:53:00,WALK-IN,WALK-IN,146.25,0,11.70,157.95,157.95,0.00,P-202609-0046,157.95,0,0
O-202609-0047,True,2026-09-02T12:06:00,C002,James Chen,279.40,0,22.35,301.75,301.75,0.00,P-202609-0048,301.75,0,0
O-202609-0048,True,2026-09-02T12:08:00,WALK-IN,WALK-IN,179.60,0,14.37,193.97,193.97,0.00,P-202609-0047,0,193.97,0
O-202609-0049,True,2026-09-02T12:58:00,C034,Samir Shah,44.85,0,3.59,48.44,48.44,0.00,P-202609-0049,48.44,0,0
O-202609-0050,True,2026-09-02T13:02:00,C043,Priya Haddad,165.00,0,13.20,178.20,178.20,0.00,P-202609-0050,178.20,0,0
O-202609-0051,True,2026-09-02T13:15:00,C005,Aisha Rahman,32.00,0,2.56,34.56,34.56,0.00,P-202609-0051,0,34.56,0
O-202609-0052,True,2026-09-02T13:38:00,C012,Victor Nguyen,154.00,0,12.32,166.32,166.32,0.00,P-202609-0053,0,166.32,0
O-202609-0053,True,2026-09-02T13:44:00,C004,Daniel Okafor,42.00,0,3.36,45.36,45.36,0.00,P-202609-0054,45.36,0,0
O-202609-0054,True,2026-09-02T13:51:00,WALK-IN,WALK-IN,60.00,0,4.80,64.80,64.80,0.00,P-202609-0055,64.80,0,0
O-202609-0055,True,2026-09-02T14:28:00,C024,Theo Park,34.00,0,2.72,36.72,36.72,0.00,P-202609-0056,36.72,0,0
O-202609-0056,True,2026-09-02T14:40:00,C006,Tom Walsh,70.00,0,5.60,75.60,75.60,0.00,P-202609-0057,75.60,0,0
O-202609-0057,True,2026-09-02T15:01:00,C001,Maria Lopez,69.20,0,5.54,74.74,74.74,0.00,P-202609-0058,0,74.74,0
O-202609-0058,True,2026-09-02T15:25:00,C011,Hannah Brooks,52.80,0,4.22,57.02,57.02,0.00,P-202609-0059,57.02,0,0
O-202609-0059,True,2026-09-02T15:26:00,C004,Daniel Okafor,217.80,0,17.42,235.22,235.22,0.00,P-202609-0060,235.22,0,0
O-202609-0060,True,2026-09-02T15:28:00,C057,Sofia Park,163.50,0,13.08,176.58,176.58,0.00,P-202609-0061,176.58,0,0
O-202609-0061,True,2026-09-02T15:32:00,C012,Victor Nguyen,100.00,0,8.00,108.00,108.00,0.00,P-202609-0062,108.00,0,0
O-202609-0062,True,2026-09-02T15:59:00,C047,Keiko Iyer,114.60,0,9.17,123.77,123.77,0.00,P-202609-0063,123.77,0,0
O-202609-0063,True,2026-09-02T16:33:00,C069,Rosa Larsen,53.00,0,4.24,57.24,57.24,0.00,P-202609-0064,57.24,0,0
O-202609-0064,True,2026-09-02T16:36:00,C073,Chloe Quinn,15.30,0,1.22,16.52,16.52,0.00,P-202609-0065,16.52,0,0
O-202609-0065,True,2026-09-02T17:05:00,C025,Zara Khan,169.45,0,13.56,183.01,183.01,0.00,P-202609-0066,183.01,0,0
O-202609-0066,True,2026-09-02T17:48:00,C048,Luis Rossi,200.00,0,16.00,216.00,216.00,0.00,P-202609-0067,216.00,0,0
O-202609-0067,True,2026-09-03T07:15:00,C016,Marcus Bell,39.00,0,3.12,42.12,42.12,0.00,P-202609-0068,42.12,0,0
O-202609-0496,True,2026-09-15T16:25:00,C071,Mei Byrne,66.90,0,5.35,72.25,72.25,0.00,P-202609-0504,0,72.25,0
O-202609-0068,True,2026-09-03T07:21:00,C007,Keiko Tanaka,284.00,0,22.72,306.72,306.72,0.00,P-202609-0069,306.72,0,0
O-202609-0069,True,2026-09-03T07:45:00,C046,Tom Petrov,11.00,0,0.88,11.88,11.88,0.00,P-202609-0070,0,11.88,0
O-202609-0070,True,2026-09-03T07:47:00,C050,Omar Costa,145.70,0,11.65,157.35,157.35,0.00,P-202609-0071,157.35,0,0
O-202609-0071,True,2026-09-03T08:11:00,C003,Priya Patel,90.00,0,7.20,97.20,97.20,0.00,P-202609-0072,97.20,0,0
O-202609-0072,True,2026-09-03T08:15:00,C003,Priya Patel,10.45,0,0.84,11.29,11.29,0.00,P-202609-0074,11.29,0,0
O-202609-0073,True,2026-09-03T08:33:00,C003,Priya Patel,8.50,0,0.68,9.18,9.18,0.00,P-202609-0075,9.18,0,0
O-202609-0074,True,2026-09-03T09:15:00,C048,Luis Rossi,205.80,0,16.46,222.26,222.26,0.00,P-202609-0076,222.26,0,0
O-202609-0075,True,2026-09-03T09:44:00,C003,Priya Patel,102.60,0,8.21,110.81,110.81,0.00,P-202609-0077,0,110.81,0
O-202609-0076,True,2026-09-03T10:28:00,C009,Grace Kim,138.00,0,11.04,149.04,149.04,0.00,P-202609-0078,149.04,0,0
O-202609-0077,True,2026-09-03T10:37:00,C020,Leo Moreau,89.50,0,7.16,96.66,96.66,0.00,P-202609-0079,96.66,0,0
O-202609-0078,True,2026-09-03T10:43:00,C001,Maria Lopez,99.00,0,7.92,106.92,106.92,0.00,P-202609-0080,0,106.92,0
O-202609-0079,True,2026-09-03T11:19:00,WALK-IN,WALK-IN,286.50,0,22.92,309.42,309.42,0.00,P-202609-0081,309.42,0,0
O-202609-0080,True,2026-09-03T12:03:00,C012,Victor Nguyen,136.00,0,10.88,146.88,146.88,0.00,P-202609-0082,146.88,0,0
O-202609-0081,True,2026-09-03T12:39:00,C002,James Chen,67.00,0,5.36,72.36,72.36,0.00,P-202609-0083,72.36,0,0
O-202609-0082,True,2026-09-03T13:24:00,C001,Maria Lopez,81.00,0,6.48,87.48,87.48,0.00,P-202609-0084,87.48,0,0
O-202609-0083,True,2026-09-03T13:29:00,C005,Aisha Rahman,100.00,0,8.00,108.00,108.00,0.00,P-202609-0085,0,108.00,0
O-202609-0084,True,2026-09-03T13:43:00,C061,Ivy Grant,63.00,100.00,5.04,168.04,168.04,0.00,P-202609-0086,168.04,0,0
O-202609-0085,True,2026-09-03T14:38:00,C050,Omar Costa,63.20,0,5.06,68.26,68.26,0.00,P-202609-0087,68.26,0,0
O-202609-0086,True,2026-09-03T14:52:00,WALK-IN,WALK-IN,48.00,0,3.84,51.84,51.84,0.00,P-202609-0088,0,51.84,0
O-202609-0087,True,2026-09-03T15:28:00,C038,Owen Byrne,66.90,0,5.35,72.25,72.25,0.00,P-202609-0089,72.25,0,0
O-202609-0088,True,2026-09-03T15:47:00,C026,Noah Evans,41.50,0,3.32,44.82,44.82,0.00,P-202609-0090,44.82,0,0
O-202609-0089,True,2026-09-03T16:26:00,C008,Luis Garcia,72.80,0,5.82,78.62,78.62,0.00,P-202609-0091,0,78.62,0
O-202609-0090,True,2026-09-03T16:47:00,C005,Aisha Rahman,75.00,0,6.00,81.00,81.00,0.00,P-202609-0093,81.00,0,0
O-202609-0091,True,2026-09-03T16:47:00,C005,Aisha Rahman,76.35,0,6.11,82.46,82.46,0.00,P-202609-0092,0,82.46,0
O-202609-0092,True,2026-09-03T17:35:00,C001,Maria Lopez,80.40,0,6.43,86.83,86.83,0.00,P-202609-0094,0,86.83,0
O-202609-0093,True,2026-09-03T17:54:00,C004,Daniel Okafor,60.00,0,4.80,64.80,64.80,0.00,P-202609-0095,64.80,0,0
O-202609-0094,True,2026-09-03T17:59:00,C006,Tom Walsh,156.00,0,12.48,168.48,168.48,0.00,P-202609-0096,168.48,0,0
O-202609-0095,True,2026-09-04T07:07:00,C011,Hannah Brooks,48.25,0,3.86,52.11,52.11,0.00,P-202609-0097,0,52.11,0
O-202609-0096,True,2026-09-04T07:38:00,C008,Luis Garcia,84.60,0,6.77,91.37,91.37,0.00,P-202609-0098,91.37,0,0
O-202609-0097,True,2026-09-04T07:44:00,C018,Ben Fischer,77.00,0,6.16,83.16,83.16,0.00,P-202609-0099,0,83.16,0
O-202609-0098,True,2026-09-04T08:11:00,C004,Daniel Okafor,56.75,0,4.54,61.29,61.29,0.00,P-202609-0102,61.29,0,0
O-202609-0099,True,2026-09-04T08:52:00,C049,Grace Bell,48.00,0,3.84,51.84,51.84,0.00,P-202609-0103,51.84,0,0
O-202609-0100,True,2026-09-04T08:55:00,C010,Omar Haddad,48.00,0,3.84,51.84,51.84,0.00,P-202609-0104,51.84,0,0
O-202609-0101,True,2026-09-04T09:04:00,C032,Diego Ramos,63.00,0,5.04,68.04,0,-68.04,,0,0,0
O-202609-0102,True,2026-09-04T09:10:00,WALK-IN,WALK-IN,162.00,0,12.96,174.96,174.96,0.00,P-202609-0105,174.96,0,0
O-202609-0103,True,2026-09-04T09:29:00,C001,Maria Lopez,120.00,0,9.60,129.60,129.60,0.00,P-202609-0106,129.60,0,0
O-202609-0104,True,2026-09-04T10:08:00,C007,Keiko Tanaka,0,100.00,0.00,100.00,100.00,0.00,P-202609-0107,100.00,0,0
O-202609-0105,True,2026-09-04T10:09:00,C009,Grace Kim,84.00,0,6.72,90.72,90.72,0.00,P-202609-0108,90.72,0,0
O-202609-0106,True,2026-09-04T11:34:00,C026,Noah Evans,48.90,0,3.91,52.81,52.81,0.00,P-202609-0109,52.81,0,0
O-202609-0107,True,2026-09-04T11:42:00,WALK-IN,WALK-IN,24.75,0,1.98,26.73,26.73,0.00,P-202609-0110,26.73,0,0
O-202609-0108,True,2026-09-04T12:02:00,C003,Priya Patel,90.00,0,7.20,97.20,97.20,0.00,P-202609-0111,0,97.20,0
O-202609-0109,True,2026-09-04T12:03:00,C011,Hannah Brooks,50.15,0,4.01,54.16,54.16,0.00,P-202609-0112,0,54.16,0
O-202609-0110,True,2026-09-04T12:57:00,C034,Samir Shah,204.60,0,16.37,220.97,220.97,0.00,P-202609-0113,220.97,0,0
O-202609-0111,True,2026-09-04T13:01:00,C011,Hannah Brooks,102.00,0,8.16,110.16,110.16,0.00,P-202609-0114,0,110.16,0
O-202609-0112,True,2026-09-04T13:08:00,C010,Omar Haddad,57.00,0,4.56,61.56,61.56,0.00,P-202609-0115,61.56,0,0
O-202609-0113,True,2026-09-04T13:09:00,C001,Maria Lopez,72.00,0,5.76,77.76,77.76,0.00,P-202609-0116,0,77.76,0
O-202609-0114,True,2026-09-04T13:50:00,C017,Sofia Costa,53.00,0,4.24,57.24,57.24,0.00,P-202609-0117,57.24,0,0
O-202609-0115,True,2026-09-04T14:28:00,C065,Zara Ramos,94.00,0,7.52,101.52,101.52,0.00,P-202609-0118,101.52,0,0
O-202609-0116,True,2026-09-04T14:47:00,C079,Lucia Walsh,111.30,0,8.90,120.20,120.20,0.00,P-202609-0119,120.20,0,0
O-202609-0117,True,2026-09-04T14:56:00,C007,Keiko Tanaka,22.00,0,1.76,23.76,23.76,0.00,P-202609-0120,0,23.76,0
O-202609-0118,True,2026-09-04T15:13:00,C053,Nina Moreau,269.55,0,21.56,291.11,291.11,0.00,P-202609-0121,291.11,0,0
O-202609-0119,True,2026-09-04T15:14:00,C030,Ethan Wright,33.00,0,2.64,35.64,35.64,0.00,P-202609-0122,35.64,0,0
O-202609-0120,True,2026-09-04T15:14:00,C005,Aisha Rahman,144.00,0,11.52,155.52,155.52,0.00,P-202609-0123,155.52,0,0
O-202609-0121,True,2026-09-04T15:19:00,C010,Omar Haddad,91.35,0,7.31,98.66,98.66,0.00,P-202609-0124,98.66,0,0
O-202609-0122,True,2026-09-04T15:24:00,C002,James Chen,135.90,0,10.87,146.77,146.77,0.00,P-202609-0125,146.77,0,0
O-202609-0123,True,2026-09-04T16:41:00,C010,Omar Haddad,21.00,0,1.68,22.68,22.68,0.00,P-202609-0126,22.68,0,0
O-202609-0124,True,2026-09-04T16:42:00,C004,Daniel Okafor,67.00,0,5.36,72.36,72.36,0.00,P-202609-0127,0,72.36,0
O-202609-0125,True,2026-09-04T16:49:00,C001,Maria Lopez,148.80,0,11.90,160.70,160.70,0.00,P-202609-0128,160.70,0,0
O-202609-0126,True,2026-09-04T17:33:00,C060,Leo Dubois,58.20,0,4.66,62.86,62.86,0.00,P-202609-0129,0,62.86,0
O-202609-0127,True,2026-09-04T17:40:00,C002,James Chen,76.00,0,6.08,82.08,82.08,0.00,P-202609-0130,0,82.08,0
O-202609-0128,True,2026-09-05T07:12:00,C032,Diego Ramos,150.00,0,12.00,162.00,162.00,0.00,P-202609-0131,162.00,0,0
O-202609-0129,True,2026-09-05T07:53:00,C013,Nina Petrov,251.00,0,20.08,271.08,271.08,0.00,P-202609-0132,271.08,0,0
O-202609-0130,True,2026-09-05T08:09:00,C011,Hannah Brooks,33.70,0,2.70,36.40,36.40,0.00,P-202609-0133,36.40,0,0
O-202609-0131,True,2026-09-05T08:29:00,C039,Lucia Sato,121.50,0,9.72,131.22,131.22,0.00,P-202609-0134,131.22,0,0
O-202609-0132,True,2026-09-05T08:47:00,C031,Mei Liu,105.90,0,8.47,114.37,114.37,0.00,P-202609-0135,114.37,0,0
O-202609-0133,True,2026-09-05T09:34:00,C019,Fatima Ali,68.30,0,5.46,73.76,73.76,0.00,P-202609-0136,0,73.76,0
O-202609-0753,True,2026-09-23T14:47:00,C002,James Chen,66.20,0,5.30,71.50,71.50,0.00,P-202609-0767,71.50,0,0
O-202609-0134,True,2026-09-05T10:30:00,C061,Ivy Grant,145.30,0,11.62,156.92,156.92,0.00,P-202609-0137,0,156.92,0
O-202609-0135,True,2026-09-05T10:55:00,C003,Priya Patel,10.00,0,0.80,10.80,10.80,0.00,P-202609-0138,10.80,0,0
O-202609-0136,True,2026-09-05T11:20:00,C003,Priya Patel,42.00,0,3.36,45.36,45.36,0.00,P-202609-0139,45.36,0,0
O-202609-0137,True,2026-09-05T12:10:00,C010,Omar Haddad,63.20,0,5.06,68.26,68.26,0.00,P-202609-0140,68.26,0,0
O-202609-0138,True,2026-09-05T12:51:00,C069,Rosa Larsen,297.30,0,23.78,321.08,321.08,0.00,P-202609-0141,321.08,0,0
O-202609-0743,True,2026-09-23T12:24:00,C002,James Chen,120.00,0,9.60,129.60,129.60,0.00,P-202609-0757,0,129.60,0
O-202609-0139,True,2026-09-05T13:14:00,C001,Maria Lopez,16.20,0,1.30,17.50,17.50,0.00,P-202609-0142,17.50,0,0
O-202609-0140,True,2026-09-05T13:33:00,WALK-IN,WALK-IN,11.00,0,0.88,11.88,11.88,0.00,P-202609-0143,0,11.88,0
O-202609-0141,True,2026-09-05T13:40:00,WALK-IN,WALK-IN,95.00,0,7.60,102.60,102.60,0.00,P-202609-0144,0,102.60,0
O-202609-0142,True,2026-09-05T14:10:00,C007,Keiko Tanaka,112.20,0,8.98,121.18,242.36,121.18,P-202609-0145; P-202609-0185,242.36,0,0
O-202609-0143,True,2026-09-05T14:35:00,WALK-IN,WALK-IN,263.00,0,21.04,284.04,284.04,0.00,P-202609-0146,284.04,0,0
O-202609-0144,True,2026-09-05T15:09:00,C002,James Chen,170.55,0,13.64,184.19,184.19,0.00,P-202609-0147,184.19,0,0
O-202609-0145,True,2026-09-05T15:21:00,C029,Rosa Mendes,109.85,0,8.79,118.64,118.64,0.00,P-202609-0148,118.64,0,0
O-202609-0146,True,2026-09-05T15:57:00,C032,Diego Ramos,155.70,0,12.46,168.16,168.16,0.00,P-202609-0149,168.16,0,0
O-202609-0147,True,2026-09-05T16:06:00,WALK-IN,WALK-IN,207.00,0,16.56,223.56,223.56,0.00,P-202609-0150,0,223.56,0
O-202609-0148,True,2026-09-05T16:45:00,C002,James Chen,40.80,0,3.26,44.06,44.06,0.00,P-202609-0152,44.06,0,0
O-202609-0149,True,2026-09-05T16:47:00,C009,Grace Kim,185.40,0,14.83,200.23,200.23,0.00,P-202609-0151,200.23,0,0
O-202609-0150,True,2026-09-05T17:37:00,WALK-IN,WALK-IN,53.00,0,4.24,57.24,57.24,0.00,P-202609-0153,57.24,0,0
O-202609-0151,True,2026-09-05T17:50:00,C055,Elena Silva,129.00,0,10.32,139.32,139.32,0.00,P-202609-0154,0,139.32,0
O-202609-0152,True,2026-09-06T07:07:00,C001,Maria Lopez,56.00,0,4.48,60.48,60.48,0.00,P-202609-0155,0,60.48,0
O-202609-0153,True,2026-09-06T07:27:00,C021,Ivy Reed,86.40,0,6.91,93.31,93.31,0.00,P-202609-0156,93.31,0,0
O-202609-0154,True,2026-09-06T07:30:00,WALK-IN,WALK-IN,5.00,0,0.40,5.40,5.40,0.00,P-202609-0157,5.40,0,0
O-202609-0155,True,2026-09-06T07:33:00,C016,Marcus Bell,99.50,0,7.96,107.46,107.46,0.00,P-202609-0158,107.46,0,0
O-202609-0156,True,2026-09-06T07:44:00,C029,Rosa Mendes,73.20,0,5.86,79.06,79.06,0.00,P-202609-0159,0,79.06,0
O-202609-0157,True,2026-09-06T08:07:00,C010,Omar Haddad,32.00,0,2.56,34.56,34.56,0.00,P-202609-0160,34.56,0,0
O-202609-0158,True,2026-09-06T08:22:00,C062,Carlos Mendes,320.00,0,25.60,345.60,345.60,0.00,P-202609-0161,345.60,0,0
O-202609-0159,True,2026-09-06T08:24:00,C076,Felix Patel,47.00,0,3.76,50.76,50.76,0.00,P-202609-0162,0,50.76,0
O-202609-0160,True,2026-09-06T08:25:00,C003,Priya Patel,120.00,0,9.60,129.60,129.60,0.00,P-202609-0163,129.60,0,0
O-202609-0161,True,2026-09-06T08:36:00,C010,Omar Haddad,102.40,0,8.19,110.59,110.59,0.00,P-202609-0164,0,110.59,0
O-202609-0162,True,2026-09-06T08:51:00,WALK-IN,WALK-IN,10.45,0,0.84,11.29,11.29,0.00,P-202609-0165,0,11.29,0
O-202609-0163,True,2026-09-06T09:04:00,C004,Daniel Okafor,184.80,0,14.78,199.58,199.58,0.00,P-202609-0166,199.58,0,0
O-202609-0164,True,2026-09-06T10:43:00,C008,Luis Garcia,36.00,0,2.88,38.88,38.88,0.00,P-202609-0167,38.88,0,0
O-202609-0165,True,2026-09-06T11:04:00,C063,Kim Nguyen,69.60,0,5.56,75.16,75.16,0.00,P-202609-0168,75.16,0,0
O-202609-0166,True,2026-09-06T11:13:00,C001,Maria Lopez,195.05,0,15.60,210.65,210.65,0.00,P-202609-0169,210.65,0,0
O-202609-0456,True,2026-09-14T16:40:00,C010,Omar Haddad,75.90,0,6.07,81.97,81.97,0.00,P-202609-0464,0,81.97,0
O-202609-0167,True,2026-09-06T11:16:00,C078,Owen Rahman,240.00,0,19.20,259.20,259.20,0.00,P-202609-0170,259.20,0,0
O-202609-0168,True,2026-09-06T11:37:00,C013,Nina Petrov,81.00,0,6.48,87.48,87.48,0.00,P-202609-0171,87.48,0,0
O-202609-0169,True,2026-09-06T11:45:00,C004,Daniel Okafor,37.00,0,2.96,39.96,39.96,0.00,P-202609-0172,0,39.96,0
O-202609-0170,True,2026-09-06T11:57:00,C012,Victor Nguyen,32.00,0,2.56,34.56,34.56,0.00,P-202609-0173,34.56,0,0
O-202609-0171,True,2026-09-06T12:03:00,C065,Zara Ramos,40.50,0,3.24,43.74,43.74,0.00,P-202609-0174,43.74,0,0
O-202609-0172,True,2026-09-06T12:11:00,C074,Samir Lopez,71.40,0,5.71,77.11,77.11,0.00,P-202609-0175,77.11,0,0
O-202609-0173,True,2026-09-06T12:33:00,C012,Victor Nguyen,47.10,0,3.77,50.87,50.87,0.00,P-202609-0176,50.87,0,0
O-202609-0174,True,2026-09-06T12:45:00,UNRESOLVED,UNRESOLVED,74.20,0,5.94,80.14,80.14,0.00,P-202609-0177,80.14,0,0
O-202609-0175,True,2026-09-06T12:52:00,C010,Omar Haddad,113.40,0,9.07,122.47,122.47,0.00,P-202609-0178,122.47,0,0
O-202609-0176,True,2026-09-06T13:21:00,C013,Nina Petrov,30.00,0,2.40,32.40,32.40,0.00,P-202609-0179,32.40,0,0
O-202609-0177,True,2026-09-06T13:30:00,C003,Priya Patel,240.00,0,19.20,259.20,259.20,0.00,P-202609-0180,259.20,0,0
O-202609-0178,True,2026-09-06T14:28:00,WALK-IN,WALK-IN,15.00,0,1.20,16.20,16.20,0.00,P-202609-0181,0,16.20,0
O-202609-0179,True,2026-09-06T14:39:00,C071,Mei Byrne,43.35,0,3.47,46.82,46.82,0.00,P-202609-0182,46.82,0,0
O-202609-0180,True,2026-09-06T14:40:00,UNRESOLVED,UNRESOLVED,108.00,0,8.64,116.64,116.64,0.00,P-202609-0184,116.64,0,0
O-202609-0181,True,2026-09-06T14:42:00,C002,James Chen,109.50,0,8.76,118.26,118.26,0.00,P-202609-0183,118.26,0,0
O-202609-0182,True,2026-09-06T15:08:00,C004,Daniel Okafor,216.00,0,17.28,233.28,233.28,0.00,P-202609-0186,233.28,0,0
O-202609-0183,True,2026-09-06T16:09:00,WALK-IN,WALK-IN,181.60,0,14.53,196.13,196.13,0.00,P-202609-0188,196.13,0,0
O-202609-0184,True,2026-09-06T16:09:00,C003,Priya Patel,14.25,0,1.14,15.39,15.39,0.00,P-202609-0187,15.39,0,0
O-202609-0185,True,2026-09-06T16:12:00,C002,James Chen,20.40,0,1.63,22.03,22.03,0.00,P-202609-0189,0,22.03,0
O-202609-0186,True,2026-09-06T16:14:00,C052,Victor Ali,178.90,0,14.31,193.21,193.21,0.00,P-202609-0190,0,193.21,0
O-202609-0187,True,2026-09-06T16:21:00,WALK-IN,WALK-IN,30.30,0,2.42,32.72,32.72,0.00,P-202609-0191,32.72,0,0
O-202609-0188,True,2026-09-06T16:25:00,WALK-IN,WALK-IN,106.40,0,8.51,114.91,114.91,0.00,P-202609-0192,0,114.91,0
O-202609-0189,True,2026-09-06T16:28:00,C005,Aisha Rahman,247.80,0,19.82,267.62,267.62,0.00,P-202609-0193,0,267.62,0
O-202609-0190,True,2026-09-06T17:15:00,WALK-IN,WALK-IN,104.00,0,8.32,112.32,112.32,0.00,P-202609-0194,112.32,0,0
O-202609-0191,True,2026-09-06T17:26:00,WALK-IN,WALK-IN,30.60,0,2.45,33.05,33.05,0.00,P-202609-0195,33.05,0,0
O-202609-0192,True,2026-09-06T17:46:00,C005,Aisha Rahman,120.00,0,9.60,129.60,129.60,0.00,P-202609-0196,129.60,0,0
O-202609-0193,True,2026-09-07T07:17:00,C001,Maria Lopez,24.00,0,1.92,25.92,25.92,0.00,P-202609-0197,25.92,0,0
O-202609-0194,True,2026-09-07T07:23:00,C056,Marcus Hughes,48.00,0,3.84,51.84,51.84,0.00,P-202609-0198,51.84,0,0
O-202609-0195,True,2026-09-07T07:42:00,C006,Tom Walsh,74.00,0,5.92,79.92,79.92,0.00,P-202609-0199,79.92,0,0
O-202609-0196,True,2026-09-07T07:49:00,C059,Fatima Evans,129.00,0,10.32,139.32,139.32,0.00,P-202609-0200,139.32,0,0
O-202609-0197,True,2026-09-07T08:18:00,C005,Aisha Rahman,69.85,0,5.59,75.44,75.44,0.00,P-202609-0201,0,75.44,0
O-202609-0198,True,2026-09-07T09:32:00,WALK-IN,WALK-IN,47.00,0,3.76,50.76,50.76,0.00,P-202609-0202,50.76,0,0
O-202609-0199,True,2026-09-07T10:06:00,WALK-IN,WALK-IN,60.00,0,4.80,64.80,64.80,0.00,P-202609-0203,0,64.80,0
O-202609-0200,True,2026-09-07T10:15:00,C002,James Chen,90.00,0,7.20,97.20,97.20,0.00,P-202609-0205,0,97.20,0
O-202609-0201,True,2026-09-07T10:16:00,C006,Tom Walsh,81.00,0,6.48,87.48,87.48,0.00,P-202609-0204,87.48,0,0
O-202609-0202,True,2026-09-07T10:27:00,WALK-IN,WALK-IN,78.00,0,6.24,84.24,84.24,0.00,P-202609-0206,84.24,0,0
O-202609-0203,True,2026-09-07T11:12:00,WALK-IN,WALK-IN,172.80,0,13.82,186.62,186.62,0.00,P-202609-0207,186.62,0,0
O-202609-0204,True,2026-09-07T11:18:00,C046,Tom Petrov,183.00,0,14.64,197.64,197.64,0.00,P-202609-0208,0,197.64,0
O-202609-0205,True,2026-09-07T12:26:00,C053,Nina Moreau,143.40,0,11.47,154.87,154.87,0.00,P-202609-0209,154.87,0,0
O-202609-0206,True,2026-09-07T12:29:00,C002,James Chen,12.00,0,0.96,12.96,12.96,0.00,P-202609-0210,0,12.96,0
O-202609-0207,True,2026-09-07T12:35:00,WALK-IN,WALK-IN,27.00,0,2.16,29.16,29.16,0.00,P-202609-0211,29.16,0,0
O-202609-0208,True,2026-09-07T13:27:00,WALK-IN,WALK-IN,32.00,0,2.56,34.56,34.56,0.00,P-202609-0212,0,34.56,0
O-202609-0209,True,2026-09-07T13:53:00,WALK-IN,WALK-IN,89.60,0,7.17,96.77,96.77,0.00,P-202609-0213,96.77,0,0
O-202609-0210,True,2026-09-07T13:54:00,C070,Ethan Mensah,156.00,0,12.48,168.48,168.48,0.00,P-202609-0214,168.48,0,0
O-202609-0211,True,2026-09-07T14:04:00,C007,Keiko Tanaka,144.00,0,11.52,155.52,155.52,0.00,P-202609-0215,155.52,0,0
O-202609-0212,True,2026-09-07T14:16:00,C033,Chloe Martin,71.50,0,5.72,77.22,77.22,0.00,P-202609-0216,77.22,0,0
O-202609-0213,True,2026-09-07T14:30:00,C014,Alex Morgan,147.60,0,11.81,159.41,159.41,0.00,P-202609-0217,159.41,0,0
O-202609-0214,True,2026-09-07T15:37:00,C013,Nina Petrov,30.00,0,2.40,32.40,32.40,0.00,P-202609-0218,0,32.40,0
O-202609-0215,True,2026-09-07T15:57:00,C041,Sam Ortiz,90.40,0,7.23,97.63,97.63,0.00,P-202609-0219,97.63,0,0
O-202609-0216,True,2026-09-07T16:23:00,C011,Hannah Brooks,115.00,0,9.20,124.20,124.20,0.00,P-202609-0220,0,124.20,0
O-202609-0217,True,2026-09-07T16:31:00,C005,Aisha Rahman,61.20,0,4.90,66.10,66.10,0.00,P-202609-0221,66.10,0,0
O-202609-0218,True,2026-09-07T16:40:00,C044,Daniel Brooks,16.80,0,1.34,18.14,18.14,0.00,P-202609-0222,18.14,0,0
O-202609-0219,True,2026-09-07T17:07:00,C080,Kofi Tanaka,157.20,0,12.58,169.78,169.78,0.00,P-202609-0224,169.78,0,0
O-202609-0220,True,2026-09-07T17:10:00,WALK-IN,WALK-IN,88.20,0,7.06,95.26,95.26,0.00,P-202609-0223,0,95.26,0
O-202609-0221,True,2026-09-07T17:15:00,C009,Grace Kim,76.80,0,6.14,82.94,82.94,0.00,P-202609-0225,82.94,0,0
O-202609-0222,True,2026-09-07T17:23:00,C005,Aisha Rahman,80.00,0,6.40,86.40,86.40,0.00,P-202609-0226,86.40,0,0
O-202609-0223,True,2026-09-07T17:38:00,C017,Sofia Costa,117.00,0,9.36,126.36,126.36,0.00,P-202609-0227; P-202609-0228,126.36,0,0
O-202609-0224,True,2026-09-08T07:23:00,WALK-IN,WALK-IN,96.00,0,7.68,103.68,103.68,0.00,P-202609-0229,103.68,0,0
O-202609-0225,True,2026-09-08T07:45:00,C011,Hannah Brooks,94.20,0,7.54,101.74,101.74,0.00,P-202609-0230,101.74,0,0
O-202609-0226,True,2026-09-08T07:51:00,C003,Priya Patel,105.90,0,8.47,114.37,114.37,0.00,P-202609-0231,114.37,0,0
O-202609-0227,True,2026-09-08T07:54:00,WALK-IN,WALK-IN,93.15,0,7.45,100.60,100.60,0.00,P-202609-0232,100.60,0,0
O-202609-0228,True,2026-09-08T08:06:00,C011,Hannah Brooks,59.70,0,4.78,64.48,64.48,0.00,P-202609-0233,0,64.48,0
O-202609-0229,True,2026-09-08T08:20:00,WALK-IN,WALK-IN,20.30,0,1.62,21.92,21.92,0.00,P-202609-0234,0,21.92,0
O-202609-0230,True,2026-09-08T08:22:00,C028,Jonah Grant,84.00,0,6.72,90.72,0,-90.72,,0,0,0
O-202609-0231,True,2026-09-08T08:55:00,WALK-IN,WALK-IN,156.50,0,12.52,169.02,169.02,0.00,P-202609-0235,169.02,0,0
O-202609-0232,True,2026-09-08T09:00:00,C003,Priya Patel,149.50,0,11.96,161.46,161.46,0.00,P-202609-0236,161.46,0,0
O-202609-0233,True,2026-09-08T09:14:00,WALK-IN,WALK-IN,63.00,0,5.04,68.04,68.04,0.00,P-202609-0237,68.04,0,0
O-202609-0234,True,2026-09-08T10:03:00,C002,James Chen,148.80,0,11.90,160.70,160.70,0.00,P-202609-0238,160.70,0,0
O-202609-0235,True,2026-09-08T10:18:00,C011,Hannah Brooks,116.05,0,9.28,125.33,125.33,0.00,P-202609-0239,125.33,0,0
O-202609-0236,True,2026-09-08T10:22:00,C008,Luis Garcia,341.70,0,27.34,369.04,369.04,0.00,P-202609-0240,369.04,0,0
O-202609-0237,True,2026-09-08T10:35:00,C029,Rosa Mendes,164.00,0,13.12,177.12,177.12,0.00,P-202609-0241,0,177.12,0
O-202609-0238,True,2026-09-08T10:35:00,C003,Priya Patel,100.00,0,8.00,108.00,108.00,0.00,P-202609-0242,108.00,0,0
O-202609-0239,True,2026-09-08T10:38:00,C009,Grace Kim,75.00,0,6.00,81.00,81.00,0.00,P-202609-0243,81.00,0,0
O-202609-0240,True,2026-09-08T11:00:00,WALK-IN,WALK-IN,81.00,0,6.48,87.48,87.48,0.00,P-202609-0244,87.48,0,0
O-202609-0241,True,2026-09-08T11:33:00,C001,Maria Lopez,28.80,0,2.30,31.10,31.10,0.00,P-202609-0245,31.10,0,0
O-202609-0242,True,2026-09-08T12:00:00,WALK-IN,WALK-IN,117.00,0,9.36,126.36,126.36,0.00,P-202609-0246,126.36,0,0
O-202609-0243,True,2026-09-08T12:19:00,C072,Diego Sato,78.80,0,6.30,85.10,85.10,0.00,P-202609-0247,85.10,0,0
O-202609-0244,True,2026-09-08T12:25:00,C020,Leo Moreau,57.00,0,4.56,61.56,0,-61.56,,0,0,0
O-202609-0245,True,2026-09-08T12:34:00,C004,Daniel Okafor,72.00,0,5.76,77.76,77.76,0.00,P-202609-0248,0,77.76,0
O-202609-0246,True,2026-09-08T13:06:00,WALK-IN,WALK-IN,258.00,0,20.64,278.64,278.64,0.00,P-202609-0250,0,278.64,0
O-202609-0247,True,2026-09-08T13:22:00,C002,James Chen,165.00,0,13.20,178.20,178.20,0.00,P-202609-0251,178.20,0,0
O-202609-0248,True,2026-09-08T13:48:00,C017,Sofia Costa,60.75,0,4.86,65.61,65.61,0.00,P-202609-0252,65.61,0,0
O-202609-0249,True,2026-09-08T14:16:00,WALK-IN,WALK-IN,20.00,0,1.60,21.60,21.60,0.00,P-202609-0253,21.60,0,0
O-202609-0250,True,2026-09-08T14:38:00,C009,Grace Kim,264.00,0,21.12,285.12,285.12,0.00,P-202609-0254,285.12,0,0
O-202609-0251,True,2026-09-08T14:44:00,C003,Priya Patel,134.25,0,10.74,144.99,144.99,0.00,P-202609-0255,144.99,0,0
O-202609-0252,True,2026-09-08T14:53:00,C023,Megan Hughes,128.50,0,10.28,138.78,138.78,0.00,P-202609-0256,0,138.78,0
O-202609-0253,True,2026-09-08T15:11:00,C009,Grace Kim,65.00,0,5.20,70.20,70.20,0.00,P-202609-0257,70.20,0,0
O-202609-0254,True,2026-09-08T15:15:00,C011,Hannah Brooks,74.00,0,5.92,79.92,79.92,0.00,P-202609-0258,0,79.92,0
O-202609-0255,True,2026-09-08T15:31:00,C019,Fatima Ali,141.00,0,11.28,152.28,152.28,0.00,P-202609-0259,0,152.28,0
O-202609-0256,True,2026-09-08T16:02:00,C012,Victor Nguyen,240.00,0,19.20,259.20,259.20,0.00,P-202609-0260,259.20,0,0
O-202609-0257,True,2026-09-08T16:18:00,C008,Luis Garcia,45.60,0,3.65,49.25,49.25,0.00,P-202609-0261,0,49.25,0
O-202609-0258,True,2026-09-08T16:27:00,WALK-IN,WALK-IN,52.75,0,4.22,56.97,56.97,0.00,P-202609-0262,56.97,0,0
O-202609-0259,True,2026-09-08T16:36:00,WALK-IN,WALK-IN,155.20,0,12.42,167.62,167.62,0.00,P-202609-0263,167.62,0,0
O-202609-0260,True,2026-09-08T17:03:00,C003,Priya Patel,120.00,0,9.60,129.60,129.60,0.00,P-202609-0264,129.60,0,0
O-202609-0261,True,2026-09-08T17:29:00,C046,Tom Petrov,68.00,0,5.44,73.44,73.44,0.00,P-202609-0265,0,73.44,0
O-202609-0262,True,2026-09-08T17:33:00,C013,Nina Petrov,99.00,0,7.92,106.92,106.92,0.00,P-202609-0266,106.92,0,0
O-202609-0263,True,2026-09-08T17:41:00,WALK-IN,WALK-IN,59.00,0,4.72,63.72,63.72,0.00,P-202609-0267,0,63.72,0
O-202609-0264,True,2026-09-09T08:32:00,WALK-IN,WALK-IN,215.55,0,17.24,232.79,232.79,0.00,P-202609-0268,232.79,0,0
O-202609-0265,True,2026-09-09T08:50:00,C050,Omar Costa,330.00,0,26.40,356.40,356.40,0.00,P-202609-0269,356.40,0,0
O-202609-0266,True,2026-09-09T08:51:00,C074,Samir Lopez,324.00,0,25.92,349.92,349.92,0.00,P-202609-0270,349.92,0,0
O-202609-0267,True,2026-09-09T09:43:00,C012,Victor Nguyen,11.00,0,0.88,11.88,11.88,0.00,P-202609-0271,11.88,0,0
O-202609-0268,True,2026-09-09T09:56:00,C007,Keiko Tanaka,65.85,0,5.27,71.12,71.12,0.00,P-202609-0272,71.12,0,0
O-202609-0269,True,2026-09-09T10:10:00,C025,Zara Khan,147.45,0,11.79,159.24,159.24,0.00,P-202609-0273,159.24,0,0
O-202609-0270,True,2026-09-09T10:35:00,C004,Daniel Okafor,27.00,0,2.16,29.16,29.16,0.00,P-202609-0274,0,29.16,0
O-202609-0669,True,2026-09-21T07:56:00,C007,Keiko Tanaka,127.05,0,10.16,137.21,137.21,0.00,P-202609-0682,0,137.21,0
O-202609-0271,True,2026-09-09T11:04:00,C004,Daniel Okafor,25.80,0,2.06,27.86,27.86,0.00,P-202609-0275,27.86,0,0
O-202609-0272,True,2026-09-09T11:07:00,C011,Hannah Brooks,117.00,0,9.36,126.36,126.36,0.00,P-202609-0276,126.36,0,0
O-202609-0273,True,2026-09-09T11:17:00,C004,Daniel Okafor,84.00,0,6.72,90.72,90.72,0.00,P-202609-0277,0,90.72,0
O-202609-0274,True,2026-09-09T11:38:00,C031,Mei Liu,267.00,0,21.36,288.36,288.36,0.00,P-202609-0278,288.36,0,0
O-202609-0275,True,2026-09-09T11:51:00,WALK-IN,WALK-IN,177.00,0,14.16,191.16,191.16,0.00,P-202609-0279,191.16,0,0
O-202609-0276,True,2026-09-09T12:00:00,C013,Nina Petrov,82.00,0,6.56,88.56,88.56,0.00,P-202609-0280,88.56,0,0
O-202609-0277,True,2026-09-09T12:25:00,C045,Aisha Nguyen,316.00,0,25.28,341.28,341.28,0.00,P-202609-0281,0,341.28,0
O-202609-0278,True,2026-09-09T12:51:00,C012,Victor Nguyen,96.00,0,7.68,103.68,103.68,0.00,P-202609-0282,103.68,0,0
O-202609-0279,True,2026-09-09T14:10:00,C070,Ethan Mensah,76.95,0,6.16,83.11,83.11,0.00,P-202609-0283,83.11,0,0
O-202609-0280,True,2026-09-09T14:10:00,C004,Daniel Okafor,113.75,0,9.10,122.85,122.85,0.00,P-202609-0284,0,122.85,0
O-202609-0281,True,2026-09-09T14:15:00,C003,Priya Patel,29.00,0,2.32,31.32,31.32,0.00,P-202609-0285,31.32,0,0
O-202609-0282,True,2026-09-09T14:24:00,C059,Fatima Evans,209.00,0,16.72,225.72,225.72,0.00,P-202609-0286,225.72,0,0
O-202609-0283,True,2026-09-09T15:11:00,C004,Daniel Okafor,178.80,0,14.30,193.10,193.10,0.00,P-202609-0287,0,193.10,0
O-202609-0284,True,2026-09-09T16:13:00,WALK-IN,WALK-IN,324.00,0,25.92,349.92,349.92,0.00,P-202609-0288,349.92,0,0
O-202609-0285,True,2026-09-09T16:57:00,C004,Daniel Okafor,76.00,0,6.08,82.08,82.08,0.00,P-202609-0289,82.08,0,0
O-202609-0286,True,2026-09-09T17:30:00,WALK-IN,WALK-IN,64.00,0,5.12,69.12,69.12,0.00,P-202609-0290,69.12,0,0
O-202609-0287,True,2026-09-09T17:36:00,C061,Ivy Grant,159.00,0,12.72,171.72,171.72,0.00,P-202609-0291,0,171.72,0
O-202609-0288,True,2026-09-10T07:07:00,C038,Owen Byrne,73.55,0,5.88,79.43,79.43,0.00,P-202609-0293,79.43,0,0
O-202609-0289,True,2026-09-10T07:10:00,C003,Priya Patel,44.65,0,3.58,48.23,48.23,0.00,P-202609-0294,48.23,0,0
O-202609-0290,True,2026-09-10T07:13:00,WALK-IN,WALK-IN,120.00,0,9.60,129.60,129.60,0.00,P-202609-0295,129.60,0,0
O-202609-0291,True,2026-09-10T07:17:00,C056,Marcus Hughes,110.60,0,8.85,119.45,119.45,0.00,P-202609-0296,119.45,0,0
O-202609-0706,True,2026-09-22T10:11:00,C001,Maria Lopez,236.40,0,18.91,255.31,255.31,0.00,P-202609-0720,255.31,0,0
O-202609-0292,True,2026-09-10T07:51:00,C023,Megan Hughes,136.00,0,10.88,146.88,146.88,0.00,P-202609-0297,146.88,0,0
O-202609-0293,True,2026-09-10T07:57:00,C054,Ravi Reed,14.25,0,1.14,15.39,15.39,0.00,P-202609-0298,15.39,0,0
O-202609-0294,True,2026-09-10T08:45:00,C071,Mei Byrne,51.00,0,4.08,55.08,55.08,0.00,P-202609-0299,55.08,0,0
O-202609-0295,True,2026-09-10T08:49:00,C005,Aisha Rahman,76.00,0,6.08,82.08,82.08,0.00,P-202609-0300,82.08,0,0
O-202609-0296,True,2026-09-10T08:51:00,WALK-IN,WALK-IN,108.00,0,8.64,116.64,116.64,0.00,P-202609-0301,116.64,0,0
O-202609-0297,True,2026-09-10T08:59:00,C002,James Chen,296.55,0,23.72,320.27,320.27,0.00,P-202609-0303,320.27,0,0
O-202609-0298,True,2026-09-10T09:01:00,WALK-IN,WALK-IN,63.00,0,5.04,68.04,68.04,0.00,P-202609-0302,0,68.04,0
O-202609-0299,True,2026-09-10T09:50:00,WALK-IN,WALK-IN,51.00,0,4.08,55.08,0,-55.08,,0,0,0
O-202609-0300,True,2026-09-10T11:41:00,C029,Rosa Mendes,28.05,0,2.24,30.29,30.29,0.00,P-202609-0304,30.29,0,0
O-202609-0301,True,2026-09-10T11:41:00,C002,James Chen,95.20,0,7.62,102.82,102.82,0.00,P-202609-0305,102.82,0,0
O-202609-0302,True,2026-09-10T11:58:00,C005,Aisha Rahman,120.00,0,9.60,129.60,129.60,0.00,P-202609-0306,129.60,0,0
O-202609-0303,True,2026-09-10T12:18:00,C003,Priya Patel,378.60,0,30.29,408.89,408.89,0.00,P-202609-0307,408.89,0,0
O-202609-0304,True,2026-09-10T12:47:00,C006,Tom Walsh,402.00,0,32.16,434.16,434.16,0.00,P-202609-0308,434.16,0,0
O-202609-0305,True,2026-09-10T13:15:00,C003,Priya Patel,144.00,0,11.52,155.52,155.52,0.00,P-202609-0309,155.52,0,0
O-202609-0306,True,2026-09-10T13:19:00,WALK-IN,WALK-IN,102.00,0,8.16,110.16,110.16,0.00,P-202609-0310,110.16,0,0
O-202609-0307,True,2026-09-10T14:04:00,C003,Priya Patel,97.40,0,7.79,105.19,105.19,0.00,P-202609-0311,105.19,0,0
O-202609-0308,True,2026-09-10T14:14:00,C018,Ben Fischer,105.00,0,8.40,113.40,113.40,0.00,P-202609-0312,0,113.40,0
O-202609-0309,True,2026-09-10T14:14:00,C067,Lily Shah,55.45,0,4.44,59.89,59.89,0.00,P-202609-0313,59.89,0,0
O-202609-0310,True,2026-09-10T14:28:00,C059,Fatima Evans,48.00,0,3.84,51.84,51.84,0.00,P-202609-0316,0,51.84,0
O-202609-0311,True,2026-09-10T14:29:00,C017,Sofia Costa,68.40,0,5.47,73.87,73.87,0.00,P-202609-0314,73.87,0,0
O-202609-0312,True,2026-09-10T14:30:00,C004,Daniel Okafor,159.30,0,12.74,172.04,172.04,0.00,P-202609-0315,0,172.04,0
O-202609-0313,True,2026-09-10T14:32:00,C044,Daniel Brooks,32.00,0,2.56,34.56,34.56,0.00,P-202609-0317,34.56,0,0
O-202609-0314,True,2026-09-10T15:01:00,C045,Aisha Nguyen,93.20,0,7.45,100.65,100.65,0.00,P-202609-0318,100.65,0,0
O-202609-0315,True,2026-09-10T15:14:00,WALK-IN,WALK-IN,122.40,0,9.79,132.19,132.19,0.00,P-202609-0319,132.19,0,0
O-202609-0316,True,2026-09-10T15:16:00,C012,Victor Nguyen,15.30,0,1.22,16.52,16.52,0.00,P-202609-0320,16.52,0,0
O-202609-0317,True,2026-09-10T15:26:00,C021,Ivy Reed,199.80,0,15.98,215.78,215.78,0.00,P-202609-0321,0,215.78,0
O-202609-0318,True,2026-09-10T15:28:00,C025,Zara Khan,92.00,0,7.36,99.36,99.36,0.00,P-202609-0322,99.36,0,0
O-202609-0319,True,2026-09-10T15:36:00,C004,Daniel Okafor,90.00,0,7.20,97.20,97.20,0.00,P-202609-0323,0,97.20,0
O-202609-0320,True,2026-09-10T16:26:00,C078,Owen Rahman,150.60,0,12.05,162.65,162.65,0.00,P-202609-0324,162.65,0,0
O-202609-0321,True,2026-09-10T16:41:00,C052,Victor Ali,68.90,0,5.51,74.41,74.41,0.00,P-202609-0325,74.41,0,0
O-202609-0322,True,2026-09-10T17:14:00,C007,Keiko Tanaka,101.00,0,8.08,109.08,109.08,0.00,P-202609-0326,0,109.08,0
O-202609-0323,True,2026-09-10T17:28:00,C046,Tom Petrov,27.20,0,2.18,29.38,29.38,0.00,P-202609-0327,29.38,0,0
O-202609-0324,True,2026-09-10T17:47:00,C001,Maria Lopez,181.50,0,14.52,196.02,196.02,0.00,P-202609-0328,196.02,0,0
O-202609-0325,True,2026-09-10T17:58:00,C009,Grace Kim,120.60,0,9.65,130.25,130.25,0.00,P-202609-0329,0,130.25,0
O-202609-0326,True,2026-09-11T08:06:00,C032,Diego Ramos,144.00,0,11.52,155.52,155.52,0.00,P-202609-0330,155.52,0,0
O-202609-0327,True,2026-09-11T08:26:00,C004,Daniel Okafor,7.65,0,0.61,8.26,8.26,0.00,P-202609-0331,8.26,0,0
O-202609-0328,True,2026-09-11T08:29:00,C005,Aisha Rahman,234.00,0,18.72,252.72,252.72,0.00,P-202609-0332,252.72,0,0
O-202609-0329,True,2026-09-11T09:42:00,C057,Sofia Park,70.50,0,5.64,76.14,76.14,0.00,P-202609-0333,76.14,0,0
O-202609-0330,True,2026-09-11T09:48:00,C012,Victor Nguyen,42.95,0,3.44,46.39,46.39,0.00,P-202609-0334,46.39,0,0
O-202609-0331,True,2026-09-11T10:34:00,C036,Felix Larsen,252.00,0,20.16,272.16,272.16,0.00,P-202609-0335,272.16,0,0
O-202609-0332,True,2026-09-11T10:51:00,C068,Jonah Novak,67.60,0,5.41,73.01,73.01,0.00,P-202609-0336,73.01,0,0
O-202609-0333,True,2026-09-11T10:58:00,C003,Priya Patel,267.00,0,21.36,288.36,288.36,0.00,P-202609-0337,288.36,0,0
O-202609-0334,True,2026-09-11T11:09:00,C008,Luis Garcia,84.00,0,6.72,90.72,90.72,0.00,P-202609-0338,0,90.72,0
O-202609-0335,True,2026-09-11T11:15:00,C067,Lily Shah,29.00,0,2.32,31.32,31.32,0.00,P-202609-0339,31.32,0,0
O-202609-0336,True,2026-09-11T11:38:00,C046,Tom Petrov,38.40,0,3.07,41.47,41.47,0.00,P-202609-0340,41.47,0,0
O-202609-0337,True,2026-09-11T11:55:00,C032,Diego Ramos,96.00,0,7.68,103.68,103.68,0.00,P-202609-0341,103.68,0,0
O-202609-0338,True,2026-09-11T12:08:00,C043,Priya Haddad,134.50,0,10.76,145.26,145.26,0.00,P-202609-0342,145.26,0,0
O-202609-0339,True,2026-09-11T12:37:00,C024,Theo Park,120.00,0,9.60,129.60,129.60,0.00,P-202609-0343,129.60,0,0
O-202609-0340,True,2026-09-11T13:04:00,WALK-IN,WALK-IN,40.80,0,3.26,44.06,44.06,0.00,P-202609-0344,44.06,0,0
O-202609-0341,True,2026-09-11T13:16:00,C003,Priya Patel,126.40,0,10.11,136.51,136.51,0.00,P-202609-0345,0,136.51,0
O-202609-0342,True,2026-09-11T13:26:00,C007,Keiko Tanaka,137.00,0,10.96,147.96,147.96,0.00,P-202609-0346,0,147.96,0
O-202609-0343,True,2026-09-11T13:33:00,C032,Diego Ramos,351.00,0,28.08,379.08,379.08,0.00,P-202609-0347,379.08,0,0
O-202609-0344,True,2026-09-11T14:07:00,WALK-IN,WALK-IN,255.00,0,20.40,275.40,275.40,0.00,P-202609-0348,275.40,0,0
O-202609-0345,True,2026-09-11T15:45:00,C054,Ravi Reed,22.00,0,1.76,23.76,23.76,0.00,P-202609-0349,23.76,0,0
O-202609-0346,True,2026-09-11T15:56:00,C047,Keiko Iyer,16.20,0,1.30,17.50,17.50,0.00,P-202609-0350,17.50,0,0
O-202609-0347,True,2026-09-11T16:16:00,WALK-IN,WALK-IN,145.60,0,11.65,157.25,157.25,0.00,P-202609-0351,0,157.25,0
O-202609-0348,True,2026-09-11T16:42:00,C062,Carlos Mendes,62.80,0,5.02,67.82,67.82,0.00,P-202609-0352,67.82,0,0
O-202609-0349,True,2026-09-11T16:59:00,C037,Yara Mensah,75.60,0,6.05,81.65,81.65,0.00,P-202609-0354,0,81.65,0
O-202609-0350,True,2026-09-11T17:00:00,C045,Aisha Nguyen,83.00,0,6.64,89.64,89.64,0.00,P-202609-0353,89.64,0,0
O-202609-0351,True,2026-09-11T17:21:00,WALK-IN,WALK-IN,10.20,0,0.82,11.02,11.02,0.00,P-202609-0355,11.02,0,0
O-202609-0352,True,2026-09-11T17:25:00,C011,Hannah Brooks,142.80,0,11.42,154.22,154.22,0.00,P-202609-0356,154.22,0,0
O-202609-0353,True,2026-09-11T17:31:00,WALK-IN,WALK-IN,104.00,0,8.32,112.32,112.32,0.00,P-202609-0357,112.32,0,0
O-202609-0354,True,2026-09-11T17:41:00,C017,Sofia Costa,133.00,0,10.64,143.64,143.64,0.00,P-202609-0358,143.64,0,0
O-202609-0355,True,2026-09-12T08:18:00,WALK-IN,WALK-IN,58.20,0,4.66,62.86,62.86,0.00,P-202609-0359,62.86,0,0
O-202609-0356,True,2026-09-12T08:23:00,C011,Hannah Brooks,140.90,0,11.27,152.17,152.17,0.00,P-202609-0360,0,152.17,0
O-202609-0357,True,2026-09-12T08:40:00,C002,James Chen,54.00,0,4.32,58.32,58.32,0.00,P-202609-0361,58.32,0,0
O-202609-0358,True,2026-09-12T08:43:00,C009,Grace Kim,64.00,0,5.12,69.12,69.12,0.00,P-202609-0362,69.12,0,0
O-202609-0359,True,2026-09-12T08:50:00,C004,Daniel Okafor,78.00,0,6.24,84.24,84.24,0.00,P-202609-0363,84.24,0,0
O-202609-0360,True,2026-09-12T08:58:00,C043,Priya Haddad,54.40,0,4.35,58.75,58.75,0.00,P-202609-0365,0,58.75,0
O-202609-0361,True,2026-09-12T08:59:00,C013,Nina Petrov,186.00,0,14.88,200.88,200.88,0.00,P-202609-0364,200.88,0,0
O-202609-0362,True,2026-09-12T09:19:00,WALK-IN,WALK-IN,22.10,0,1.77,23.87,23.87,0.00,P-202609-0366,0,23.87,0
O-202609-0363,True,2026-09-12T11:03:00,C031,Mei Liu,122.00,0,9.76,131.76,131.76,0.00,P-202609-0368,131.76,0,0
O-202609-0364,True,2026-09-12T11:04:00,C038,Owen Byrne,66.40,0,5.31,71.71,71.71,0.00,P-202609-0367,71.71,0,0
O-202609-0365,True,2026-09-12T11:10:00,C009,Grace Kim,22.00,0,1.76,23.76,23.76,0.00,P-202609-0369,23.76,0,0
O-202609-0366,True,2026-09-12T11:15:00,C075,Ada Chen,41.00,0,3.28,44.28,44.28,0.00,P-202609-0370,44.28,0,0
O-202609-0367,True,2026-09-12T11:17:00,WALK-IN,WALK-IN,77.80,0,6.22,84.02,84.02,0.00,P-202609-0371,84.02,0,0
O-202609-0368,True,2026-09-12T11:22:00,WALK-IN,WALK-IN,29.90,0,2.39,32.29,32.29,0.00,P-202609-0372,32.29,0,0
O-202609-0369,True,2026-09-12T11:35:00,C005,Aisha Rahman,36.00,0,2.88,38.88,38.88,0.00,P-202609-0373,0,38.88,0
O-202609-0370,True,2026-09-12T11:39:00,C002,James Chen,68.00,0,5.44,73.44,73.44,0.00,P-202609-0374,73.44,0,0
O-202609-0371,True,2026-09-12T11:44:00,C078,Owen Rahman,104.50,0,8.36,112.86,112.86,0.00,P-202609-0375,112.86,0,0
O-202609-0372,True,2026-09-12T12:03:00,C010,Omar Haddad,272.70,0,21.82,294.52,294.52,0.00,P-202609-0377,294.52,0,0
O-202609-0373,True,2026-09-12T12:06:00,C066,Noah Martin,68.00,0,5.44,73.44,73.44,0.00,P-202609-0378,0,73.44,0
O-202609-0374,True,2026-09-12T12:07:00,C002,James Chen,81.00,0,6.48,87.48,87.48,0.00,P-202609-0379,87.48,0,0
O-202609-0375,True,2026-09-12T12:13:00,C010,Omar Haddad,80.00,0,6.40,86.40,86.40,0.00,P-202609-0380,86.40,0,0
O-202609-0376,True,2026-09-12T12:52:00,WALK-IN,WALK-IN,40.80,0,3.26,44.06,44.06,0.00,P-202609-0381,44.06,0,0
O-202609-0377,True,2026-09-12T12:53:00,WALK-IN,WALK-IN,90.00,0,7.20,97.20,97.20,0.00,P-202609-0382,97.20,0,0
O-202609-0378,True,2026-09-12T13:10:00,WALK-IN,WALK-IN,276.00,0,22.08,298.08,298.08,0.00,P-202609-0383,298.08,0,0
O-202609-0379,True,2026-09-12T13:46:00,WALK-IN,WALK-IN,61.50,0,4.92,66.42,66.42,0.00,P-202609-0384,0,66.42,0
O-202609-0380,True,2026-09-12T14:23:00,C002,James Chen,167.40,0,13.39,180.79,180.79,0.00,P-202609-0385,180.79,0,0
O-202609-0381,True,2026-09-12T14:36:00,C005,Aisha Rahman,8.50,0,0.68,9.18,9.18,0.00,P-202609-0386,9.18,0,0
O-202609-0382,True,2026-09-12T14:53:00,C027,Chris Lee,178.00,0,14.24,192.24,192.24,0.00,P-202609-0387,0,192.24,0
O-202609-0383,True,2026-09-12T15:31:00,C008,Luis Garcia,50.25,0,4.02,54.27,54.27,0.00,P-202609-0388,0,54.27,0
O-202609-0384,True,2026-09-12T15:47:00,WALK-IN,WALK-IN,113.85,0,9.11,122.96,122.96,0.00,P-202609-0389,122.96,0,0
O-202609-0385,True,2026-09-12T16:49:00,C009,Grace Kim,72.00,0,5.76,77.76,77.76,0.00,P-202609-0390,77.76,0,0
O-202609-0386,True,2026-09-12T16:54:00,C025,Zara Khan,139.00,0,11.12,150.12,150.12,0.00,P-202609-0391,150.12,0,0
O-202609-0387,True,2026-09-12T17:07:00,C012,Victor Nguyen,30.00,0,2.40,32.40,32.40,0.00,P-202609-0392,32.40,0,0
O-202609-0388,True,2026-09-12T17:31:00,C002,James Chen,36.00,0,2.88,38.88,38.88,0.00,P-202609-0393,0,38.88,0
O-202609-0389,True,2026-09-12T17:44:00,WALK-IN,WALK-IN,29.70,0,2.38,32.08,32.08,0.00,P-202609-0394,32.08,0,0
O-202609-0390,True,2026-09-13T07:15:00,C006,Tom Walsh,48.00,0,3.84,51.84,51.84,0.00,P-202609-0396,51.84,0,0
O-202609-0391,True,2026-09-13T07:15:00,C049,Grace Bell,88.80,0,7.10,95.90,95.90,0.00,P-202609-0395,95.90,0,0
O-202609-0392,True,2026-09-13T07:27:00,C004,Daniel Okafor,29.00,0,2.32,31.32,31.32,0.00,P-202609-0397,0,31.32,0
O-202609-0393,True,2026-09-13T07:53:00,C047,Keiko Iyer,50.10,0,4.01,54.11,54.11,0.00,P-202609-0398,0,54.11,0
O-202609-0394,True,2026-09-13T09:44:00,C005,Aisha Rahman,31.20,0,2.50,33.70,33.70,0.00,P-202609-0399,33.70,0,0
O-202609-0395,True,2026-09-13T10:16:00,C077,Yara Okafor,72.90,0,5.83,78.73,78.73,0.00,P-202609-0400,78.73,0,0
O-202609-0396,True,2026-09-13T10:32:00,C049,Grace Bell,15.00,0,1.20,16.20,16.20,0.00,P-202609-0401,16.20,0,0
O-202609-0397,True,2026-09-13T11:12:00,C017,Sofia Costa,72.00,0,5.76,77.76,77.76,0.00,P-202609-0402,77.76,0,0
O-202609-0398,True,2026-09-13T11:26:00,C052,Victor Ali,49.25,0,3.94,53.19,53.19,0.00,P-202609-0403,53.19,0,0
O-202609-0399,True,2026-09-13T11:28:00,C006,Tom Walsh,300.00,0,24.00,324.00,324.00,0.00,P-202609-0404,0,324.00,0
O-202609-0400,True,2026-09-13T11:32:00,C026,Noah Evans,241.20,0,19.30,260.50,260.50,0.00,P-202609-0405,260.50,0,0
O-202609-0401,True,2026-09-13T11:38:00,C071,Mei Byrne,86.00,0,6.88,92.88,92.88,0.00,P-202609-0406,92.88,0,0
O-202609-0402,True,2026-09-13T11:41:00,C008,Luis Garcia,303.00,0,24.24,327.24,327.24,0.00,P-202609-0407,0,327.24,0
O-202609-0403,True,2026-09-13T11:58:00,C026,Noah Evans,241.20,0,19.30,260.50,260.50,0.00,P-202609-0408,260.50,0,0
O-202609-0404,True,2026-09-13T12:15:00,C005,Aisha Rahman,84.00,0,6.72,90.72,90.72,0.00,P-202609-0409,90.72,0,0
O-202609-0405,True,2026-09-13T12:22:00,C062,Carlos Mendes,60.50,0,4.84,65.34,65.34,0.00,P-202609-0410,65.34,0,0
O-202609-0977,True,2026-09-30T10:52:00,WALK-IN,WALK-IN,303.00,0,24.24,327.24,327.24,0.00,P-202609-0996,327.24,0,0
O-202609-0406,True,2026-09-13T12:24:00,C060,Leo Dubois,38.75,0,3.10,41.85,41.85,0.00,P-202609-0411,41.85,0,0
O-202609-0407,True,2026-09-13T12:38:00,C007,Keiko Tanaka,29.00,0,2.32,31.32,31.32,0.00,P-202609-0412,31.32,0,0
O-202609-0408,True,2026-09-13T12:39:00,WALK-IN,WALK-IN,40.50,0,3.24,43.74,43.74,0.00,P-202609-0413,43.74,0,0
O-202609-0409,True,2026-09-13T13:34:00,WALK-IN,WALK-IN,135.60,0,10.85,146.45,141.45,-5.00,P-202609-0414,0,141.45,0
O-202609-0410,True,2026-09-13T13:34:00,C036,Felix Larsen,33.00,0,2.64,35.64,35.64,0.00,P-202609-0415,0,35.64,0
O-202609-0411,True,2026-09-13T13:39:00,C045,Aisha Nguyen,39.00,0,3.12,42.12,42.12,0.00,P-202609-0416,42.12,0,0
O-202609-0412,True,2026-09-13T13:54:00,C073,Chloe Quinn,71.15,0,5.69,76.84,76.84,0.00,P-202609-0417,76.84,0,0
O-202609-0413,True,2026-09-13T14:15:00,C010,Omar Haddad,84.80,0,6.78,91.58,91.58,0.00,P-202609-0418,91.58,0,0
O-202609-0414,True,2026-09-13T17:10:00,C001,Maria Lopez,201.60,0,16.13,217.73,217.73,0.00,P-202609-0419,0,217.73,0
O-202609-0415,True,2026-09-13T17:11:00,WALK-IN,WALK-IN,134.25,0,10.74,144.99,144.99,0.00,P-202609-0420,144.99,0,0
O-202609-0416,True,2026-09-13T17:19:00,C002,James Chen,134.40,0,10.75,145.15,145.15,0.00,P-202609-0421,145.15,0,0
O-202609-0417,True,2026-09-14T07:31:00,WALK-IN,WALK-IN,196.10,0,15.68,211.78,211.78,0.00,P-202609-0422,211.78,0,0
O-202609-0418,True,2026-09-14T07:31:00,C036,Felix Larsen,96.00,0,7.68,103.68,103.68,0.00,P-202609-0423,103.68,0,0
O-202609-0419,True,2026-09-14T07:59:00,C012,Victor Nguyen,205.65,0,16.45,222.10,222.10,0.00,P-202609-0424,222.10,0,0
O-202609-0420,True,2026-09-14T07:59:00,C068,Jonah Novak,31.80,0,2.54,34.34,34.34,0.00,P-202609-0425,34.34,0,0
O-202609-0421,True,2026-09-14T08:51:00,C078,Owen Rahman,126.40,0,10.11,136.51,136.51,0.00,P-202609-0426,0,136.51,0
O-202609-0422,True,2026-09-14T09:00:00,C078,Owen Rahman,109.10,0,8.73,117.83,117.83,0.00,P-202609-0427,117.83,0,0
O-202609-0423,True,2026-09-14T09:09:00,C073,Chloe Quinn,92.85,0,7.43,100.28,100.28,0.00,P-202609-0428,100.28,0,0
O-202609-0424,True,2026-09-14T09:12:00,C007,Keiko Tanaka,29.40,0,2.35,31.75,63.50,31.75,P-202609-0430; P-202609-0431,63.50,0,0
O-202609-0425,True,2026-09-14T09:12:00,C029,Rosa Mendes,81.00,0,6.48,87.48,87.48,0.00,P-202609-0429,0,87.48,0
O-202609-0426,True,2026-09-14T09:57:00,C003,Priya Patel,28.80,0,2.30,31.10,31.10,0.00,P-202609-0432,31.10,0,0
O-202609-0427,True,2026-09-14T10:02:00,C031,Mei Liu,85.40,0,6.83,92.23,92.23,0.00,P-202609-0433,92.23,0,0
O-202609-0428,True,2026-09-14T10:17:00,C012,Victor Nguyen,96.00,0,7.68,103.68,103.68,0.00,P-202609-0434,103.68,0,0
O-202609-0429,True,2026-09-14T10:24:00,C009,Grace Kim,91.00,0,7.28,98.28,98.28,0.00,P-202609-0435,98.28,0,0
O-202609-0430,True,2026-09-14T10:40:00,C004,Daniel Okafor,132.00,0,10.56,142.56,142.56,0.00,P-202609-0436,142.56,0,0
O-202609-0431,True,2026-09-14T10:52:00,C005,Aisha Rahman,140.00,0,11.20,151.20,151.20,0.00,P-202609-0437,151.20,0,0
O-202609-0432,True,2026-09-14T10:54:00,WALK-IN,WALK-IN,15.00,0,1.20,16.20,16.20,0.00,P-202609-0438,16.20,0,0
O-202609-0433,True,2026-09-14T11:02:00,C009,Grace Kim,128.40,0,10.27,138.67,138.67,0.00,P-202609-0439,138.67,0,0
O-202609-0434,True,2026-09-14T11:09:00,C019,Fatima Ali,84.00,0,6.72,90.72,90.72,0.00,P-202609-0440,90.72,0,0
O-202609-0435,True,2026-09-14T11:17:00,C059,Fatima Evans,99.60,0,7.97,107.57,107.57,0.00,P-202609-0442,107.57,0,0
O-202609-0436,True,2026-09-14T11:26:00,C054,Ravi Reed,79.70,0,6.38,86.08,86.08,0.00,P-202609-0444,86.08,0,0
O-202609-0437,True,2026-09-14T11:26:00,WALK-IN,WALK-IN,36.00,0,2.88,38.88,38.88,0.00,P-202609-0443,38.88,0,0
O-202609-0438,True,2026-09-14T11:39:00,C029,Rosa Mendes,139.65,0,11.18,150.83,150.83,0.00,P-202609-0445,150.83,0,0
O-202609-0439,True,2026-09-14T11:53:00,C003,Priya Patel,90.00,0,7.20,97.20,97.20,0.00,P-202609-0446,0,97.20,0
O-202609-0440,True,2026-09-14T12:10:00,C002,James Chen,13.50,0,1.08,14.58,14.58,0.00,P-202609-0447,14.58,0,0
O-202609-0441,True,2026-09-14T12:15:00,WALK-IN,WALK-IN,142.95,0,11.44,154.39,154.39,0.00,P-202609-0448,154.39,0,0
O-202609-0442,True,2026-09-14T12:36:00,C005,Aisha Rahman,165.80,0,13.26,179.06,179.06,0.00,P-202609-0449,179.06,0,0
O-202609-0443,True,2026-09-14T12:50:00,C004,Daniel Okafor,116.40,0,9.31,125.71,125.71,0.00,P-202609-0450,125.71,0,0
O-202609-0444,True,2026-09-14T12:55:00,C050,Omar Costa,93.60,0,7.49,101.09,101.09,0.00,P-202609-0451,0,101.09,0
O-202609-0445,True,2026-09-14T13:17:00,WALK-IN,WALK-IN,33.00,0,2.64,35.64,35.64,0.00,P-202609-0453,35.64,0,0
O-202609-0446,True,2026-09-14T13:21:00,C011,Hannah Brooks,71.85,0,5.75,77.60,77.60,0.00,P-202609-0454,77.60,0,0
O-202609-0447,True,2026-09-14T13:40:00,C002,James Chen,133.80,0,10.70,144.50,144.50,0.00,P-202609-0455,144.50,0,0
O-202609-0448,True,2026-09-14T14:31:00,WALK-IN,WALK-IN,102.00,0,8.16,110.16,110.16,0.00,P-202609-0456,110.16,0,0
O-202609-0449,True,2026-09-14T14:56:00,WALK-IN,WALK-IN,135.00,0,10.80,145.80,145.80,0.00,P-202609-0457,145.80,0,0
O-202609-0450,True,2026-09-14T15:15:00,C043,Priya Haddad,134.00,0,10.72,144.72,144.72,0.00,P-202609-0458,0,144.72,0
O-202609-0451,True,2026-09-14T15:29:00,C001,Maria Lopez,87.00,0,6.96,93.96,93.96,0.00,P-202609-0459,93.96,0,0
O-202609-0452,True,2026-09-14T15:55:00,C011,Hannah Brooks,34.25,0,2.74,36.99,36.99,0.00,P-202609-0460,36.99,0,0
O-202609-0453,True,2026-09-14T16:00:00,C069,Rosa Larsen,56.70,0,4.54,61.24,61.24,0.00,P-202609-0461,61.24,0,0
O-202609-0454,True,2026-09-14T16:23:00,WALK-IN,WALK-IN,183.60,0,14.69,198.29,198.29,0.00,P-202609-0462,198.29,0,0
O-202609-0455,True,2026-09-14T16:30:00,C012,Victor Nguyen,32.00,0,2.56,34.56,34.56,0.00,P-202609-0463,0,34.56,0
O-202609-0457,True,2026-09-14T17:16:00,C078,Owen Rahman,108.55,0,8.68,117.23,117.23,0.00,P-202609-0465,0,117.23,0
O-202609-0458,True,2026-09-14T17:32:00,C074,Samir Lopez,123.00,0,9.84,132.84,132.84,0.00,P-202609-0466,132.84,0,0
O-202609-0459,True,2026-09-14T17:38:00,C005,Aisha Rahman,276.00,0,22.08,298.08,298.08,0.00,P-202609-0467,298.08,0,0
O-202609-0460,True,2026-09-14T17:56:00,C003,Priya Patel,255.00,0,20.40,275.40,275.40,0.00,P-202609-0468,275.40,0,0
O-202609-0461,True,2026-09-15T07:17:00,WALK-IN,WALK-IN,79.80,0,6.38,86.18,86.18,0.00,P-202609-0469,86.18,0,0
O-202609-0462,True,2026-09-15T07:28:00,C066,Noah Martin,52.75,0,4.22,56.97,56.97,0.00,P-202609-0470,56.97,0,0
O-202609-0463,True,2026-09-15T07:50:00,C011,Hannah Brooks,28.20,0,2.26,30.46,30.46,0.00,P-202609-0471,30.46,0,0
O-202609-0464,True,2026-09-15T08:09:00,C004,Daniel Okafor,194.20,0,15.54,209.74,209.74,0.00,P-202609-0472,209.74,0,0
O-202609-0465,True,2026-09-15T08:25:00,C003,Priya Patel,46.00,0,3.68,49.68,49.68,0.00,P-202609-0473,49.68,0,0
O-202609-0466,True,2026-09-15T08:29:00,C003,Priya Patel,96.00,0,7.68,103.68,103.68,0.00,P-202609-0474,103.68,0,0
O-202609-0467,True,2026-09-15T08:54:00,C001,Maria Lopez,44.00,0,3.52,47.52,47.52,0.00,P-202609-0475,0,47.52,0
O-202609-0468,True,2026-09-15T09:00:00,C013,Nina Petrov,109.00,0,8.72,117.72,117.72,0.00,P-202609-0476,0,117.72,0
O-202609-0469,True,2026-09-15T09:19:00,C062,Carlos Mendes,127.00,0,10.16,137.16,137.16,0.00,P-202609-0477,0,137.16,0
O-202609-0470,True,2026-09-15T09:38:00,C036,Felix Larsen,78.00,0,6.24,84.24,84.24,0.00,P-202609-0478,0,84.24,0
O-202609-0471,True,2026-09-15T09:59:00,C002,James Chen,45.35,0,3.63,48.98,48.98,0.00,P-202609-0479,48.98,0,0
O-202609-0472,True,2026-09-15T10:02:00,C079,Lucia Walsh,10.00,0,0.80,10.80,10.80,0.00,P-202609-0480,10.80,0,0
O-202609-0473,True,2026-09-15T10:14:00,C038,Owen Byrne,133.00,0,10.64,143.64,143.64,0.00,P-202609-0481,143.64,0,0
O-202609-0474,True,2026-09-15T10:35:00,C005,Aisha Rahman,180.00,0,14.40,194.40,194.40,0.00,P-202609-0482,194.40,0,0
O-202609-0475,True,2026-09-15T10:38:00,WALK-IN,WALK-IN,183.00,0,14.64,197.64,197.64,0.00,P-202609-0483,0,197.64,0
O-202609-0476,True,2026-09-15T10:54:00,C016,Marcus Bell,24.45,0,1.96,26.41,26.41,0.00,P-202609-0484,26.41,0,0
O-202609-0477,True,2026-09-15T11:01:00,WALK-IN,WALK-IN,5.00,0,0.40,5.40,5.40,0.00,P-202609-0485,5.40,0,0
O-202609-0478,True,2026-09-15T11:22:00,C035,Ada Novak,47.70,0,3.82,51.52,51.52,0.00,P-202609-0486,51.52,0,0
O-202609-0479,True,2026-09-15T11:38:00,C005,Aisha Rahman,99.00,0,7.92,106.92,106.92,0.00,P-202609-0487,0,106.92,0
O-202609-0480,True,2026-09-15T11:48:00,C044,Daniel Brooks,33.00,0,2.64,35.64,35.64,0.00,P-202609-0488,35.64,0,0
O-202609-0481,True,2026-09-15T12:10:00,WALK-IN,WALK-IN,165.20,0,13.22,178.42,178.42,0.00,P-202609-0489,178.42,0,0
O-202609-0482,True,2026-09-15T12:26:00,WALK-IN,WALK-IN,126.60,0,10.13,136.73,136.73,0.00,P-202609-0490,136.73,0,0
O-202609-0483,True,2026-09-15T12:27:00,C003,Priya Patel,50.80,0,4.06,54.86,54.86,0.00,P-202609-0491,54.86,0,0
O-202609-0484,True,2026-09-15T13:13:00,C011,Hannah Brooks,67.80,0,5.42,73.22,73.22,0.00,P-202609-0492,0,73.22,0
O-202609-0485,True,2026-09-15T13:31:00,C040,Kofi Quinn,66.00,0,5.28,71.28,71.28,0.00,P-202609-0493,71.28,0,0
O-202609-0486,True,2026-09-15T13:44:00,C018,Ben Fischer,118.80,0,9.51,128.31,128.31,0.00,P-202609-0494,0,128.31,0
O-202609-0487,True,2026-09-15T14:00:00,C002,James Chen,139.60,0,11.17,150.77,150.77,0.00,P-202609-0495,0,150.77,0
O-202609-0488,True,2026-09-15T14:05:00,C079,Lucia Walsh,318.00,0,25.44,343.44,343.44,0.00,P-202609-0496,343.44,0,0
O-202609-0489,True,2026-09-15T14:18:00,C002,James Chen,92.00,0,7.36,99.36,99.36,0.00,P-202609-0497,99.36,0,0
O-202609-0490,True,2026-09-15T14:23:00,C004,Daniel Okafor,131.35,0,10.51,141.86,141.86,0.00,P-202609-0498,0,141.86,0
O-202609-0491,True,2026-09-15T15:14:00,C005,Aisha Rahman,108.00,0,8.64,116.64,116.64,0.00,P-202609-0499,116.64,0,0
O-202609-0492,True,2026-09-15T15:17:00,C009,Grace Kim,89.15,0,7.13,96.28,96.28,0.00,P-202609-0500,96.28,0,0
O-202609-0493,True,2026-09-15T15:47:00,WALK-IN,WALK-IN,174.20,0,13.94,188.14,183.14,-5.00,P-202609-0501,0,183.14,0
O-202609-0494,True,2026-09-15T16:02:00,C067,Lily Shah,54.00,0,4.32,58.32,58.32,0.00,P-202609-0502,58.32,0,0
O-202609-0495,True,2026-09-15T16:09:00,C069,Rosa Larsen,7.65,0,0.61,8.26,8.26,0.00,P-202609-0503,0,8.26,0
O-202609-0497,True,2026-09-15T16:32:00,C004,Daniel Okafor,222.00,0,17.76,239.76,239.76,0.00,P-202609-0505,239.76,0,0
O-202609-0498,True,2026-09-15T16:56:00,C022,Carlos Silva,9.00,0,0.72,9.72,9.72,0.00,P-202609-0506,0,9.72,0
O-202609-0499,True,2026-09-15T17:18:00,C002,James Chen,134.00,0,10.72,144.72,144.72,0.00,P-202609-0507; P-202609-0508,134.72,0,10.00
O-202609-0500,True,2026-09-15T17:22:00,C080,Kofi Tanaka,32.00,0,2.56,34.56,34.56,0.00,P-202609-0509,0,34.56,0
O-202609-0501,True,2026-09-15T17:27:00,WALK-IN,WALK-IN,115.80,0,9.27,125.07,125.07,0.00,P-202609-0510,125.07,0,0
O-202609-0502,True,2026-09-15T17:53:00,C010,Omar Haddad,318.60,0,25.49,344.09,344.09,0.00,P-202609-0511,344.09,0,0
O-202609-0503,True,2026-09-16T07:15:00,C001,Maria Lopez,65.85,0,5.27,71.12,71.12,0.00,P-202609-0512,71.12,0,0
O-202609-0504,True,2026-09-16T07:37:00,WALK-IN,WALK-IN,51.00,0,4.08,55.08,55.08,0.00,P-202609-0513,55.08,0,0
O-202609-0505,True,2026-09-16T08:34:00,C004,Daniel Okafor,54.00,0,4.32,58.32,58.32,0.00,P-202609-0514,58.32,0,0
O-202609-0506,True,2026-09-16T09:15:00,C004,Daniel Okafor,40.80,0,3.26,44.06,44.06,0.00,P-202609-0515,44.06,0,0
O-202609-0507,True,2026-09-16T09:33:00,WALK-IN,WALK-IN,72.95,0,5.84,78.79,78.79,0.00,P-202609-0516,78.79,0,0
O-202609-0508,True,2026-09-16T10:10:00,C047,Keiko Iyer,164.40,0,13.15,177.55,177.55,0.00,P-202609-0517,0,177.55,0
O-202609-0509,True,2026-09-16T10:45:00,WALK-IN,WALK-IN,276.35,0,22.11,298.46,298.46,0.00,P-202609-0518,298.46,0,0
O-202609-0510,True,2026-09-16T12:23:00,WALK-IN,WALK-IN,248.00,0,19.84,267.84,0,-267.84,,0,0,0
O-202609-0511,True,2026-09-16T13:13:00,C064,Lee Nguyen,31.35,0,2.51,33.86,33.86,0.00,P-202609-0520,33.86,0,0
O-202609-0512,True,2026-09-16T13:34:00,C065,Zara Ramos,63.00,0,5.04,68.04,68.04,0.00,P-202609-0521,68.04,0,0
O-202609-0513,True,2026-09-16T13:49:00,C008,Luis Garcia,15.00,0,1.20,16.20,16.20,0.00,P-202609-0522,16.20,0,0
O-202609-0514,True,2026-09-16T14:26:00,WALK-IN,WALK-IN,174.00,0,13.92,187.92,187.92,0.00,P-202609-0524,187.92,0,0
O-202609-0515,True,2026-09-16T14:27:00,C003,Priya Patel,51.00,0,4.08,55.08,55.08,0.00,P-202609-0523,55.08,0,0
O-202609-0516,True,2026-09-16T14:28:00,WALK-IN,WALK-IN,324.00,0,25.92,349.92,349.92,0.00,P-202609-0525,349.92,0,0
O-202609-0517,True,2026-09-16T15:25:00,WALK-IN,WALK-IN,28.00,0,2.24,30.24,30.24,0.00,P-202609-0526,30.24,0,0
O-202609-0518,True,2026-09-16T15:33:00,C001,Maria Lopez,63.00,0,5.04,68.04,68.04,0.00,P-202609-0527,0,68.04,0
O-202609-0519,True,2026-09-16T15:44:00,C001,Maria Lopez,63.00,0,5.04,68.04,68.04,0.00,P-202609-0528,0,68.04,0
O-202609-0520,True,2026-09-16T15:49:00,C079,Lucia Walsh,32.00,0,2.56,34.56,34.56,0.00,P-202609-0529,34.56,0,0
O-202609-0521,True,2026-09-16T15:56:00,C003,Priya Patel,150.60,0,12.05,162.65,162.65,0.00,P-202609-0530,162.65,0,0
O-202609-0522,True,2026-09-16T16:16:00,C080,Kofi Tanaka,304.70,0,24.38,329.08,329.08,0.00,P-202609-0531,329.08,0,0
O-202609-0523,True,2026-09-16T16:39:00,C036,Felix Larsen,48.00,0,3.84,51.84,51.84,0.00,P-202609-0532,51.84,0,0
O-202609-0524,True,2026-09-16T16:54:00,C002,James Chen,117.00,0,9.36,126.36,126.36,0.00,P-202609-0534,126.36,0,0
O-202609-0525,True,2026-09-16T16:56:00,C012,Victor Nguyen,36.00,0,2.88,38.88,38.88,0.00,P-202609-0533,38.88,0,0
O-202609-0526,True,2026-09-16T17:18:00,C004,Daniel Okafor,120.00,0,9.60,129.60,129.60,0.00,P-202609-0535,129.60,0,0
O-202609-0527,True,2026-09-16T17:41:00,C074,Samir Lopez,163.80,0,13.10,176.90,0,-176.90,,0,0,0
O-202609-0528,True,2026-09-16T17:43:00,C038,Owen Byrne,128.40,0,10.27,138.67,138.67,0.00,P-202609-0537,0,138.67,0
O-202609-0529,True,2026-09-17T07:03:00,C004,Daniel Okafor,108.00,0,8.64,116.64,116.64,0.00,P-202609-0538,116.64,0,0
O-202609-0530,True,2026-09-17T07:28:00,C053,Nina Moreau,80.00,0,6.40,86.40,86.40,0.00,P-202609-0539,0,86.40,0
O-202609-0531,True,2026-09-17T08:07:00,C002,James Chen,54.00,0,4.32,58.32,58.32,0.00,P-202609-0540,58.32,0,0
O-202609-0532,True,2026-09-17T08:51:00,C001,Maria Lopez,96.75,0,7.74,104.49,104.49,0.00,P-202609-0541,104.49,0,0
O-202609-0533,True,2026-09-17T09:28:00,C056,Marcus Hughes,125.00,0,10.00,135.00,135.00,0.00,P-202609-0542,135.00,0,0
O-202609-0534,True,2026-09-17T09:31:00,C005,Aisha Rahman,107.00,0,8.56,115.56,115.56,0.00,P-202609-0543,115.56,0,0
O-202609-0535,True,2026-09-17T10:08:00,C009,Grace Kim,36.00,0,2.88,38.88,38.88,0.00,P-202609-0544,38.88,0,0
O-202609-0536,True,2026-09-17T10:27:00,C004,Daniel Okafor,51.30,0,4.10,55.40,55.40,0.00,P-202609-0545,55.40,0,0
O-202609-0537,True,2026-09-17T10:38:00,C030,Ethan Wright,85.00,0,6.80,91.80,91.80,0.00,P-202609-0546,0,91.80,0
O-202609-0538,True,2026-09-17T10:49:00,C047,Keiko Iyer,240.00,0,19.20,259.20,259.20,0.00,P-202609-0547,0,259.20,0
O-202609-0539,True,2026-09-17T11:26:00,C004,Daniel Okafor,21.00,0,1.68,22.68,22.68,0.00,P-202609-0549,22.68,0,0
O-202609-0540,True,2026-09-17T11:26:00,C023,Megan Hughes,24.00,0,1.92,25.92,25.92,0.00,P-202609-0548,25.92,0,0
O-202609-0541,True,2026-09-17T11:57:00,C002,James Chen,27.90,0,2.23,30.13,30.13,0.00,P-202609-0550,30.13,0,0
O-202609-0542,True,2026-09-17T12:18:00,WALK-IN,WALK-IN,150.00,0,12.00,162.00,162.00,0.00,P-202609-0551,0,162.00,0
O-202609-0543,True,2026-09-17T12:34:00,C004,Daniel Okafor,262.00,0,20.96,282.96,282.96,0.00,P-202609-0552,282.96,0,0
O-202609-0544,True,2026-09-17T12:47:00,C013,Nina Petrov,68.00,0,5.44,73.44,73.44,0.00,P-202609-0553,73.44,0,0
O-202609-0545,True,2026-09-17T13:20:00,C053,Nina Moreau,43.20,0,3.46,46.66,46.66,0.00,P-202609-0554,46.66,0,0
O-202609-0546,True,2026-09-17T13:25:00,C003,Priya Patel,30.40,0,2.43,32.83,32.83,0.00,P-202609-0555,0,32.83,0
O-202609-0547,True,2026-09-17T13:42:00,C008,Luis Garcia,155.20,0,12.42,167.62,167.62,0.00,P-202609-0557,167.62,0,0
O-202609-0548,True,2026-09-17T13:42:00,C046,Tom Petrov,154.00,0,12.32,166.32,166.32,0.00,P-202609-0556,166.32,0,0
O-202609-0549,True,2026-09-17T14:03:00,WALK-IN,WALK-IN,120.00,0,9.60,129.60,129.60,0.00,P-202609-0558,129.60,0,0
O-202609-0550,True,2026-09-17T14:17:00,C024,Theo Park,30.00,0,2.40,32.40,32.40,0.00,P-202609-0559,32.40,0,0
O-202609-0551,True,2026-09-17T14:57:00,WALK-IN,WALK-IN,48.00,0,3.84,51.84,51.84,0.00,P-202609-0560,51.84,0,0
O-202609-0552,True,2026-09-17T15:16:00,C055,Elena Silva,390.00,0,31.20,421.20,421.20,0.00,P-202609-0561,421.20,0,0
O-202609-0553,True,2026-09-17T15:39:00,C021,Ivy Reed,135.00,0,10.80,145.80,145.80,0.00,P-202609-0562,0,145.80,0
O-202609-0554,True,2026-09-17T15:53:00,C003,Priya Patel,22.80,0,1.82,24.62,24.62,0.00,P-202609-0563,24.62,0,0
O-202609-0555,True,2026-09-17T15:55:00,C013,Nina Petrov,163.00,0,13.04,176.04,176.04,0.00,P-202609-0564,176.04,0,0
O-202609-0556,True,2026-09-17T16:15:00,C001,Maria Lopez,78.00,0,6.24,84.24,84.24,0.00,P-202609-0565,84.24,0,0
O-202609-0557,True,2026-09-17T16:24:00,WALK-IN,WALK-IN,74.40,0,5.95,80.35,80.35,0.00,P-202609-0566,80.35,0,0
O-202609-0558,True,2026-09-17T17:16:00,WALK-IN,WALK-IN,32.00,0,2.56,34.56,34.56,0.00,P-202609-0567,34.56,0,0
O-202609-0559,True,2026-09-17T17:49:00,C001,Maria Lopez,172.00,0,13.76,185.76,185.76,0.00,P-202609-0568,185.76,0,0
O-202609-0560,True,2026-09-18T07:07:00,UNRESOLVED,UNRESOLVED,96.00,0,7.68,103.68,103.68,0.00,P-202609-0569,103.68,0,0
O-202609-0561,True,2026-09-18T07:32:00,C054,Ravi Reed,131.00,0,10.48,141.48,141.48,0.00,P-202609-0570,141.48,0,0
O-202609-0562,True,2026-09-18T07:33:00,C003,Priya Patel,256.20,0,20.50,276.70,276.70,0.00,P-202609-0571,276.70,0,0
O-202609-0563,True,2026-09-18T07:53:00,WALK-IN,WALK-IN,161.45,0,12.92,174.37,174.37,0.00,P-202609-0572,174.37,0,0
O-202609-0564,True,2026-09-18T07:57:00,C010,Omar Haddad,64.00,0,5.12,69.12,69.12,0.00,P-202609-0573,0,69.12,0
O-202609-0565,True,2026-09-18T08:15:00,C044,Daniel Brooks,14.25,0,1.14,15.39,15.39,0.00,P-202609-0574,15.39,0,0
O-202609-0566,True,2026-09-18T08:20:00,C035,Ada Novak,44.00,0,3.52,47.52,47.52,0.00,P-202609-0575,0,47.52,0
O-202609-0567,True,2026-09-18T08:21:00,C040,Kofi Quinn,160.00,0,12.80,172.80,172.80,0.00,P-202609-0576,172.80,0,0
O-202609-0568,True,2026-09-18T08:31:00,C029,Rosa Mendes,81.60,0,6.53,88.13,88.13,0.00,P-202609-0577,88.13,0,0
O-202609-0569,True,2026-09-18T08:33:00,WALK-IN,WALK-IN,68.00,0,5.44,73.44,73.44,0.00,P-202609-0578,73.44,0,0
O-202609-0570,True,2026-09-18T08:46:00,C013,Nina Petrov,179.00,0,14.32,193.32,193.32,0.00,P-202609-0579,0,193.32,0
O-202609-0571,True,2026-09-18T09:01:00,C070,Ethan Mensah,151.50,0,12.12,163.62,163.62,0.00,P-202609-0581,163.62,0,0
O-202609-0572,True,2026-09-18T09:02:00,WALK-IN,WALK-IN,248.00,0,19.84,267.84,267.84,0.00,P-202609-0580,267.84,0,0
O-202609-0573,True,2026-09-18T09:05:00,C006,Tom Walsh,11.00,0,0.88,11.88,11.88,0.00,P-202609-0582,11.88,0,0
O-202609-0574,True,2026-09-18T09:21:00,C001,Maria Lopez,87.00,0,6.96,93.96,93.96,0.00,P-202609-0583,93.96,0,0
O-202609-0575,True,2026-09-18T09:24:00,WALK-IN,WALK-IN,38.00,0,3.04,41.04,41.04,0.00,P-202609-0584,41.04,0,0
O-202609-0576,True,2026-09-18T09:38:00,WALK-IN,WALK-IN,11.40,0,0.91,12.31,12.31,0.00,P-202609-0585,0,12.31,0
O-202609-0577,True,2026-09-18T10:09:00,C052,Victor Ali,105.40,0,8.43,113.83,113.83,0.00,P-202609-0586,113.83,0,0
O-202609-0578,True,2026-09-18T10:22:00,WALK-IN,WALK-IN,25.50,0,2.04,27.54,27.54,0.00,P-202609-0587,0,27.54,0
O-202609-0579,True,2026-09-18T10:27:00,C002,James Chen,93.00,0,7.44,100.44,100.44,0.00,P-202609-0588,0,100.44,0
O-202609-0580,True,2026-09-18T10:51:00,C009,Grace Kim,183.00,0,14.64,197.64,197.64,0.00,P-202609-0589,197.64,0,0
O-202609-0581,True,2026-09-18T10:54:00,C002,James Chen,39.00,0,3.12,42.12,42.12,0.00,P-202609-0590,42.12,0,0
O-202609-0582,True,2026-09-18T11:16:00,C007,Keiko Tanaka,340.00,0,27.20,367.20,367.20,0.00,P-202609-0591,367.20,0,0
O-202609-0583,True,2026-09-18T11:47:00,C009,Grace Kim,31.00,0,2.48,33.48,33.48,0.00,P-202609-0592,33.48,0,0
O-202609-0584,True,2026-09-18T11:49:00,C075,Ada Chen,105.00,0,8.40,113.40,113.40,0.00,P-202609-0593,113.40,0,0
O-202609-0585,True,2026-09-18T13:46:00,C010,Omar Haddad,60.00,0,4.80,64.80,64.80,0.00,P-202609-0594,64.80,0,0
O-202609-0586,True,2026-09-18T13:57:00,WALK-IN,WALK-IN,66.00,0,5.28,71.28,71.28,0.00,P-202609-0595,71.28,0,0
O-202609-0587,True,2026-09-18T14:59:00,C002,James Chen,302.00,0,24.16,326.16,326.16,0.00,P-202609-0596,326.16,0,0
O-202609-0588,True,2026-09-18T15:08:00,C004,Daniel Okafor,135.00,0,10.80,145.80,145.80,0.00,P-202609-0597,145.80,0,0
O-202609-0589,True,2026-09-18T15:16:00,C002,James Chen,60.40,0,4.83,65.23,65.23,0.00,P-202609-0598,0,65.23,0
O-202609-0800,True,2026-09-25T07:07:00,C013,Nina Petrov,166.45,0,13.32,179.77,179.77,0.00,P-202609-0814,179.77,0,0
O-202609-0590,True,2026-09-18T15:41:00,C011,Hannah Brooks,53.00,0,4.24,57.24,57.24,0.00,P-202609-0599,57.24,0,0
O-202609-0591,True,2026-09-18T15:50:00,C005,Aisha Rahman,118.00,0,9.44,127.44,127.44,0.00,P-202609-0600,127.44,0,0
O-202609-0592,True,2026-09-18T16:14:00,C008,Luis Garcia,67.40,0,5.39,72.79,72.79,0.00,P-202609-0601,0,72.79,0
O-202609-0593,True,2026-09-18T16:17:00,C018,Ben Fischer,9.00,0,0.72,9.72,9.72,0.00,P-202609-0602,9.72,0,0
O-202609-0594,True,2026-09-18T16:22:00,C045,Aisha Nguyen,85.60,0,6.85,92.45,92.45,0.00,P-202609-0603; P-202609-0604,92.45,0,0
O-202609-0595,True,2026-09-18T17:05:00,C010,Omar Haddad,36.00,0,2.88,38.88,38.88,0.00,P-202609-0605,38.88,0,0
O-202609-0596,True,2026-09-18T17:07:00,C053,Nina Moreau,48.75,0,3.90,52.65,52.65,0.00,P-202609-0606,52.65,0,0
O-202609-0597,True,2026-09-18T17:19:00,C008,Luis Garcia,113.25,0,9.06,122.31,122.31,0.00,P-202609-0607,122.31,0,0
O-202609-0598,True,2026-09-18T17:26:00,C079,Lucia Walsh,80.00,0,6.40,86.40,86.40,0.00,P-202609-0608,86.40,0,0
O-202609-0599,True,2026-09-19T07:01:00,WALK-IN,WALK-IN,131.00,0,10.48,141.48,141.48,0.00,P-202609-0610,141.48,0,0
O-202609-0600,True,2026-09-19T07:02:00,C009,Grace Kim,18.00,0,1.44,19.44,19.44,0.00,P-202609-0609,19.44,0,0
O-202609-0601,True,2026-09-19T07:15:00,C019,Fatima Ali,37.45,0,3.00,40.45,40.45,0.00,P-202609-0611,40.45,0,0
O-202609-0602,True,2026-09-19T07:56:00,C003,Priya Patel,53.00,0,4.24,57.24,57.24,0.00,P-202609-0612,57.24,0,0
O-202609-0603,True,2026-09-19T08:24:00,C006,Tom Walsh,47.00,0,3.76,50.76,50.76,0.00,P-202609-0613,50.76,0,0
O-202609-0604,True,2026-09-19T08:27:00,C005,Aisha Rahman,116.90,0,9.35,126.25,126.25,0.00,P-202609-0614,126.25,0,0
O-202609-0605,True,2026-09-19T08:37:00,C005,Aisha Rahman,37.00,0,2.96,39.96,39.96,0.00,P-202609-0615,0,39.96,0
O-202609-0606,True,2026-09-19T09:01:00,C008,Luis Garcia,90.65,0,7.25,97.90,97.90,0.00,P-202609-0616,97.90,0,0
O-202609-0607,True,2026-09-19T09:24:00,C013,Nina Petrov,76.00,0,6.08,82.08,82.08,0.00,P-202609-0617,82.08,0,0
O-202609-0608,True,2026-09-19T09:47:00,WALK-IN,WALK-IN,160.00,0,12.80,172.80,172.80,0.00,P-202609-0618,172.80,0,0
O-202609-0609,True,2026-09-19T09:52:00,C074,Samir Lopez,61.35,0,4.91,66.26,66.26,0.00,P-202609-0619,66.26,0,0
O-202609-0610,True,2026-09-19T10:47:00,C059,Fatima Evans,288.00,0,23.04,311.04,311.04,0.00,P-202609-0620,311.04,0,0
O-202609-0611,True,2026-09-19T11:15:00,C036,Felix Larsen,272.00,0,21.76,293.76,293.76,0.00,P-202609-0621,293.76,0,0
O-202609-0612,True,2026-09-19T11:18:00,C004,Daniel Okafor,48.00,0,3.84,51.84,51.84,0.00,P-202609-0622,51.84,0,0
O-202609-0613,True,2026-09-19T11:23:00,C019,Fatima Ali,51.00,0,4.08,55.08,55.08,0.00,P-202609-0623,0,55.08,0
O-202609-0614,True,2026-09-19T11:35:00,C019,Fatima Ali,51.00,0,4.08,55.08,55.08,0.00,P-202609-0624,0,55.08,0
O-202609-0615,True,2026-09-19T11:47:00,C010,Omar Haddad,81.00,0,6.48,87.48,87.48,0.00,P-202609-0625,87.48,0,0
O-202609-0616,True,2026-09-19T11:58:00,C006,Tom Walsh,101.65,0,8.13,109.78,109.78,0.00,P-202609-0626,109.78,0,0
O-202609-0617,True,2026-09-19T12:11:00,C053,Nina Moreau,64.00,0,5.12,69.12,69.12,0.00,P-202609-0627,69.12,0,0
O-202609-0618,True,2026-09-19T12:12:00,C050,Omar Costa,143.40,0,11.47,154.87,154.87,0.00,P-202609-0628,154.87,0,0
O-202609-0619,True,2026-09-19T12:41:00,C055,Elena Silva,288.00,0,23.04,311.04,311.04,0.00,P-202609-0629,311.04,0,0
O-202609-0620,True,2026-09-19T12:51:00,C052,Victor Ali,126.00,0,10.08,136.08,136.08,0.00,P-202609-0630,0,136.08,0
O-202609-0621,True,2026-09-19T13:23:00,WALK-IN,WALK-IN,49.65,0,3.97,53.62,53.62,0.00,P-202609-0631,0,53.62,0
O-202609-0622,True,2026-09-19T14:08:00,C004,Daniel Okafor,287.40,0,22.99,310.39,310.39,0.00,P-202609-0632,310.39,0,0
O-202609-0623,True,2026-09-19T14:45:00,C046,Tom Petrov,128.70,0,10.30,139.00,139.00,0.00,P-202609-0634,139.00,0,0
O-202609-0624,True,2026-09-19T14:47:00,C013,Nina Petrov,138.80,0,11.10,149.90,149.90,0.00,P-202609-0633,149.90,0,0
O-202609-0625,True,2026-09-19T15:17:00,C055,Elena Silva,51.00,0,4.08,55.08,55.08,0.00,P-202609-0636,55.08,0,0
O-202609-0626,True,2026-09-19T15:57:00,C013,Nina Petrov,274.20,0,21.94,296.14,296.14,0.00,P-202609-0637,296.14,0,0
O-202609-0627,True,2026-09-19T16:26:00,C034,Samir Shah,39.60,0,3.17,42.77,42.77,0.00,P-202609-0638,42.77,0,0
O-202609-0628,True,2026-09-19T16:34:00,C061,Ivy Grant,0,100.00,0.00,100.00,100.00,0.00,P-202609-0639,0,100.00,0
O-202609-0629,True,2026-09-19T17:11:00,C016,Marcus Bell,180.00,0,14.40,194.40,194.40,0.00,P-202609-0640,0,194.40,0
O-202609-0630,True,2026-09-19T17:16:00,WALK-IN,WALK-IN,273.90,0,21.91,295.81,295.81,0.00,P-202609-0641,295.81,0,0
O-202609-0631,True,2026-09-19T17:35:00,C079,Lucia Walsh,128.60,0,10.29,138.89,138.89,0.00,P-202609-0642,138.89,0,0
O-202609-0632,True,2026-09-19T17:41:00,C068,Jonah Novak,36.00,0,2.88,38.88,38.88,0.00,P-202609-0643,38.88,0,0
O-202609-0633,True,2026-09-19T17:51:00,C059,Fatima Evans,54.00,0,4.32,58.32,58.32,0.00,P-202609-0644,58.32,0,0
O-202609-0634,True,2026-09-20T07:02:00,C044,Daniel Brooks,90.45,0,7.24,97.69,97.69,0.00,P-202609-0645,97.69,0,0
O-202609-0635,True,2026-09-20T07:12:00,C045,Aisha Nguyen,28.55,0,2.28,30.83,30.83,0.00,P-202609-0646,30.83,0,0
O-202609-0636,True,2026-09-20T07:57:00,WALK-IN,WALK-IN,71.60,0,5.73,77.33,77.33,0.00,P-202609-0647,77.33,0,0
O-202609-0637,True,2026-09-20T08:07:00,C048,Luis Rossi,58.35,0,4.67,63.02,63.02,0.00,P-202609-0648,0,63.02,0
O-202609-0638,True,2026-09-20T08:15:00,C001,Maria Lopez,53.30,0,4.27,57.57,57.57,0.00,P-202609-0649,57.57,0,0
O-202609-0639,True,2026-09-20T08:17:00,C004,Daniel Okafor,52.60,0,4.21,56.81,56.81,0.00,P-202609-0650; P-202609-0651,31.81,0,25.00
O-202609-0640,True,2026-09-20T08:20:00,C010,Omar Haddad,171.00,0,13.68,184.68,184.68,0.00,P-202609-0652,184.68,0,0
O-202609-0641,True,2026-09-20T08:27:00,C003,Priya Patel,157.60,0,12.61,170.21,170.21,0.00,P-202609-0653,170.21,0,0
O-202609-0642,True,2026-09-20T08:39:00,C029,Rosa Mendes,267.00,0,21.36,288.36,288.36,0.00,P-202609-0654,0,288.36,0
O-202609-0643,True,2026-09-20T08:52:00,C005,Aisha Rahman,75.00,0,6.00,81.00,81.00,0.00,P-202609-0655,0,81.00,0
O-202609-0644,True,2026-09-20T09:39:00,C009,Grace Kim,28.00,0,2.24,30.24,30.24,0.00,P-202609-0656; P-202609-0657,0,5.24,25.00
O-202609-0645,True,2026-09-20T10:11:00,WALK-IN,WALK-IN,49.05,0,3.92,52.97,52.97,0.00,P-202609-0658,0,52.97,0
O-202609-0646,True,2026-09-20T10:33:00,C003,Priya Patel,39.00,0,3.12,42.12,42.12,0.00,P-202609-0659,42.12,0,0
O-202609-0647,True,2026-09-20T10:38:00,C002,James Chen,161.40,0,12.92,174.32,174.32,0.00,P-202609-0660,174.32,0,0
O-202609-0648,True,2026-09-20T10:44:00,C031,Mei Liu,75.60,0,6.05,81.65,81.65,0.00,P-202609-0661,81.65,0,0
O-202609-0649,True,2026-09-20T11:40:00,C031,Mei Liu,104.00,0,8.32,112.32,112.32,0.00,P-202609-0662,0,112.32,0
O-202609-0650,True,2026-09-20T12:09:00,WALK-IN,WALK-IN,42.75,0,3.42,46.17,46.17,0.00,P-202609-0663,0,46.17,0
O-202609-0651,True,2026-09-20T12:24:00,C002,James Chen,96.00,0,7.68,103.68,103.68,0.00,P-202609-0664,103.68,0,0
O-202609-0652,True,2026-09-20T14:00:00,C011,Hannah Brooks,96.00,0,7.68,103.68,103.68,0.00,P-202609-0665,103.68,0,0
O-202609-0653,True,2026-09-20T14:07:00,WALK-IN,WALK-IN,82.80,0,6.62,89.42,89.42,0.00,P-202609-0666,0,89.42,0
O-202609-0654,True,2026-09-20T14:08:00,C006,Tom Walsh,63.60,0,5.09,68.69,68.69,0.00,P-202609-0667,68.69,0,0
O-202609-0655,True,2026-09-20T14:22:00,C068,Jonah Novak,68.30,0,5.46,73.76,73.76,0.00,P-202609-0668,73.76,0,0
O-202609-0656,True,2026-09-20T14:40:00,C007,Keiko Tanaka,117.00,0,9.36,126.36,126.36,0.00,P-202609-0669,126.36,0,0
O-202609-0657,True,2026-09-20T15:21:00,C007,Keiko Tanaka,51.60,0,4.13,55.73,55.73,0.00,P-202609-0670,55.73,0,0
O-202609-0658,True,2026-09-20T15:38:00,C004,Daniel Okafor,43.20,0,3.46,46.66,46.66,0.00,P-202609-0671,46.66,0,0
O-202609-0659,True,2026-09-20T15:39:00,C005,Aisha Rahman,291.60,0,23.33,314.93,314.93,0.00,P-202609-0672,0,314.93,0
O-202609-0660,True,2026-09-20T16:08:00,WALK-IN,WALK-IN,61.00,0,4.88,65.88,65.88,0.00,P-202609-0673,65.88,0,0
O-202609-0661,True,2026-09-20T16:37:00,C003,Priya Patel,30.60,0,2.45,33.05,33.05,0.00,P-202609-0674,0,33.05,0
O-202609-0662,True,2026-09-20T17:38:00,WALK-IN,WALK-IN,87.00,0,6.96,93.96,93.96,0.00,P-202609-0675,93.96,0,0
O-202609-0663,True,2026-09-20T17:58:00,C013,Nina Petrov,84.00,0,6.72,90.72,90.72,0.00,P-202609-0676,0,90.72,0
O-202609-0664,True,2026-09-21T07:07:00,C069,Rosa Larsen,127.20,0,10.18,137.38,137.38,0.00,P-202609-0677,137.38,0,0
O-202609-0665,True,2026-09-21T07:11:00,C038,Owen Byrne,59.00,0,4.72,63.72,63.72,0.00,P-202609-0678,63.72,0,0
O-202609-0666,True,2026-09-21T07:19:00,C006,Tom Walsh,195.45,0,15.63,211.08,211.08,0.00,P-202609-0679,211.08,0,0
O-202609-0667,True,2026-09-21T07:23:00,C036,Felix Larsen,310.80,0,24.86,335.66,335.66,0.00,P-202609-0680,335.66,0,0
O-202609-0668,True,2026-09-21T07:34:00,WALK-IN,WALK-IN,118.90,0,9.51,128.41,128.41,0.00,P-202609-0681,128.41,0,0
O-202609-0670,True,2026-09-21T08:09:00,C034,Samir Shah,165.00,0,13.20,178.20,178.20,0.00,P-202609-0683,0,178.20,0
O-202609-0671,True,2026-09-21T10:04:00,C073,Chloe Quinn,86.00,0,6.88,92.88,92.88,0.00,P-202609-0684,0,92.88,0
O-202609-0672,True,2026-09-21T10:12:00,WALK-IN,WALK-IN,232.60,0,18.61,251.21,251.21,0.00,P-202609-0685,251.21,0,0
O-202609-0673,True,2026-09-21T10:35:00,C012,Victor Nguyen,198.00,0,15.84,213.84,213.84,0.00,P-202609-0686,213.84,0,0
O-202609-0675,True,2026-09-21T11:20:00,WALK-IN,WALK-IN,102.00,0,8.16,110.16,110.16,0.00,P-202609-0689,0,110.16,0
O-202609-0676,True,2026-09-21T11:20:00,C009,Grace Kim,252.00,0,20.16,272.16,272.16,0.00,P-202609-0688,272.16,0,0
O-202609-0677,True,2026-09-21T11:22:00,C017,Sofia Costa,134.60,0,10.77,145.37,145.37,0.00,P-202609-0690,0,145.37,0
O-202609-0678,True,2026-09-21T11:41:00,C001,Maria Lopez,48.30,0,3.86,52.16,52.16,0.00,P-202609-0692,0,52.16,0
O-202609-0679,True,2026-09-21T11:44:00,WALK-IN,WALK-IN,43.40,0,3.47,46.87,46.87,0.00,P-202609-0691,46.87,0,0
O-202609-0680,True,2026-09-21T12:08:00,C019,Fatima Ali,76.20,0,6.09,82.29,82.29,0.00,P-202609-0693,82.29,0,0
O-202609-0681,True,2026-09-21T12:15:00,C072,Diego Sato,41.00,0,3.28,44.28,44.28,0.00,P-202609-0694,44.28,0,0
O-202609-0682,True,2026-09-21T12:19:00,C062,Carlos Mendes,139.80,0,11.19,150.99,150.99,0.00,P-202609-0695,0,150.99,0
O-202609-0683,True,2026-09-21T13:35:00,C007,Keiko Tanaka,109.00,0,8.72,117.72,117.72,0.00,P-202609-0696,117.72,0,0
O-202609-0684,True,2026-09-21T13:39:00,WALK-IN,WALK-IN,264.00,0,21.12,285.12,285.12,0.00,P-202609-0697,0,285.12,0
O-202609-0685,True,2026-09-21T14:05:00,WALK-IN,WALK-IN,84.00,0,6.72,90.72,90.72,0.00,P-202609-0698,90.72,0,0
O-202609-0686,True,2026-09-21T14:23:00,C018,Ben Fischer,61.50,0,4.92,66.42,66.42,0.00,P-202609-0699,66.42,0,0
O-202609-0687,True,2026-09-21T14:48:00,C010,Omar Haddad,20.40,0,1.63,22.03,22.03,0.00,P-202609-0700,0,22.03,0
O-202609-0688,True,2026-09-21T15:22:00,C078,Owen Rahman,132.00,0,10.56,142.56,142.56,0.00,P-202609-0701,142.56,0,0
O-202609-0689,True,2026-09-21T15:59:00,C019,Fatima Ali,117.00,0,9.36,126.36,126.36,0.00,P-202609-0702,0,126.36,0
O-202609-0690,True,2026-09-21T16:18:00,C069,Rosa Larsen,228.00,0,18.24,246.24,246.24,0.00,P-202609-0704,246.24,0,0
O-202609-0691,True,2026-09-21T16:24:00,C003,Priya Patel,59.00,0,4.72,63.72,63.72,0.00,P-202609-0705,0,63.72,0
O-202609-0692,True,2026-09-21T16:36:00,C005,Aisha Rahman,126.80,0,10.14,136.94,136.94,0.00,P-202609-0706,136.94,0,0
O-202609-0693,True,2026-09-21T17:13:00,C051,Hannah Fischer,202.20,0,16.18,218.38,218.38,0.00,P-202609-0707,0,218.38,0
O-202609-0694,True,2026-09-21T17:28:00,C007,Keiko Tanaka,91.20,0,7.30,98.50,98.50,0.00,P-202609-0708,98.50,0,0
O-202609-0695,True,2026-09-21T17:37:00,WALK-IN,WALK-IN,118.20,0,9.46,127.66,127.66,0.00,P-202609-0709,127.66,0,0
O-202609-0696,True,2026-09-22T07:19:00,C005,Aisha Rahman,41.00,0,3.28,44.28,44.28,0.00,P-202609-0710,44.28,0,0
O-202609-0697,True,2026-09-22T07:29:00,C036,Felix Larsen,115.35,0,9.23,124.58,124.58,0.00,P-202609-0711,124.58,0,0
O-202609-0698,True,2026-09-22T07:43:00,C061,Ivy Grant,231.30,0,18.50,249.80,249.80,0.00,P-202609-0712,249.80,0,0
O-202609-0699,True,2026-09-22T08:05:00,C004,Daniel Okafor,157.80,0,12.62,170.42,170.42,0.00,P-202609-0713,170.42,0,0
O-202609-0700,True,2026-09-22T08:27:00,C003,Priya Patel,108.00,0,8.64,116.64,116.64,0.00,P-202609-0714,116.64,0,0
O-202609-0701,True,2026-09-22T09:23:00,C010,Omar Haddad,9.00,0,0.72,9.72,9.72,0.00,P-202609-0715,9.72,0,0
O-202609-0702,True,2026-09-22T09:32:00,C056,Marcus Hughes,143.10,0,11.44,154.54,154.54,0.00,P-202609-0716,154.54,0,0
O-202609-0703,True,2026-09-22T09:45:00,C018,Ben Fischer,72.80,0,5.82,78.62,78.62,0.00,P-202609-0717,0,78.62,0
O-202609-0704,True,2026-09-22T10:02:00,C049,Grace Bell,15.00,0,1.20,16.20,16.20,0.00,P-202609-0718,16.20,0,0
O-202609-0705,True,2026-09-22T10:04:00,C044,Daniel Brooks,216.00,0,17.28,233.28,233.28,0.00,P-202609-0719,0,233.28,0
O-202609-0707,True,2026-09-22T10:12:00,C011,Hannah Brooks,302.00,0,24.16,326.16,326.16,0.00,P-202609-0721,326.16,0,0
O-202609-0708,True,2026-09-22T10:15:00,C077,Yara Okafor,252.00,0,20.16,272.16,272.16,0.00,P-202609-0722,0,272.16,0
O-202609-0709,True,2026-09-22T10:53:00,C012,Victor Nguyen,92.00,0,7.36,99.36,99.36,0.00,P-202609-0723,99.36,0,0
O-202609-0710,True,2026-09-22T12:18:00,C013,Nina Petrov,80.00,0,6.40,86.40,86.40,0.00,P-202609-0724,86.40,0,0
O-202609-0711,True,2026-09-22T13:10:00,C052,Victor Ali,116.40,0,9.31,125.71,125.71,0.00,P-202609-0725,125.71,0,0
O-202609-0712,True,2026-09-22T13:31:00,WALK-IN,WALK-IN,288.00,0,23.04,311.04,311.04,0.00,P-202609-0726,0,311.04,0
O-202609-0713,True,2026-09-22T13:49:00,C005,Aisha Rahman,182.00,0,14.56,196.56,196.56,0.00,P-202609-0727,196.56,0,0
O-202609-0714,True,2026-09-22T13:53:00,C011,Hannah Brooks,85.35,0,6.83,92.18,92.18,0.00,P-202609-0728,92.18,0,0
O-202609-0715,True,2026-09-22T14:27:00,C055,Elena Silva,197.20,0,15.78,212.98,212.98,0.00,P-202609-0729,212.98,0,0
O-202609-0716,True,2026-09-22T14:31:00,C065,Zara Ramos,178.00,0,14.24,192.24,192.24,0.00,P-202609-0730,192.24,0,0
O-202609-0717,True,2026-09-22T14:55:00,C017,Sofia Costa,135.50,0,10.84,146.34,146.34,0.00,P-202609-0732,0,146.34,0
O-202609-0718,True,2026-09-22T14:56:00,C043,Priya Haddad,48.60,0,3.89,52.49,52.49,0.00,P-202609-0731,0,52.49,0
O-202609-0719,True,2026-09-22T15:28:00,WALK-IN,WALK-IN,20.20,0,1.62,21.82,21.82,0.00,P-202609-0733,21.82,0,0
O-202609-0720,True,2026-09-22T15:48:00,C013,Nina Petrov,230.00,0,18.40,248.40,248.40,0.00,P-202609-0734,248.40,0,0
O-202609-0721,True,2026-09-22T15:54:00,C077,Yara Okafor,197.20,0,15.78,212.98,212.98,0.00,P-202609-0735,212.98,0,0
O-202609-0722,True,2026-09-22T16:03:00,WALK-IN,WALK-IN,76.00,0,6.08,82.08,82.08,0.00,P-202609-0736,82.08,0,0
O-202609-0723,True,2026-09-22T16:13:00,C046,Tom Petrov,22.85,0,1.83,24.68,24.68,0.00,P-202609-0737,0,24.68,0
O-202609-0724,True,2026-09-22T17:06:00,C003,Priya Patel,69.00,0,5.52,74.52,74.52,0.00,P-202609-0738,74.52,0,0
O-202609-0725,True,2026-09-22T17:23:00,WALK-IN,WALK-IN,100.80,0,8.06,108.86,108.86,0.00,P-202609-0739,108.86,0,0
O-202609-0726,True,2026-09-22T17:49:00,C005,Aisha Rahman,48.00,0,3.84,51.84,51.84,0.00,P-202609-0740,51.84,0,0
O-202609-0727,True,2026-09-23T07:25:00,C038,Owen Byrne,65.00,0,5.20,70.20,70.20,0.00,P-202609-0741,70.20,0,0
O-202609-0728,True,2026-09-23T07:28:00,C003,Priya Patel,45.20,0,3.62,48.82,48.82,0.00,P-202609-0742,48.82,0,0
O-202609-0729,True,2026-09-23T07:37:00,C016,Marcus Bell,31.80,0,2.54,34.34,34.34,0.00,P-202609-0743,34.34,0,0
O-202609-0730,True,2026-09-23T07:38:00,C001,Maria Lopez,111.60,0,8.93,120.53,120.53,0.00,P-202609-0744,120.53,0,0
O-202609-0731,True,2026-09-23T08:02:00,C036,Felix Larsen,138.00,0,11.04,149.04,149.04,0.00,P-202609-0745,149.04,0,0
O-202609-0732,True,2026-09-23T08:49:00,C012,Victor Nguyen,52.05,0,4.16,56.21,56.21,0.00,P-202609-0746,56.21,0,0
O-202609-0733,True,2026-09-23T08:59:00,C002,James Chen,47.40,0,3.79,51.19,51.19,0.00,P-202609-0747,51.19,0,0
O-202609-0734,True,2026-09-23T09:24:00,C001,Maria Lopez,105.00,0,8.40,113.40,113.40,0.00,P-202609-0748,113.40,0,0
O-202609-0735,True,2026-09-23T09:37:00,C025,Zara Khan,310.95,0,24.88,335.83,335.83,0.00,P-202609-0749,335.83,0,0
O-202609-0736,True,2026-09-23T10:03:00,C029,Rosa Mendes,259.00,0,20.72,279.72,279.72,0.00,P-202609-0750,0,279.72,0
O-202609-0737,True,2026-09-23T10:26:00,C030,Ethan Wright,127.65,0,10.21,137.86,137.86,0.00,P-202609-0752,0,137.86,0
O-202609-0738,True,2026-09-23T10:29:00,C004,Daniel Okafor,235.20,0,18.82,254.02,254.02,0.00,P-202609-0751,254.02,0,0
O-202609-0739,True,2026-09-23T10:32:00,WALK-IN,WALK-IN,11.00,0,0.88,11.88,11.88,0.00,P-202609-0753,11.88,0,0
O-202609-0740,True,2026-09-23T10:57:00,C059,Fatima Evans,79.85,0,6.39,86.24,86.24,0.00,P-202609-0754,86.24,0,0
O-202609-0741,True,2026-09-23T12:17:00,C048,Luis Rossi,7.65,0,0.61,8.26,8.26,0.00,P-202609-0755,8.26,0,0
O-202609-0742,True,2026-09-23T12:22:00,C042,Dana Ortiz,129.00,0,10.32,139.32,139.32,0.00,P-202609-0756,139.32,0,0
O-202609-0744,True,2026-09-23T12:26:00,C004,Daniel Okafor,207.60,0,16.61,224.21,224.21,0.00,P-202609-0758,224.21,0,0
O-202609-0745,True,2026-09-23T12:44:00,C068,Jonah Novak,78.00,0,6.24,84.24,84.24,0.00,P-202609-0759,84.24,0,0
O-202609-0746,True,2026-09-23T12:46:00,C079,Lucia Walsh,168.00,0,13.44,181.44,181.44,0.00,P-202609-0760,181.44,0,0
O-202609-0747,True,2026-09-23T13:01:00,C058,Chris Lee,18.00,0,1.44,19.44,19.44,0.00,P-202609-0761,19.44,0,0
O-202609-0748,True,2026-09-23T13:01:00,C011,Hannah Brooks,183.00,0,14.64,197.64,197.64,0.00,P-202609-0762,0,197.64,0
O-202609-0749,True,2026-09-23T13:35:00,C066,Noah Martin,66.95,0,5.36,72.31,72.31,0.00,P-202609-0763,72.31,0,0
O-202609-0750,True,2026-09-23T14:31:00,C011,Hannah Brooks,20.40,0,1.63,22.03,22.03,0.00,P-202609-0764,0,22.03,0
O-202609-0751,True,2026-09-23T14:44:00,WALK-IN,WALK-IN,93.40,0,7.47,100.87,100.87,0.00,P-202609-0766,0,100.87,0
O-202609-0752,True,2026-09-23T14:45:00,WALK-IN,WALK-IN,72.00,50.00,5.76,127.76,127.76,0.00,P-202609-0765,127.76,0,0
O-202609-0754,True,2026-09-23T15:19:00,C040,Kofi Quinn,16.20,0,1.30,17.50,17.50,0.00,P-202609-0768,0,17.50,0
O-202609-0755,True,2026-09-23T15:46:00,C005,Aisha Rahman,43.20,0,3.46,46.66,46.66,0.00,P-202609-0769,46.66,0,0
O-202609-0756,True,2026-09-23T15:51:00,C013,Nina Petrov,310.50,0,24.84,335.34,335.34,0.00,P-202609-0770,335.34,0,0
O-202609-0757,True,2026-09-23T17:01:00,C053,Nina Moreau,43.20,0,3.46,46.66,46.66,0.00,P-202609-0771,46.66,0,0
O-202609-0758,True,2026-09-23T17:04:00,C004,Daniel Okafor,268.00,0,21.44,289.44,289.44,0.00,P-202609-0773,289.44,0,0
O-202609-0759,True,2026-09-23T17:05:00,WALK-IN,WALK-IN,74.00,0,5.92,79.92,79.92,0.00,P-202609-0772,79.92,0,0
O-202609-0760,True,2026-09-23T17:22:00,WALK-IN,WALK-IN,78.40,0,6.27,84.67,84.67,0.00,P-202609-0774,84.67,0,0
O-202609-0761,True,2026-09-23T17:27:00,C002,James Chen,72.00,0,5.76,77.76,77.76,0.00,P-202609-0775,77.76,0,0
O-202609-0762,True,2026-09-23T17:59:00,C026,Noah Evans,120.00,25.00,9.60,154.60,154.60,0.00,P-202609-0776,154.60,0,0
O-202609-0763,True,2026-09-24T07:01:00,C002,James Chen,153.30,0,12.26,165.56,165.56,0.00,P-202609-0777,0,165.56,0
O-202609-0764,True,2026-09-24T07:49:00,C070,Ethan Mensah,156.00,0,12.48,168.48,168.48,0.00,P-202609-0778,168.48,0,0
O-202609-0765,True,2026-09-24T08:06:00,WALK-IN,WALK-IN,104.40,0,8.35,112.75,112.75,0.00,P-202609-0779,112.75,0,0
O-202609-0766,True,2026-09-24T08:11:00,WALK-IN,WALK-IN,12.75,0,1.02,13.77,13.77,0.00,P-202609-0780,13.77,0,0
O-202609-0767,True,2026-09-24T08:16:00,WALK-IN,WALK-IN,122.20,0,9.78,131.98,131.98,0.00,P-202609-0781,131.98,0,0
O-202609-0768,True,2026-09-24T08:21:00,C004,Daniel Okafor,113.55,0,9.08,122.63,122.63,0.00,P-202609-0782,122.63,0,0
O-202609-0769,True,2026-09-24T08:26:00,C025,Zara Khan,120.00,0,9.60,129.60,129.60,0.00,P-202609-0783,129.60,0,0
O-202609-0770,True,2026-09-24T08:40:00,C009,Grace Kim,88.20,0,7.06,95.26,95.26,0.00,P-202609-0784,95.26,0,0
O-202609-0771,True,2026-09-24T08:47:00,C006,Tom Walsh,342.40,0,27.39,369.79,369.79,0.00,P-202609-0785,369.79,0,0
O-202609-0772,True,2026-09-24T08:49:00,C055,Elena Silva,140.90,0,11.27,152.17,152.17,0.00,P-202609-0786,152.17,0,0
O-202609-0773,True,2026-09-24T08:50:00,C070,Ethan Mensah,21.00,0,1.68,22.68,22.68,0.00,P-202609-0787,22.68,0,0
O-202609-0774,True,2026-09-24T09:00:00,C001,Maria Lopez,275.70,0,22.06,297.76,297.76,0.00,P-202609-0788,297.76,0,0
O-202609-0775,True,2026-09-24T09:03:00,WALK-IN,WALK-IN,15.00,0,1.20,16.20,16.20,0.00,P-202609-0789,16.20,0,0
O-202609-0776,True,2026-09-24T09:47:00,WALK-IN,WALK-IN,50.00,0,4.00,54.00,54.00,0.00,P-202609-0790,54.00,0,0
O-202609-0777,True,2026-09-24T09:54:00,C039,Lucia Sato,92.00,0,7.36,99.36,99.36,0.00,P-202609-0791,0,99.36,0
O-202609-0778,True,2026-09-24T09:59:00,C077,Yara Okafor,30.60,0,2.45,33.05,33.05,0.00,P-202609-0792,33.05,0,0
O-202609-0779,True,2026-09-24T10:08:00,C001,Maria Lopez,181.60,0,14.53,196.13,196.13,0.00,P-202609-0793,196.13,0,0
O-202609-0780,True,2026-09-24T10:39:00,C029,Rosa Mendes,60.80,0,4.86,65.66,65.66,0.00,P-202609-0794,65.66,0,0
O-202609-0781,True,2026-09-24T11:20:00,C019,Fatima Ali,64.95,0,5.20,70.15,70.15,0.00,P-202609-0795,0,70.15,0
O-202609-0782,True,2026-09-24T12:00:00,C073,Chloe Quinn,100.50,0,8.03,108.53,108.53,0.00,P-202609-0796,108.53,0,0
O-202609-0783,True,2026-09-24T12:14:00,WALK-IN,WALK-IN,240.00,0,19.20,259.20,259.20,0.00,P-202609-0797,0,259.20,0
O-202609-0784,True,2026-09-24T12:17:00,C007,Keiko Tanaka,27.00,0,2.16,29.16,29.16,0.00,P-202609-0798,29.16,0,0
O-202609-0785,True,2026-09-24T12:29:00,C009,Grace Kim,65.25,0,5.22,70.47,70.47,0.00,P-202609-0799,70.47,0,0
O-202609-0786,True,2026-09-24T12:42:00,C074,Samir Lopez,90.50,0,7.24,97.74,97.74,0.00,P-202609-0800,97.74,0,0
O-202609-0787,True,2026-09-24T12:45:00,C003,Priya Patel,107.90,0,8.63,116.53,116.53,0.00,P-202609-0802,116.53,0,0
O-202609-0788,True,2026-09-24T12:47:00,C005,Aisha Rahman,135.30,0,10.82,146.12,146.12,0.00,P-202609-0801,146.12,0,0
O-202609-0789,True,2026-09-24T13:01:00,C069,Rosa Larsen,83.40,0,6.67,90.07,90.07,0.00,P-202609-0803,90.07,0,0
O-202609-0790,True,2026-09-24T13:46:00,C013,Nina Petrov,59.00,0,4.72,63.72,63.72,0.00,P-202609-0804,63.72,0,0
O-202609-0791,True,2026-09-24T14:00:00,C001,Maria Lopez,63.00,0,5.04,68.04,68.04,0.00,P-202609-0805,68.04,0,0
O-202609-0792,True,2026-09-24T14:57:00,C002,James Chen,59.40,0,4.75,64.15,64.15,0.00,P-202609-0806,64.15,0,0
O-202609-0793,True,2026-09-24T15:09:00,C011,Hannah Brooks,40.80,0,3.26,44.06,44.06,0.00,P-202609-0807,44.06,0,0
O-202609-0794,True,2026-09-24T15:51:00,C008,Luis Garcia,44.00,0,3.52,47.52,47.52,0.00,P-202609-0808,47.52,0,0
O-202609-0795,True,2026-09-24T16:01:00,C007,Keiko Tanaka,305.90,0,24.47,330.37,330.37,0.00,P-202609-0809,330.37,0,0
O-202609-0796,True,2026-09-24T16:49:00,C036,Felix Larsen,145.60,0,11.65,157.25,157.25,0.00,P-202609-0810,0,157.25,0
O-202609-0797,True,2026-09-24T17:30:00,WALK-IN,WALK-IN,76.80,0,6.14,82.94,82.94,0.00,P-202609-0811,82.94,0,0
O-202609-0798,True,2026-09-24T17:45:00,C003,Priya Patel,130.90,0,10.47,141.37,141.37,0.00,P-202609-0813,141.37,0,0
O-202609-0799,True,2026-09-24T17:45:00,C006,Tom Walsh,261.00,0,20.88,281.88,281.88,0.00,P-202609-0812,281.88,0,0
O-202609-0801,True,2026-09-25T07:13:00,WALK-IN,WALK-IN,140.40,0,11.23,151.63,151.63,0.00,P-202609-0815,0,151.63,0
O-202609-0802,True,2026-09-25T07:22:00,C017,Sofia Costa,74.40,0,5.96,80.36,80.36,0.00,P-202609-0816,80.36,0,0
O-202609-0803,True,2026-09-25T07:30:00,WALK-IN,WALK-IN,282.00,0,22.56,304.56,304.56,0.00,P-202609-0817,0,304.56,0
O-202609-0804,True,2026-09-25T08:01:00,C005,Aisha Rahman,72.50,0,5.80,78.30,78.30,0.00,P-202609-0818,78.30,0,0
O-202609-0805,True,2026-09-25T08:04:00,C034,Samir Shah,187.85,0,15.03,202.88,202.88,0.00,P-202609-0819; P-202609-0820,187.88,0,15.00
O-202609-0806,True,2026-09-25T09:07:00,C007,Keiko Tanaka,69.60,0,5.56,75.16,75.16,0.00,P-202609-0821,75.16,0,0
O-202609-0807,True,2026-09-25T09:22:00,C007,Keiko Tanaka,56.00,0,4.48,60.48,60.48,0.00,P-202609-0822,60.48,0,0
O-202609-0808,True,2026-09-25T09:39:00,C012,Victor Nguyen,75.60,0,6.05,81.65,81.65,0.00,P-202609-0823,81.65,0,0
O-202609-0809,True,2026-09-25T10:19:00,C005,Aisha Rahman,78.40,0,6.27,84.67,84.67,0.00,P-202609-0824,84.67,0,0
O-202609-0810,True,2026-09-25T10:25:00,C006,Tom Walsh,403.00,0,32.24,435.24,435.24,0.00,P-202609-0825,435.24,0,0
O-202609-0811,True,2026-09-25T10:30:00,C010,Omar Haddad,121.20,0,9.70,130.90,130.90,0.00,P-202609-0826,130.90,0,0
O-202609-0812,True,2026-09-25T10:54:00,C032,Diego Ramos,36.00,0,2.88,38.88,38.88,0.00,P-202609-0827,38.88,0,0
O-202609-0813,True,2026-09-25T11:06:00,C011,Hannah Brooks,89.00,0,7.12,96.12,192.24,96.12,P-202609-0828; P-202609-0829,192.24,0,0
O-202609-0814,True,2026-09-25T11:13:00,C052,Victor Ali,34.20,0,2.74,36.94,36.94,0.00,P-202609-0830,36.94,0,0
O-202609-0815,True,2026-09-25T11:20:00,C004,Daniel Okafor,103.65,0,8.29,111.94,111.94,0.00,P-202609-0831,111.94,0,0
O-202609-0816,True,2026-09-25T11:40:00,C045,Aisha Nguyen,20.00,0,1.60,21.60,21.60,0.00,P-202609-0832,0,21.60,0
O-202609-0817,True,2026-09-25T11:57:00,C005,Aisha Rahman,214.80,0,17.18,231.98,231.98,0.00,P-202609-0833,231.98,0,0
O-202609-0818,True,2026-09-25T12:07:00,C001,Maria Lopez,120.30,0,9.63,129.93,129.93,0.00,P-202609-0834,0,129.93,0
O-202609-0819,True,2026-09-25T12:09:00,C012,Victor Nguyen,61.20,0,4.90,66.10,66.10,0.00,P-202609-0835,66.10,0,0
O-202609-0820,True,2026-09-25T13:07:00,C032,Diego Ramos,269.00,0,21.52,290.52,290.52,0.00,P-202609-0836,0,290.52,0
O-202609-0821,True,2026-09-25T13:27:00,C001,Maria Lopez,64.00,0,5.12,69.12,69.12,0.00,P-202609-0837,69.12,0,0
O-202609-0822,True,2026-09-25T13:29:00,WALK-IN,WALK-IN,126.50,0,10.12,136.62,136.62,0.00,P-202609-0838,136.62,0,0
O-202609-0823,True,2026-09-25T13:41:00,C013,Nina Petrov,119.20,0,9.54,128.74,128.74,0.00,P-202609-0839,128.74,0,0
O-202609-0824,True,2026-09-25T13:56:00,C003,Priya Patel,141.00,0,11.28,152.28,152.28,0.00,P-202609-0840,152.28,0,0
O-202609-0825,True,2026-09-25T14:28:00,C012,Victor Nguyen,74.45,0,5.96,80.41,80.41,0.00,P-202609-0841,80.41,0,0
O-202609-0826,True,2026-09-25T14:33:00,C013,Nina Petrov,45.00,0,3.60,48.60,48.60,0.00,P-202609-0844,0,48.60,0
O-202609-0827,True,2026-09-25T14:33:00,WALK-IN,WALK-IN,39.00,0,3.12,42.12,42.12,0.00,P-202609-0842,0,42.12,0
O-202609-0828,True,2026-09-25T14:34:00,WALK-IN,WALK-IN,89.20,0,7.14,96.34,96.34,0.00,P-202609-0843,96.34,0,0
O-202609-0829,True,2026-09-25T15:05:00,WALK-IN,WALK-IN,42.00,0,3.36,45.36,45.36,0.00,P-202609-0845,45.36,0,0
O-202609-0830,True,2026-09-25T15:11:00,C020,Leo Moreau,83.00,0,6.64,89.64,89.64,0.00,P-202609-0846,0,89.64,0
O-202609-0831,True,2026-09-25T15:13:00,C001,Maria Lopez,59.00,0,4.72,63.72,63.72,0.00,P-202609-0847,63.72,0,0
O-202609-0832,True,2026-09-25T15:36:00,C050,Omar Costa,140.00,0,11.20,151.20,151.20,0.00,P-202609-0848; P-202609-0849,151.20,0,0
O-202609-0833,True,2026-09-25T16:12:00,C019,Fatima Ali,46.00,0,3.68,49.68,49.68,0.00,P-202609-0850,49.68,0,0
O-202609-0834,True,2026-09-25T16:14:00,C051,Hannah Fischer,48.00,0,3.84,51.84,51.84,0.00,P-202609-0851,51.84,0,0
O-202609-0835,True,2026-09-25T16:57:00,C001,Maria Lopez,95.20,0,7.61,102.81,102.81,0.00,P-202609-0852,102.81,0,0
O-202609-0836,True,2026-09-26T07:45:00,C006,Tom Walsh,173.40,0,13.87,187.27,187.27,0.00,P-202609-0853,187.27,0,0
O-202609-0837,True,2026-09-26T07:57:00,C034,Samir Shah,100.00,0,8.00,108.00,108.00,0.00,P-202609-0854,108.00,0,0
O-202609-0838,True,2026-09-26T08:04:00,WALK-IN,WALK-IN,84.00,0,6.72,90.72,90.72,0.00,P-202609-0855,0,90.72,0
O-202609-0839,True,2026-09-26T08:14:00,WALK-IN,WALK-IN,108.00,0,8.64,116.64,116.64,0.00,P-202609-0856,0,116.64,0
O-202609-0840,True,2026-09-26T08:23:00,C053,Nina Moreau,311.00,0,24.88,335.88,335.88,0.00,P-202609-0857,335.88,0,0
O-202609-0841,True,2026-09-26T08:41:00,UNRESOLVED,UNRESOLVED,126.45,0,10.11,136.56,136.56,0.00,P-202609-0859,136.56,0,0
O-202609-0842,True,2026-09-26T08:41:00,C003,Priya Patel,127.00,0,10.16,137.16,137.16,0.00,P-202609-0858,0,137.16,0
O-202609-0843,True,2026-09-26T08:48:00,C007,Keiko Tanaka,63.00,0,5.04,68.04,68.04,0.00,P-202609-0860,0,68.04,0
O-202609-0844,True,2026-09-26T09:03:00,C009,Grace Kim,48.80,0,3.90,52.70,52.70,0.00,P-202609-0861,52.70,0,0
O-202609-0845,True,2026-09-26T09:24:00,C003,Priya Patel,304.00,0,24.32,328.32,328.32,0.00,P-202609-0862,328.32,0,0
O-202609-0846,True,2026-09-26T09:28:00,C049,Grace Bell,72.90,0,5.83,78.73,78.73,0.00,P-202609-0863,78.73,0,0
O-202609-0847,True,2026-09-26T09:31:00,C052,Victor Ali,65.40,0,5.23,70.63,70.63,0.00,P-202609-0864,70.63,0,0
O-202609-0848,True,2026-09-26T09:44:00,C010,Omar Haddad,97.00,0,7.76,104.76,104.76,0.00,P-202609-0865,104.76,0,0
O-202609-0849,True,2026-09-26T09:52:00,C052,Victor Ali,106.65,0,8.53,115.18,115.18,0.00,P-202609-0866,0,115.18,0
O-202609-0850,True,2026-09-26T10:00:00,C062,Carlos Mendes,35.70,0,2.86,38.56,38.56,0.00,P-202609-0867,38.56,0,0
O-202609-0851,True,2026-09-26T10:05:00,WALK-IN,WALK-IN,155.55,0,12.44,167.99,159.99,-8.00,P-202609-0868,0,159.99,0
O-202609-0852,True,2026-09-26T10:40:00,C015,Alex Morgan,50.90,0,4.07,54.97,54.97,0.00,P-202609-0869,54.97,0,0
O-202609-0853,True,2026-09-26T11:17:00,C002,James Chen,161.50,0,12.92,174.42,174.42,0.00,P-202609-0870,0,174.42,0
O-202609-0854,True,2026-09-26T11:32:00,WALK-IN,WALK-IN,210.50,0,16.84,227.34,227.34,0.00,P-202609-0871,227.34,0,0
O-202609-0855,True,2026-09-26T11:34:00,C002,James Chen,328.70,0,26.29,354.99,354.99,0.00,P-202609-0872; P-202609-0873,344.99,0,10.00
O-202609-0856,True,2026-09-26T11:43:00,C051,Hannah Fischer,303.00,0,24.24,327.24,327.24,0.00,P-202609-0874,327.24,0,0
O-202609-0857,True,2026-09-26T11:56:00,C006,Tom Walsh,66.60,0,5.33,71.93,71.93,0.00,P-202609-0875,71.93,0,0
O-202609-0858,True,2026-09-26T12:11:00,C006,Tom Walsh,66.60,0,5.33,71.93,71.93,0.00,P-202609-0876,71.93,0,0
O-202609-0859,True,2026-09-26T12:21:00,C079,Lucia Walsh,112.20,0,8.98,121.18,121.18,0.00,P-202609-0877,121.18,0,0
O-202609-0860,True,2026-09-26T12:23:00,C010,Omar Haddad,304.00,0,24.32,328.32,328.32,0.00,P-202609-0878,328.32,0,0
O-202609-0861,True,2026-09-26T12:43:00,C024,Theo Park,141.00,0,11.28,152.28,152.28,0.00,P-202609-0879,0,152.28,0
O-202609-0862,True,2026-09-26T13:05:00,C026,Noah Evans,144.00,0,11.52,155.52,155.52,0.00,P-202609-0880,155.52,0,0
O-202609-0863,True,2026-09-26T13:10:00,C010,Omar Haddad,60.80,0,4.86,65.66,65.66,0.00,P-202609-0881,65.66,0,0
O-202609-0864,True,2026-09-26T13:18:00,C009,Grace Kim,128.10,0,10.25,138.35,138.35,0.00,P-202609-0882,138.35,0,0
O-202609-0865,True,2026-09-26T13:27:00,C037,Yara Mensah,73.80,0,5.90,79.70,79.70,0.00,P-202609-0883,0,79.70,0
O-202609-0866,True,2026-09-26T13:52:00,C002,James Chen,24.00,0,1.92,25.92,25.92,0.00,P-202609-0884,25.92,0,0
O-202609-0867,True,2026-09-26T13:56:00,C035,Ada Novak,57.00,0,4.56,61.56,61.56,0.00,P-202609-0885,0,61.56,0
O-202609-0868,True,2026-09-26T14:01:00,C001,Maria Lopez,22.80,0,1.82,24.62,24.62,0.00,P-202609-0886,24.62,0,0
O-202609-0869,True,2026-09-26T14:19:00,C037,Yara Mensah,272.00,0,21.76,293.76,293.76,0.00,P-202609-0887,293.76,0,0
O-202609-0870,True,2026-09-26T14:51:00,C001,Maria Lopez,64.00,0,5.12,69.12,69.12,0.00,P-202609-0888,69.12,0,0
O-202609-0871,True,2026-09-26T14:58:00,C009,Grace Kim,374.40,0,29.95,404.35,404.35,0.00,P-202609-0890,0,404.35,0
O-202609-0872,True,2026-09-26T14:59:00,C060,Leo Dubois,57.35,0,4.59,61.94,61.94,0.00,P-202609-0889,61.94,0,0
O-202609-0873,True,2026-09-26T15:09:00,C050,Omar Costa,288.00,0,23.04,311.04,311.04,0.00,P-202609-0891,311.04,0,0
O-202609-0874,True,2026-09-26T15:10:00,C023,Megan Hughes,27.00,0,2.16,29.16,29.16,0.00,P-202609-0892,29.16,0,0
O-202609-0875,True,2026-09-26T15:17:00,C010,Omar Haddad,63.00,0,5.04,68.04,68.04,0.00,P-202609-0893,0,68.04,0
O-202609-0876,True,2026-09-26T16:09:00,WALK-IN,WALK-IN,352.50,0,28.20,380.70,380.70,0.00,P-202609-0894,0,380.70,0
O-202609-0877,True,2026-09-26T16:13:00,C044,Daniel Brooks,30.00,0,2.40,32.40,32.40,0.00,P-202609-0895,32.40,0,0
O-202609-0878,True,2026-09-26T16:20:00,C011,Hannah Brooks,204.00,0,16.32,220.32,220.32,0.00,P-202609-0896,220.32,0,0
O-202609-0879,True,2026-09-26T16:36:00,C068,Jonah Novak,66.20,0,5.30,71.50,71.50,0.00,P-202609-0897,71.50,0,0
O-202609-0880,True,2026-09-26T16:44:00,C032,Diego Ramos,30.00,0,2.40,32.40,32.40,0.00,P-202609-0898,32.40,0,0
O-202609-0881,True,2026-09-26T16:48:00,C002,James Chen,185.00,0,14.80,199.80,199.80,0.00,P-202609-0899,199.80,0,0
O-202609-0882,True,2026-09-26T17:34:00,WALK-IN,WALK-IN,314.00,0,25.12,339.12,339.12,0.00,P-202609-0900,339.12,0,0
O-202609-0883,True,2026-09-27T07:31:00,C005,Aisha Rahman,18.00,0,1.44,19.44,19.44,0.00,P-202609-0901,0,19.44,0
O-202609-0884,True,2026-09-27T07:58:00,C009,Grace Kim,18.00,0,1.44,19.44,19.44,0.00,P-202609-0902,19.44,0,0
O-202609-0885,True,2026-09-27T09:15:00,C009,Grace Kim,54.00,0,4.32,58.32,58.32,0.00,P-202609-0903,58.32,0,0
O-202609-0886,True,2026-09-27T10:11:00,C001,Maria Lopez,48.00,0,3.84,51.84,51.84,0.00,P-202609-0904,51.84,0,0
O-202609-0887,True,2026-09-27T10:28:00,C002,James Chen,82.00,0,6.56,88.56,88.56,0.00,P-202609-0905,0,88.56,0
O-202609-0888,True,2026-09-27T11:33:00,C002,James Chen,84.00,0,6.72,90.72,90.72,0.00,P-202609-0906,90.72,0,0
O-202609-0889,True,2026-09-27T11:36:00,C003,Priya Patel,153.60,0,12.29,165.89,165.89,0.00,P-202609-0907,165.89,0,0
O-202609-0890,True,2026-09-27T11:38:00,C012,Victor Nguyen,129.80,0,10.38,140.18,140.18,0.00,P-202609-0908,140.18,0,0
O-202609-0891,True,2026-09-27T11:43:00,C005,Aisha Rahman,38.70,0,3.10,41.80,41.80,0.00,P-202609-0909,0,41.80,0
O-202609-0892,True,2026-09-27T11:48:00,C003,Priya Patel,36.00,0,2.88,38.88,38.88,0.00,P-202609-0910,38.88,0,0
O-202609-0893,True,2026-09-27T11:49:00,C005,Aisha Rahman,136.00,0,10.88,146.88,146.88,0.00,P-202609-0911,146.88,0,0
O-202609-0894,True,2026-09-27T11:58:00,C050,Omar Costa,9.00,0,0.72,9.72,9.72,0.00,P-202609-0912,9.72,0,0
O-202609-0895,True,2026-09-27T12:04:00,C020,Leo Moreau,72.00,0,5.76,77.76,77.76,0.00,P-202609-0913,77.76,0,0
O-202609-0896,True,2026-09-27T12:29:00,C011,Hannah Brooks,113.70,0,9.09,122.79,122.79,0.00,P-202609-0914,0,122.79,0
O-202609-0897,True,2026-09-27T14:41:00,C005,Aisha Rahman,52.40,0,4.19,56.59,56.59,0.00,P-202609-0915,56.59,0,0
O-202609-0898,True,2026-09-27T15:12:00,C006,Tom Walsh,74.00,0,5.92,79.92,79.92,0.00,P-202609-0916,79.92,0,0
O-202609-0899,True,2026-09-27T15:56:00,C004,Daniel Okafor,216.00,0,17.28,233.28,233.28,0.00,P-202609-0917,233.28,0,0
O-202609-0900,True,2026-09-27T16:07:00,WALK-IN,WALK-IN,80.00,0,6.40,86.40,86.40,0.00,P-202609-0918,86.40,0,0
O-202609-0901,True,2026-09-27T16:23:00,C005,Aisha Rahman,29.00,0,2.32,31.32,31.32,0.00,P-202609-0919,31.32,0,0
O-202609-0902,True,2026-09-27T16:30:00,C013,Nina Petrov,77.70,0,6.22,83.92,83.92,0.00,P-202609-0920,83.92,0,0
O-202609-0903,True,2026-09-27T17:21:00,WALK-IN,WALK-IN,86.00,0,6.88,92.88,92.88,0.00,P-202609-0921,92.88,0,0
O-202609-0904,True,2026-09-27T17:38:00,WALK-IN,WALK-IN,47.00,0,3.76,50.76,50.76,0.00,P-202609-0922,50.76,0,0
O-202609-0905,True,2026-09-28T08:09:00,C008,Luis Garcia,113.20,0,9.06,122.26,122.26,0.00,P-202609-0923,122.26,0,0
O-202609-0906,True,2026-09-28T08:30:00,C031,Mei Liu,138.40,0,11.07,149.47,149.47,0.00,P-202609-0924,149.47,0,0
O-202609-0907,True,2026-09-28T08:46:00,C009,Grace Kim,111.00,0,8.88,119.88,119.88,0.00,P-202609-0925,119.88,0,0
O-202609-0908,True,2026-09-28T09:03:00,C066,Noah Martin,129.00,0,10.32,139.32,139.32,0.00,P-202609-0926,139.32,0,0
O-202609-0909,True,2026-09-28T09:31:00,C009,Grace Kim,157.65,0,12.61,170.26,170.26,0.00,P-202609-0927,170.26,0,0
O-202609-0910,True,2026-09-28T09:38:00,C068,Jonah Novak,80.50,0,6.44,86.94,86.94,0.00,P-202609-0928,86.94,0,0
O-202609-0911,True,2026-09-28T09:40:00,C005,Aisha Rahman,20.00,0,1.60,21.60,21.60,0.00,P-202609-0929,21.60,0,0
O-202609-0912,True,2026-09-28T09:56:00,C068,Jonah Novak,54.00,0,4.32,58.32,58.32,0.00,P-202609-0930,58.32,0,0
O-202609-0913,True,2026-09-28T10:13:00,C073,Chloe Quinn,42.00,0,3.36,45.36,45.36,0.00,P-202609-0931,45.36,0,0
O-202609-0914,True,2026-09-28T10:16:00,C008,Luis Garcia,45.60,0,3.65,49.25,49.25,0.00,P-202609-0932,49.25,0,0
O-202609-0915,True,2026-09-28T11:11:00,C009,Grace Kim,156.90,0,12.55,169.45,169.45,0.00,P-202609-0933,169.45,0,0
O-202609-0916,True,2026-09-28T11:29:00,C009,Grace Kim,83.80,0,6.70,90.50,90.50,0.00,P-202609-0934,90.50,0,0
O-202609-0917,True,2026-09-28T11:36:00,C004,Daniel Okafor,240.00,0,19.20,259.20,259.20,0.00,P-202609-0935,259.20,0,0
O-202609-0918,True,2026-09-28T12:11:00,C031,Mei Liu,108.90,0,8.71,117.61,117.61,0.00,P-202609-0936,0,117.61,0
O-202609-0919,True,2026-09-28T12:19:00,C070,Ethan Mensah,36.00,0,2.88,38.88,38.88,0.00,P-202609-0937,38.88,0,0
O-202609-0920,True,2026-09-28T12:31:00,C003,Priya Patel,73.95,0,5.92,79.87,79.87,0.00,P-202609-0938,79.87,0,0
O-202609-0921,True,2026-09-28T13:27:00,C016,Marcus Bell,178.40,0,14.27,192.67,192.67,0.00,P-202609-0939,0,192.67,0
O-202609-0922,True,2026-09-28T13:33:00,C006,Tom Walsh,360.00,0,28.80,388.80,388.80,0.00,P-202609-0940,0,388.80,0
O-202609-0923,True,2026-09-28T13:38:00,C032,Diego Ramos,251.00,0,20.08,271.08,271.08,0.00,P-202609-0941,271.08,0,0
O-202609-0924,True,2026-09-28T14:00:00,C003,Priya Patel,200.00,0,16.00,216.00,216.00,0.00,P-202609-0942,216.00,0,0
O-202609-0925,True,2026-09-28T14:14:00,C013,Nina Petrov,20.40,0,1.63,22.03,22.03,0.00,P-202609-0943,22.03,0,0
O-202609-0926,True,2026-09-28T14:23:00,C016,Marcus Bell,72.60,0,5.81,78.41,78.41,0.00,P-202609-0944,78.41,0,0
O-202609-0927,True,2026-09-28T14:35:00,WALK-IN,WALK-IN,45.00,0,3.60,48.60,48.60,0.00,P-202609-0945,0,48.60,0
O-202609-0928,True,2026-09-28T14:47:00,C032,Diego Ramos,318.20,0,25.46,343.66,687.32,343.66,P-202609-0946; P-202609-0947,687.32,0,0
O-202609-0929,True,2026-09-28T14:55:00,C037,Yara Mensah,169.20,0,13.54,182.74,182.74,0.00,P-202609-0948,182.74,0,0
O-202609-0930,True,2026-09-28T16:07:00,C006,Tom Walsh,59.40,0,4.75,64.15,64.15,0.00,P-202609-0949,64.15,0,0
O-202609-0931,True,2026-09-28T16:10:00,C040,Kofi Quinn,54.00,0,4.32,58.32,58.32,0.00,P-202609-0950,58.32,0,0
O-202609-0932,True,2026-09-28T16:16:00,C005,Aisha Rahman,81.00,0,6.48,87.48,87.48,0.00,P-202609-0951,87.48,0,0
O-202609-0933,True,2026-09-28T16:21:00,C007,Keiko Tanaka,91.20,0,7.30,98.50,98.50,0.00,P-202609-0952,98.50,0,0
O-202609-0934,True,2026-09-28T16:57:00,C008,Luis Garcia,148.80,0,11.90,160.70,160.70,0.00,P-202609-0953,0,160.70,0
O-202609-0935,True,2026-09-28T17:31:00,WALK-IN,WALK-IN,264.00,0,21.12,285.12,285.12,0.00,P-202609-0954,285.12,0,0
O-202609-0936,True,2026-09-28T17:48:00,C022,Carlos Silva,43.00,0,3.44,46.44,46.44,0.00,P-202609-0955,46.44,0,0
O-202609-0937,True,2026-09-28T17:53:00,C013,Nina Petrov,84.80,0,6.78,91.58,91.58,0.00,P-202609-0956,91.58,0,0
O-202609-0938,True,2026-09-29T07:59:00,C012,Victor Nguyen,39.60,0,3.17,42.77,42.77,0.00,P-202609-0957,42.77,0,0
O-202609-0939,True,2026-09-29T08:16:00,C008,Luis Garcia,58.95,0,4.72,63.67,63.67,0.00,P-202609-0958,63.67,0,0
O-202609-0940,True,2026-09-29T08:25:00,WALK-IN,WALK-IN,108.00,0,8.64,116.64,116.64,0.00,P-202609-0959,116.64,0,0
O-202609-0941,True,2026-09-29T08:55:00,WALK-IN,WALK-IN,304.40,0,24.35,328.75,328.75,0.00,P-202609-0960,328.75,0,0
O-202609-0942,True,2026-09-29T08:59:00,C011,Hannah Brooks,0,25.00,0.00,25.00,25.00,0.00,P-202609-0961,0,25.00,0
O-202609-0943,True,2026-09-29T09:09:00,C012,Victor Nguyen,84.00,0,6.72,90.72,90.72,0.00,P-202609-0962,90.72,0,0
O-202609-0944,True,2026-09-29T09:16:00,C036,Felix Larsen,88.70,0,7.10,95.80,95.80,0.00,P-202609-0963,95.80,0,0
O-202609-0945,True,2026-09-29T09:39:00,WALK-IN,WALK-IN,127.00,0,10.16,137.16,137.16,0.00,P-202609-0964,137.16,0,0
O-202609-0946,True,2026-09-29T10:03:00,WALK-IN,WALK-IN,88.40,0,7.07,95.47,95.47,0.00,P-202609-0965,95.47,0,0
O-202609-0947,True,2026-09-29T10:06:00,C078,Owen Rahman,94.35,0,7.55,101.90,101.90,0.00,P-202609-0966,0,101.90,0
O-202609-0948,True,2026-09-29T10:21:00,C002,James Chen,119.40,0,9.55,128.95,128.95,0.00,P-202609-0967,128.95,0,0
O-202609-0949,True,2026-09-29T10:46:00,C074,Samir Lopez,112.25,0,8.98,121.23,121.23,0.00,P-202609-0968,121.23,0,0
O-202609-0950,True,2026-09-29T11:04:00,C048,Luis Rossi,53.00,0,4.24,57.24,57.24,0.00,P-202609-0969,57.24,0,0
O-202609-0951,True,2026-09-29T11:10:00,C057,Sofia Park,107.00,0,8.56,115.56,115.56,0.00,P-202609-0970,115.56,0,0
O-202609-0952,True,2026-09-29T12:10:00,C030,Ethan Wright,120.00,0,9.60,129.60,129.60,0.00,P-202609-0971,129.60,0,0
O-202609-0953,True,2026-09-29T13:26:00,WALK-IN,WALK-IN,112.00,0,8.96,120.96,120.96,0.00,P-202609-0972,120.96,0,0
O-202609-0954,True,2026-09-29T13:46:00,C004,Daniel Okafor,18.00,0,1.44,19.44,19.44,0.00,P-202609-0973,19.44,0,0
O-202609-0955,True,2026-09-29T13:48:00,C010,Omar Haddad,13.50,0,1.08,14.58,14.58,0.00,P-202609-0974,0,14.58,0
O-202609-0956,True,2026-09-29T13:58:00,C002,James Chen,33.00,0,2.64,35.64,35.64,0.00,P-202609-0975,0,35.64,0
O-202609-0957,True,2026-09-29T14:54:00,WALK-IN,WALK-IN,292.00,0,23.36,315.36,315.36,0.00,P-202609-0976,315.36,0,0
O-202609-0958,True,2026-09-29T15:00:00,WALK-IN,WALK-IN,10.00,0,0.80,10.80,10.80,0.00,P-202609-0978,0,10.80,0
O-202609-0959,True,2026-09-29T15:00:00,WALK-IN,WALK-IN,183.50,0,14.68,198.18,198.18,0.00,P-202609-0977,0,198.18,0
O-202609-0960,True,2026-09-29T15:00:00,C077,Yara Okafor,127.00,0,10.16,137.16,137.16,0.00,P-202609-0979,137.16,0,0
O-202609-0961,True,2026-09-29T15:12:00,WALK-IN,WALK-IN,160.20,0,12.81,173.01,173.01,0.00,P-202609-0980,0,173.01,0
O-202609-0962,True,2026-09-29T15:27:00,WALK-IN,WALK-IN,65.40,0,5.23,70.63,70.63,0.00,P-202609-0981,0,70.63,0
O-202609-0963,True,2026-09-29T15:47:00,C066,Noah Martin,70.60,0,5.65,76.25,76.25,0.00,P-202609-0982,76.25,0,0
O-202609-0964,True,2026-09-29T15:58:00,C069,Rosa Larsen,90.50,0,7.24,97.74,97.74,0.00,P-202609-0983,97.74,0,0
O-202609-0965,True,2026-09-29T17:11:00,WALK-IN,WALK-IN,47.70,0,3.82,51.52,51.52,0.00,P-202609-0984,51.52,0,0
O-202609-0966,True,2026-09-29T17:55:00,C045,Aisha Nguyen,240.00,0,19.20,259.20,259.20,0.00,P-202609-0985,259.20,0,0
O-202609-0967,True,2026-09-30T07:57:00,C020,Leo Moreau,21.00,0,1.68,22.68,22.68,0.00,P-202609-0986,22.68,0,0
O-202609-0968,True,2026-09-30T08:18:00,C004,Daniel Okafor,27.00,0,2.16,29.16,29.16,0.00,P-202609-0987,29.16,0,0
O-202609-0969,True,2026-09-30T08:19:00,WALK-IN,WALK-IN,20.90,0,1.67,22.57,22.57,0.00,P-202609-0988,0,22.57,0
O-202609-0970,True,2026-09-30T09:20:00,C007,Keiko Tanaka,81.60,0,6.53,88.13,88.13,0.00,P-202609-0989,88.13,0,0
O-202609-0971,True,2026-09-30T09:48:00,C003,Priya Patel,82.80,0,6.62,89.42,89.42,0.00,P-202609-0990,89.42,0,0
O-202609-0972,True,2026-09-30T09:58:00,C012,Victor Nguyen,240.00,0,19.20,259.20,259.20,0.00,P-202609-0991,259.20,0,0
O-202609-0973,True,2026-09-30T10:02:00,C023,Megan Hughes,118.50,0,9.48,127.98,127.98,0.00,P-202609-0992,127.98,0,0
O-202609-0974,True,2026-09-30T10:03:00,C005,Aisha Rahman,240.00,0,19.20,259.20,259.20,0.00,P-202609-0993,259.20,0,0
O-202609-0975,True,2026-09-30T10:12:00,C053,Nina Moreau,44.00,0,3.52,47.52,47.52,0.00,P-202609-0994,47.52,0,0
O-202609-0976,True,2026-09-30T10:23:00,WALK-IN,WALK-IN,64.00,0,5.12,69.12,69.12,0.00,P-202609-0995,0,69.12,0
O-202609-0978,True,2026-09-30T11:20:00,WALK-IN,WALK-IN,96.90,0,7.75,104.65,104.65,0.00,P-202609-0997,104.65,0,0
O-202609-0979,True,2026-09-30T11:37:00,C011,Hannah Brooks,78.00,0,6.24,84.24,84.24,0.00,P-202609-0998,0,84.24,0
O-202609-0980,True,2026-09-30T11:48:00,WALK-IN,WALK-IN,35.00,0,2.80,37.80,37.80,0.00,P-202609-0999,0,37.80,0
O-202609-0981,True,2026-09-30T12:23:00,C003,Priya Patel,84.00,0,6.72,90.72,90.72,0.00,P-202609-1000,90.72,0,0
O-202609-0982,True,2026-09-30T12:35:00,C030,Ethan Wright,57.45,0,4.59,62.04,62.04,0.00,P-202609-1001,62.04,0,0
O-202609-0983,True,2026-09-30T12:35:00,C003,Priya Patel,107.85,0,8.63,116.48,116.48,0.00,P-202609-1002,116.48,0,0
O-202609-0984,True,2026-09-30T12:42:00,WALK-IN,WALK-IN,66.00,0,5.28,71.28,71.28,0.00,P-202609-1003,0,71.28,0
O-202609-0985,True,2026-09-30T12:58:00,C040,Kofi Quinn,105.00,0,8.40,113.40,113.40,0.00,P-202609-1004,113.40,0,0
O-202609-0986,True,2026-09-30T13:22:00,C002,James Chen,98.00,0,7.84,105.84,105.84,0.00,P-202609-1005,0,105.84,0
O-202609-0987,True,2026-09-30T13:36:00,C002,James Chen,88.30,0,7.06,95.36,95.36,0.00,P-202609-1006,95.36,0,0
O-202609-0988,True,2026-09-30T13:45:00,C039,Lucia Sato,73.00,0,5.84,78.84,78.84,0.00,P-202609-1007,78.84,0,0
O-202609-0989,True,2026-09-30T13:59:00,WALK-IN,WALK-IN,261.00,0,20.88,281.88,281.88,0.00,P-202609-1008,281.88,0,0
O-202609-0990,True,2026-09-30T14:00:00,WALK-IN,WALK-IN,120.80,0,9.66,130.46,130.46,0.00,P-202609-1009,130.46,0,0
O-202609-0991,True,2026-09-30T14:36:00,C003,Priya Patel,192.80,0,15.42,208.22,208.22,0.00,P-202609-1010,208.22,0,0
O-202609-0992,True,2026-09-30T15:07:00,C047,Keiko Iyer,94.00,0,7.52,101.52,101.52,0.00,P-202609-1011,101.52,0,0
O-202609-0993,True,2026-09-30T15:36:00,C060,Leo Dubois,86.40,0,6.91,93.31,93.31,0.00,P-202609-1012,93.31,0,0
O-202609-0994,True,2026-09-30T16:13:00,C054,Ravi Reed,120.00,0,9.60,129.60,129.60,0.00,P-202609-1013,129.60,0,0
O-202609-0995,True,2026-09-30T16:57:00,C002,James Chen,112.50,0,9.00,121.50,121.50,0.00,P-202609-1014,121.50,0,0
O-202609-0996,True,2026-09-30T17:20:00,WALK-IN,WALK-IN,102.50,0,8.20,110.70,110.70,0.00,P-202609-1015,110.70,0,0
O-202609-0997,True,2026-09-30T17:33:00,C065,Zara Ramos,238.20,0,19.06,257.26,257.26,0.00,P-202609-1016,257.26,0,0
O-202609-0998,True,2026-09-30T17:33:00,C026,Noah Evans,141.00,0,11.28,152.28,152.28,0.00,P-202609-1017,152.28,0,0
O-202609-0999,True,2026-09-30T17:38:00,C003,Priya Patel,180.00,0,14.40,194.40,194.40,0.00,P-202609-1018,194.40,0,0
O-202609-1000,True,2026-09-30T17:56:00,WALK-IN,WALK-IN,100.20,0,8.02,108.22,108.22,0.00,P-202609-1019,108.22,0,0
