payment_id,order_id,date,amount,fee,status,payout_id,reference
PAY-00001,CL-0001,2026-09-01,34.56,1.30,captured,PO-0901,order:CL-0001
PAY-00002,CL-0003,2026-09-01,51.84,1.80,captured,PO-0901,order:CL-0003
PAY-00003,CL-0004,2026-09-01,3.51,0.40,captured,PO-0901,order:CL-0004
PAY-00004,CL-0006,2026-09-01,38.88,1.43,captured,PO-0901,order:CL-0006
PAY-00005,CL-0010,2026-09-01,68.04,2.27,captured,PO-0901,order:CL-0010
PAY-00006,CL-0011,2026-09-01,42.93,1.54,captured,PO-0901,order:CL-0011
PAY-00007,CL-0012,2026-09-01,31.59,1.22,captured,PO-0901,order:CL-0012
PAY-00008,CL-0013,2026-09-01,4.05,0.42,captured,PO-0901,order:CL-0013
PAY-00009,CL-0016,2026-09-01,26.73,1.08,captured,PO-0901,order:CL-0016
PAY-00010,CL-0017,2026-09-01,7.02,0.50,captured,PO-0901,order:CL-0017
PAY-00011,CL-0020,2026-09-01,68.04,2.27,captured,PO-0901,order:CL-0020
PAY-00012,CL-0021,2026-09-01,22.68,0.96,captured,PO-0901,order:CL-0021
PAY-00013,CL-0022,2026-09-01,37.26,1.38,captured,PO-0901,order:CL-0022
PAY-00014,CL-0024,2026-09-01,3.51,0.40,captured,PO-0901,order:CL-0024
PAY-00015,CL-0025,2026-09-01,56.16,1.93,captured,PO-0901,order:CL-0025
PAY-00016,CL-0026,2026-09-01,68.04,2.27,captured,PO-0901,order:CL-0026
PAY-00017,CL-0028,2026-09-01,92.88,2.99,captured,PO-0901,order:CL-0028
PAY-00018,CL-0029,2026-09-01,115.02,3.64,captured,PO-0901,order:CL-0029
PAY-00019,CL-0030,2026-09-01,25.92,1.05,captured,PO-0901,order:CL-0030
PAY-00020,CL-0031,2026-09-01,10.53,0.61,captured,PO-0901,order:CL-0031
PAY-00021,CL-0033,2026-09-01,47.52,1.68,captured,PO-0901,order:CL-0033
PAY-00022,CL-0035,2026-09-01,8.10,0.53,captured,PO-0901,order:CL-0035
PAY-00023,CL-0036,2026-09-01,51.84,1.80,captured,PO-0901,order:CL-0036
PAY-00024,CL-0037,2026-09-01,4.05,0.42,captured,PO-0901,order:CL-0037
PAY-00025,CL-0038,2026-09-01,144.72,4.50,captured,PO-0901,order:CL-0038
PAY-00026,CL-0039,2026-09-01,67.77,2.27,captured,PO-0901,order:CL-0039
PAY-00027,CL-0040,2026-09-01,23.76,0.99,captured,PO-0901,order:CL-0040
PAY-00028,CL-0041,2026-09-01,84.24,2.74,captured,PO-0901,order:CL-0041
PAY-00029,CL-0042,2026-09-01,68.85,2.30,captured,PO-0901,order:CL-0042
PAY-00030,CL-0044,2026-09-01,58.32,1.99,captured,PO-0901,order:CL-0044
PAY-00031,CL-0045,2026-09-01,25.92,1.05,captured,PO-0901,order:CL-0045
PAY-00032,CL-0046,2026-09-01,29.70,1.16,captured,PO-0901,order:CL-0046
PAY-00033,CL-0048,2026-09-01,96.12,3.09,captured,PO-0901,order:CL-0048
PAY-00034,CL-0049,2026-09-01,72.09,2.39,captured,PO-0901,order:CL-0049
PAY-00035,CL-0050,2026-09-01,46.98,1.66,captured,PO-0901,order:CL-0050
PAY-00036,CL-0051,2026-09-01,52.65,1.83,captured,PO-0901,order:CL-0051
PAY-00037,CL-0052,2026-09-01,19.44,0.86,captured,PO-0901,order:CL-0052
PAY-00038,CL-0053,2026-09-01,28.08,1.11,captured,PO-0901,order:CL-0053
PAY-00039,CL-0054,2026-09-01,34.56,1.30,captured,PO-0901,order:CL-0054
PAY-00040,CL-0057,2026-09-01,57.24,1.96,captured,PO-0901,order:CL-0057
PAY-00041,CL-0058,2026-09-01,12.96,0.68,captured,PO-0901,order:CL-0058
PAY-00042,CL-0060,2026-09-01,84.24,2.74,captured,PO-0901,order:CL-0060
PAY-00043,CL-0061,2026-09-01,10.53,0.61,captured,PO-0901,order:CL-0061
PAY-00044,CL-0062,2026-09-01,29.16,1.15,captured,PO-0901,order:CL-0062
PAY-00045,CL-0063,2026-09-01,19.44,0.86,captured,PO-0901,order:CL-0063
PAY-00046,CL-0064,2026-09-01,34.56,1.30,captured,PO-0901,order:CL-0064
PAY-00047,CL-0065,2026-09-01,52.11,1.81,captured,PO-0901,order:CL-0065
PAY-00048,CL-0066,2026-09-01,68.04,2.27,captured,PO-0901,order:CL-0066
PAY-00049,CL-0067,2026-09-01,85.59,2.78,captured,PO-0901,order:CL-0067
PAY-00050,CL-0068,2026-09-01,15.93,0.76,captured,PO-0901,order:CL-0068
PAY-00051,CL-0070,2026-09-01,56.16,1.93,captured,PO-0901,order:CL-0070
PAY-00052,CL-0071,2026-09-01,38.88,1.43,captured,PO-0901,order:CL-0071
PAY-00053,CL-0072,2026-09-01,51.84,1.80,captured,PO-0901,order:CL-0072
PAY-00054,CL-0073,2026-09-01,5.40,0.46,captured,PO-0901,order:CL-0073
PAY-00055,CL-0074,2026-09-02,34.56,1.30,captured,PO-0902,order:CL-0074
PAY-00056,CL-0075,2026-09-02,12.96,0.68,captured,PO-0902,order:CL-0075
PAY-00057,CL-0076,2026-09-02,12.96,0.68,captured,PO-0902,order:CL-0076
PAY-00058,CL-0077,2026-09-02,4.05,0.42,captured,PO-0902,order:CL-0077
PAY-00059,CL-0078,2026-09-02,43.74,1.57,captured,PO-0902,order:CL-0078
PAY-00060,CL-0079,2026-09-02,55.08,1.90,captured,PO-0902,order:CL-0079
PAY-00061,CL-0080,2026-09-02,12.15,0.65,captured,PO-0902,order:CL-0080
PAY-00062,CL-0081,2026-09-02,71.28,2.37,captured,PO-0902,order:CL-0081
PAY-00063,CL-0082,2026-09-02,38.88,1.43,captured,PO-0902,order:CL-0082
PAY-00064,CL-0083,2026-09-02,44.28,1.58,captured,PO-0902,order:CL-0083
PAY-00065,CL-0084,2026-09-02,5.40,0.46,captured,PO-0902,order:CL-0084
PAY-00066,CL-0086,2026-09-02,22.68,0.96,captured,PO-0902,order:CL-0086
PAY-00067,CL-0087,2026-09-02,78.57,2.58,captured,PO-0902,order:CL-0087
PAY-00068,CL-0088,2026-09-02,46.71,1.65,captured,PO-0902,order:CL-0088
PAY-00069,CL-0089,2026-09-02,22.68,0.96,captured,PO-0902,order:CL-0089
PAY-00070,CL-0090,2026-09-02,31.86,1.22,captured,PO-0902,order:CL-0090
PAY-00071,CL-0091,2026-09-02,142.56,4.43,captured,PO-0902,order:CL-0091
PAY-00072,CL-0092,2026-09-02,119.88,3.78,captured,PO-0902,order:CL-0092
PAY-00073,CL-0094,2026-09-02,51.84,1.80,captured,PO-0902,order:CL-0094
PAY-00074,CL-0095,2026-09-02,73.44,2.43,captured,PO-0902,order:CL-0095
PAY-00075,CL-0097,2026-09-02,15.12,0.74,captured,PO-0902,order:CL-0097
PAY-00076,CL-0098,2026-09-02,4.05,0.42,captured,PO-0902,order:CL-0098
PAY-00077,CL-0099,2026-09-02,17.01,0.79,captured,PO-0902,order:CL-0099
PAY-00078,CL-0100,2026-09-02,70.74,2.35,captured,PO-0902,order:CL-0100
PAY-00079,CL-0102,2026-09-02,29.16,1.15,captured,PO-0902,order:CL-0102
PAY-00080,CL-0103,2026-09-02,11.61,0.64,captured,PO-0902,order:CL-0103
PAY-00081,CL-0104,2026-09-02,101.52,3.24,captured,PO-0902,order:CL-0104
PAY-00082,CL-0105,2026-09-02,51.84,1.80,captured,PO-0902,order:CL-0105
PAY-00083,CL-0106,2026-09-02,16.20,0.77,captured,PO-0902,order:CL-0106
PAY-00084,CL-0107,2026-09-02,10.53,0.61,captured,PO-0902,order:CL-0107
PAY-00085,CL-0108,2026-09-02,23.49,0.98,captured,PO-0902,order:CL-0108
PAY-00086,CL-0109,2026-09-02,25.92,1.05,captured,PO-0902,order:CL-0109
PAY-00087,CL-0111,2026-09-02,51.84,1.80,captured,PO-0902,order:CL-0111
PAY-00088,CL-0112,2026-09-02,51.84,1.80,captured,PO-0902,order:CL-0112
PAY-00089,CL-0113,2026-09-02,42.93,1.54,captured,PO-0902,order:CL-0113
PAY-00090,CL-0114,2026-09-02,3.51,0.40,captured,PO-0902,order:CL-0114
PAY-00091,CL-0117,2026-09-02,50.76,1.77,captured,PO-0902,order:CL-0117
PAY-00092,CL-0119,2026-09-02,59.13,2.01,captured,PO-0902,order:CL-0119
PAY-00093,CL-0120,2026-09-02,34.56,1.30,captured,PO-0902,order:CL-0120
PAY-00094,CL-0121,2026-09-02,16.20,0.77,captured,PO-0902,order:CL-0121
PAY-00095,CL-0122,2026-09-02,7.02,0.50,captured,PO-0902,order:CL-0122
PAY-00096,CL-0125,2026-09-02,20.25,0.89,captured,PO-0902,order:CL-0125
PAY-00097,CL-0127,2026-09-02,51.84,1.80,captured,PO-0902,order:CL-0127
PAY-00098,CL-0128,2026-09-02,5.40,0.46,captured,PO-0902,order:CL-0128
PAY-00099,CL-0130,2026-09-02,34.56,1.30,captured,PO-0902,order:CL-0130
PAY-00100,CL-0131,2026-09-02,34.56,1.30,captured,PO-0902,order:CL-0131
PAY-00101,CL-0132,2026-09-02,97.20,3.12,captured,PO-0902,order:CL-0132
PAY-00102,CL-0133,2026-09-02,51.84,1.80,captured,PO-0902,order:CL-0133
PAY-00103,CL-0135,2026-09-02,16.20,0.77,captured,PO-0902,order:CL-0135
PAY-00104,CL-0136,2026-09-02,42.12,1.52,captured,PO-0902,order:CL-0136
PAY-00105,CL-0137,2026-09-02,55.08,1.90,captured,PO-0902,order:CL-0137
PAY-00106,CL-0138,2026-09-02,51.03,1.78,captured,PO-0902,order:CL-0138
PAY-00107,CL-0139,2026-09-02,116.64,3.68,captured,PO-0902,order:CL-0139
PAY-00108,CL-0140,2026-09-02,55.08,1.90,captured,PO-0902,order:CL-0140
PAY-00109,CL-0141,2026-09-02,5.40,0.46,captured,PO-0902,order:CL-0141
PAY-00110,CL-0143,2026-09-02,51.84,1.80,captured,PO-0902,order:CL-0143
PAY-00111,CL-0144,2026-09-02,110.16,3.49,captured,PO-0902,order:CL-0144
PAY-00112,CL-0147,2026-09-02,94.23,3.03,captured,PO-0902,order:CL-0147
PAY-00113,CL-0148,2026-09-02,45.36,1.62,captured,PO-0902,order:CL-0148
PAY-00114,CL-0150,2026-09-02,29.16,1.15,captured,PO-0902,order:CL-0150
PAY-00115,CL-0151,2026-09-02,89.64,2.90,captured,PO-0902,order:CL-0151
PAY-00116,CL-0152,2026-09-02,9.72,0.58,captured,PO-0902,order:CL-0152
PAY-00117,CL-0154,2026-09-02,24.57,1.01,captured,PO-0902,order:CL-0154
PAY-00118,CL-0155,2026-09-02,22.68,0.96,captured,PO-0902,order:CL-0155
PAY-00119,CL-0156,2026-09-03,42.12,1.52,captured,PO-0903,order:CL-0156
PAY-00120,CL-0157,2026-09-03,16.20,0.77,captured,PO-0903,order:CL-0157
PAY-00121,CL-0158,2026-09-03,38.88,1.43,captured,PO-0903,order:CL-0158
PAY-00122,CL-0159,2026-09-03,51.84,1.80,captured,PO-0903,order:CL-0159
PAY-00123,CL-0161,2026-09-03,81.81,2.67,captured,PO-0903,order:CL-0161
PAY-00124,CL-0162,2026-09-03,55.89,1.92,captured,PO-0903,order:CL-0162
PAY-00125,CL-0163,2026-09-03,125.28,3.93,captured,PO-0903,order:CL-0163
PAY-00126,CL-0165,2026-09-03,11.07,0.62,captured,PO-0903,order:CL-0165
PAY-00127,CL-0166,2026-09-03,44.28,1.58,captured,PO-0903,order:CL-0166
PAY-00128,CL-0167,2026-09-03,19.44,0.86,captured,PO-0903,order:CL-0167
PAY-00129,CL-0168,2026-09-03,9.72,0.58,captured,PO-0903,order:CL-0168
PAY-00130,CL-0170,2026-09-03,51.84,1.80,captured,PO-0903,order:CL-0170
PAY-00131,CL-0171,2026-09-03,8.10,0.53,captured,PO-0903,order:CL-0171
PAY-00132,CL-0172,2026-09-03,84.24,2.74,captured,PO-0903,order:CL-0172
PAY-00133,CL-0174,2026-09-03,79.38,2.60,captured,PO-0903,order:CL-0174
PAY-00134,CL-0175,2026-09-03,38.88,1.43,captured,PO-0903,order:CL-0175
PAY-00135,CL-0176,2026-09-03,68.04,2.27,captured,PO-0903,order:CL-0176
PAY-00136,CL-0177,2026-09-03,110.16,3.49,captured,PO-0903,order:CL-0177
PAY-00137,CL-0178,2026-09-03,29.16,1.15,captured,PO-0903,order:CL-0178
PAY-00138,CL-0179,2026-09-03,51.84,1.80,captured,PO-0903,order:CL-0179
PAY-00139,CL-0181,2026-09-03,7.02,0.50,captured,PO-0903,order:CL-0181
PAY-00140,CL-0182,2026-09-03,93.42,3.01,captured,PO-0903,order:CL-0182
PAY-00141,CL-0184,2026-09-03,8.10,0.53,captured,PO-0903,order:CL-0184
PAY-00142,CL-0186,2026-09-03,9.72,0.58,captured,PO-0903,order:CL-0186
PAY-00143,CL-0187,2026-09-03,34.29,1.29,captured,PO-0903,order:CL-0187
PAY-00144,CL-0188,2026-09-03,141.48,4.40,captured,PO-0903,order:CL-0188
PAY-00145,CL-0189,2026-09-03,29.97,1.17,captured,PO-0903,order:CL-0189
PAY-00146,CL-0190,2026-09-03,51.84,1.80,captured,PO-0903,order:CL-0190
PAY-00147,CL-0192,2026-09-03,29.16,1.15,captured,PO-0903,order:CL-0192
PAY-00148,CL-0194,2026-09-03,112.32,3.56,captured,PO-0903,order:CL-0194
PAY-00149,CL-0195,2026-09-03,32.40,1.24,captured,PO-0903,order:CL-0195
PAY-00150,CL-0196,2026-09-03,68.04,2.27,captured,PO-0903,order:CL-0196
PAY-00151,CL-0197,2026-09-03,108.00,3.43,captured,PO-0903,order:CL-0197
PAY-00152,CL-0198,2026-09-03,93.96,3.02,captured,PO-0903,order:CL-0198
PAY-00153,CL-0199,2026-09-03,9.72,0.58,captured,PO-0903,order:CL-0199
PAY-00154,CL-0200,2026-09-03,55.35,1.91,captured,PO-0903,order:CL-0200
PAY-00155,CL-0201,2026-09-03,38.88,1.43,captured,PO-0903,order:CL-0201
PAY-00156,CL-0202,2026-09-03,51.84,1.80,captured,PO-0903,order:CL-0202
PAY-00157,CL-0203,2026-09-03,86.40,2.81,captured,PO-0903,order:CL-0203
PAY-00158,CL-0204,2026-09-03,68.04,2.27,captured,PO-0903,order:CL-0204
PAY-00159,CL-0205,2026-09-03,22.68,0.96,captured,PO-0903,order:CL-0205
PAY-00160,CL-0206,2026-09-03,41.31,1.50,captured,PO-0903,order:CL-0206
PAY-00161,CL-0207,2026-09-03,29.16,1.15,captured,PO-0903,order:CL-0207
PAY-00162,CL-0210,2026-09-03,92.88,2.99,captured,PO-0903,order:CL-0210
PAY-00163,CL-0211,2026-09-03,85.59,2.78,captured,PO-0903,order:CL-0211
PAY-00164,CL-0212,2026-09-03,49.95,1.75,captured,PO-0903,order:CL-0212
PAY-00165,CL-0215,2026-09-03,22.68,0.96,captured,PO-0903,order:CL-0215
PAY-00166,CL-0216,2026-09-03,48.60,1.71,captured,PO-0903,order:CL-0216
PAY-00167,CL-0217,2026-09-03,38.88,1.43,captured,PO-0903,order:CL-0217
PAY-00168,CL-0218,2026-09-03,9.72,0.58,captured,PO-0903,order:CL-0218
PAY-00169,CL-0219,2026-09-03,29.16,1.15,captured,PO-0903,order:CL-0219
PAY-00170,CL-0220,2026-09-03,90.45,2.92,captured,PO-0903,order:CL-0220
PAY-00171,CL-0222,2026-09-03,34.56,1.30,captured,PO-0903,order:CL-0222
PAY-00172,CL-0223,2026-09-03,79.92,2.62,captured,PO-0903,order:CL-0223
PAY-00173,CL-0224,2026-09-03,80.19,2.63,captured,PO-0903,order:CL-0224
PAY-00174,CL-0225,2026-09-03,29.16,1.15,captured,PO-0903,order:CL-0225
PAY-00175,CL-0227,2026-09-03,45.09,1.61,captured,PO-0903,order:CL-0227
PAY-00176,CL-0228,2026-09-03,11.34,0.63,captured,PO-0903,order:CL-0228
PAY-00177,CL-0229,2026-09-03,89.64,2.90,captured,PO-0903,order:CL-0229
PAY-00178,CL-0230,2026-09-03,106.92,3.40,captured,PO-0903,order:CL-0230
PAY-00179,CL-0232,2026-09-03,45.36,1.62,captured,PO-0903,order:CL-0232
PAY-00180,CL-0236,2026-09-03,10.80,0.61,captured,PO-0903,order:CL-0236
PAY-00181,CL-0237,2026-09-04,51.84,1.80,captured,PO-0904,order:CL-0237
PAY-00182,CL-0238,2026-09-04,10.53,0.61,captured,PO-0904,order:CL-0238
PAY-00183,CL-0239,2026-09-04,38.88,1.43,captured,PO-0904,order:CL-0239
PAY-00184,CL-0241,2026-09-04,51.03,1.78,captured,PO-0904,order:CL-0241
PAY-00185,CL-0242,2026-09-04,19.44,0.86,captured,PO-0904,order:CL-0242
PAY-00186,CL-0243,2026-09-04,9.72,0.58,captured,PO-0904,order:CL-0243
PAY-00187,CL-0245,2026-09-04,106.92,3.40,captured,PO-0904,order:CL-0245
PAY-00188,CL-0246,2026-09-04,73.44,2.43,captured,PO-0904,order:CL-0246
PAY-00189,CL-0247,2026-09-04,45.36,1.62,captured,PO-0904,order:CL-0247
PAY-00190,CL-0249,2026-09-04,47.52,1.68,captured,PO-0904,order:CL-0249
PAY-00191,CL-0251,2026-09-04,73.44,2.43,captured,PO-0904,order:CL-0251
PAY-00192,CL-0252,2026-09-04,88.02,2.85,captured,PO-0904,order:CL-0252
PAY-00193,CL-0253,2026-09-04,108.00,3.43,captured,PO-0904,order:CL-0253
PAY-00194,CL-0254,2026-09-04,45.36,1.62,captured,PO-0904,order:CL-0254
PAY-00195,CL-0255,2026-09-04,101.25,3.24,captured,PO-0904,order:CL-0255
PAY-00196,CL-0256,2026-09-04,19.44,0.86,captured,PO-0904,order:CL-0256
PAY-00197,CL-0257,2026-09-04,67.23,2.25,captured,PO-0904,order:CL-0257
PAY-00198,CL-0259,2026-09-04,16.47,0.78,captured,PO-0904,order:CL-0259
PAY-00199,CL-0261,2026-09-04,71.82,2.38,captured,PO-0904,order:CL-0261
PAY-00200,CL-0263,2026-09-04,96.12,3.09,captured,PO-0904,order:CL-0263
PAY-00201,CL-0264,2026-09-04,61.56,2.09,captured,PO-0904,order:CL-0264
PAY-00202,CL-0266,2026-09-04,49.41,1.73,captured,PO-0904,order:CL-0266
PAY-00203,CL-0269,2026-09-04,154.44,4.78,captured,PO-0904,order:CL-0269
PAY-00204,CL-0270,2026-09-04,34.56,1.30,captured,PO-0904,order:CL-0270
PAY-00205,CL-0272,2026-09-04,80.19,2.63,captured,PO-0904,order:CL-0272
PAY-00206,CL-0273,2026-09-04,60.21,2.05,captured,PO-0904,order:CL-0273
PAY-00207,CL-0274,2026-09-04,93.96,3.02,captured,PO-0904,order:CL-0274
PAY-00208,CL-0276,2026-09-04,34.56,1.30,captured,PO-0904,order:CL-0276
PAY-00209,CL-0277,2026-09-04,85.86,2.79,captured,PO-0904,order:CL-0277
PAY-00210,CL-0279,2026-09-04,129.60,4.06,captured,PO-0904,order:CL-0279
PAY-00211,CL-0280,2026-09-04,12.96,0.68,captured,PO-0904,order:CL-0280
PAY-00212,CL-0281,2026-09-04,97.20,3.12,captured,PO-0904,order:CL-0281
PAY-00213,CL-0282,2026-09-04,45.36,1.62,captured,PO-0904,order:CL-0282
PAY-00214,CL-0285,2026-09-04,71.01,2.36,captured,PO-0904,order:CL-0285
PAY-00215,CL-0286,2026-09-04,63.72,2.15,captured,PO-0904,order:CL-0286
PAY-00216,CL-0287,2026-09-04,54.81,1.89,captured,PO-0904,order:CL-0287
PAY-00217,CL-0288,2026-09-04,34.56,1.30,captured,PO-0904,order:CL-0288
PAY-00218,CL-0289,2026-09-04,81.54,2.66,captured,PO-0904,order:CL-0289
PAY-00219,CL-0290,2026-09-04,110.16,3.49,captured,PO-0904,order:CL-0290
PAY-00220,CL-0291,2026-09-04,106.92,3.40,captured,PO-0904,order:CL-0291
PAY-00221,CL-0292,2026-09-04,19.98,0.88,captured,PO-0904,order:CL-0292
PAY-00222,CL-0293,2026-09-04,71.28,2.37,captured,PO-0904,order:CL-0293
PAY-00223,CL-0294,2026-09-04,55.89,1.92,captured,PO-0904,order:CL-0294
PAY-00224,CL-0295,2026-09-04,61.56,2.09,captured,PO-0904,order:CL-0295
PAY-00225,CL-0296,2026-09-04,104.22,3.32,captured,PO-0904,order:CL-0296
PAY-00226,CL-0297,2026-09-04,70.47,2.34,captured,PO-0904,order:CL-0297
PAY-00227,CL-0299,2026-09-04,51.84,1.80,captured,PO-0904,order:CL-0299
PAY-00228,CL-0301,2026-09-04,89.91,2.91,captured,PO-0904,order:CL-0301
PAY-00229,CL-0302,2026-09-04,73.44,2.43,captured,PO-0904,order:CL-0302
PAY-00230,CL-0303,2026-09-04,8.10,0.53,captured,PO-0904,order:CL-0303
PAY-00231,CL-0304,2026-09-04,141.48,4.40,captured,PO-0904,order:CL-0304
PAY-00232,CL-0305,2026-09-04,18.36,0.83,captured,PO-0904,order:CL-0305
PAY-00233,CL-0306,2026-09-04,57.24,1.96,captured,PO-0904,order:CL-0306
PAY-00234,CL-0307,2026-09-04,25.92,1.05,captured,PO-0904,order:CL-0307
PAY-00235,CL-0308,2026-09-04,8.10,0.53,captured,PO-0904,order:CL-0308
PAY-00236,CL-0309,2026-09-04,126.36,3.96,captured,PO-0904,order:CL-0309
PAY-00237,CL-0310,2026-09-04,64.80,2.18,captured,PO-0904,order:CL-0310
PAY-00238,CL-0311,2026-09-04,112.32,3.56,captured,PO-0904,order:CL-0311
PAY-00239,CL-0312,2026-09-04,62.37,2.11,captured,PO-0904,order:CL-0312
PAY-00240,CL-0314,2026-09-04,45.36,1.62,captured,PO-0904,order:CL-0314
PAY-00241,CL-0315,2026-09-04,19.44,0.86,captured,PO-0904,order:CL-0315
PAY-00242,CL-0317,2026-09-04,34.56,1.30,captured,PO-0904,order:CL-0317
PAY-00243,CL-0318,2026-09-04,34.56,1.30,captured,PO-0904,order:CL-0318
PAY-00244,CL-0319,2026-09-04,26.73,1.08,captured,PO-0904,order:CL-0319
PAY-00245,CL-0320,2026-09-04,16.47,0.78,captured,PO-0904,order:CL-0320
PAY-00246,CL-0321,2026-09-05,86.40,2.81,captured,PO-0905,order:CL-0321
PAY-00247,CL-0323,2026-09-05,47.52,1.68,captured,PO-0905,order:CL-0323
PAY-00248,CL-0324,2026-09-05,58.32,1.99,captured,PO-0905,order:CL-0324
PAY-00249,CL-0325,2026-09-05,70.20,2.34,captured,PO-0905,order:CL-0325
PAY-00250,CL-0326,2026-09-05,42.39,1.53,captured,PO-0905,order:CL-0326
PAY-00251,CL-0327,2026-09-05,19.44,0.86,captured,PO-0905,order:CL-0327
PAY-00252,CL-0328,2026-09-05,113.40,3.59,captured,PO-0905,order:CL-0328
PAY-00253,CL-0329,2026-09-05,5.40,0.46,captured,PO-0905,order:CL-0329
PAY-00254,CL-0330,2026-09-05,38.88,1.43,captured,PO-0905,order:CL-0330
PAY-00255,CL-0331,2026-09-05,8.10,0.53,captured,PO-0905,order:CL-0331
PAY-00256,CL-0332,2026-09-05,45.36,1.62,captured,PO-0905,order:CL-0332
PAY-00257,CL-0333,2026-09-05,16.20,0.77,captured,PO-0905,order:CL-0333
PAY-00258,CL-0334,2026-09-05,34.56,1.30,captured,PO-0905,order:CL-0334
PAY-00259,CL-0337,2026-09-05,8.91,0.56,captured,PO-0905,order:CL-0337
PAY-00260,CL-0340,2026-09-05,51.84,1.80,captured,PO-0905,order:CL-0340
PAY-00261,CL-0341,2026-09-05,92.88,2.99,captured,PO-0905,order:CL-0341
PAY-00262,CL-0342,2026-09-05,51.84,1.80,captured,PO-0905,order:CL-0342
PAY-00263,CL-0343,2026-09-05,76.95,2.53,captured,PO-0905,order:CL-0343
PAY-00264,CL-0344,2026-09-05,73.44,2.43,captured,PO-0905,order:CL-0344
PAY-00265,CL-0345,2026-09-05,87.48,2.84,captured,PO-0905,order:CL-0345
PAY-00266,CL-0347,2026-09-05,55.89,1.92,captured,PO-0905,order:CL-0347
PAY-00267,CL-0348,2026-09-05,103.68,3.31,captured,PO-0905,order:CL-0348
PAY-00268,CL-0351,2026-09-05,10.80,0.61,captured,PO-0905,order:CL-0351
PAY-00269,CL-0352,2026-09-05,11.47,0.63,captured,PO-0905,order:CL-0352
PAY-00270,CL-0354,2026-09-05,84.24,2.74,captured,PO-0905,order:CL-0354
PAY-00271,CL-0355,2026-09-05,13.77,0.70,captured,PO-0905,order:CL-0355
PAY-00272,CL-0356,2026-09-05,90.72,2.93,captured,PO-0905,order:CL-0356
PAY-00273,CL-0357,2026-09-05,81.00,2.65,captured,PO-0905,order:CL-0357
PAY-00274,CL-0358,2026-09-05,3.51,0.40,captured,PO-0905,order:CL-0358
PAY-00275,CL-0359,2026-09-05,51.03,1.78,captured,PO-0905,order:CL-0359
PAY-00276,CL-0361,2026-09-05,66.42,2.23,captured,PO-0905,order:CL-0361
PAY-00277,CL-0362,2026-09-05,25.92,1.05,captured,PO-0905,order:CL-0362
PAY-00278,CL-0363,2026-09-05,51.84,1.80,captured,PO-0905,order:CL-0363
PAY-00279,CL-0364,2026-09-05,71.55,2.37,captured,PO-0905,order:CL-0364
PAY-00280,CL-0365,2026-09-05,51.84,1.80,captured,PO-0905,order:CL-0365
PAY-00281,CL-0366,2026-09-05,34.56,1.30,captured,PO-0905,order:CL-0366
PAY-00282,CL-0367,2026-09-05,55.08,1.90,captured,PO-0905,order:CL-0367
PAY-00283,CL-0368,2026-09-05,17.01,0.79,captured,PO-0905,order:CL-0368
PAY-00284,CL-0370,2026-09-05,12.96,0.68,captured,PO-0905,order:CL-0370
PAY-00285,CL-0371,2026-09-05,58.32,1.99,captured,PO-0905,order:CL-0371
PAY-00286,CL-0372,2026-09-05,19.44,0.86,captured,PO-0905,order:CL-0372
PAY-00287,CL-0374,2026-09-05,90.45,2.92,captured,PO-0905,order:CL-0374
PAY-00288,CL-0375,2026-09-05,4.05,0.42,captured,PO-0905,order:CL-0375
PAY-00289,CL-0376,2026-09-05,66.96,2.24,captured,PO-0905,order:CL-0376
PAY-00290,CL-0377,2026-09-05,106.65,3.39,captured,PO-0905,order:CL-0377
PAY-00291,CL-0378,2026-09-05,115.02,3.64,captured,PO-0905,order:CL-0378
PAY-00292,CL-0379,2026-09-05,5.40,0.46,captured,PO-0905,order:CL-0379
PAY-00293,CL-0380,2026-09-05,126.36,3.96,captured,PO-0905,order:CL-0380
PAY-00294,CL-0383,2026-09-05,10.80,0.61,captured,PO-0905,order:CL-0383
PAY-00295,CL-0384,2026-09-05,34.56,1.30,captured,PO-0905,order:CL-0384
PAY-00296,CL-0385,2026-09-05,46.71,1.65,captured,PO-0905,order:CL-0385
PAY-00297,CL-0386,2026-09-05,9.72,0.58,captured,PO-0905,order:CL-0386
PAY-00298,CL-0388,2026-09-05,8.10,0.53,captured,PO-0905,order:CL-0388
PAY-00299,CL-0389,2026-09-05,84.24,2.74,captured,PO-0905,order:CL-0389
PAY-00300,CL-0391,2026-09-05,72.09,2.39,captured,PO-0905,order:CL-0391
PAY-00301,CL-0392,2026-09-05,51.84,1.80,captured,PO-0905,order:CL-0392
PAY-00302,CL-0393,2026-09-05,100.98,3.23,captured,PO-0905,order:CL-0393
PAY-00303,CL-0394,2026-09-05,32.94,1.26,captured,PO-0905,order:CL-0394
PAY-00304,CL-0395,2026-09-05,62.37,2.11,captured,PO-0905,order:CL-0395
PAY-00305,CL-0396,2026-09-05,38.07,1.40,captured,PO-0905,order:CL-0396
PAY-00306,CL-0397,2026-09-05,103.68,3.31,captured,PO-0905,order:CL-0397
PAY-00307,CL-0398,2026-09-05,19.44,0.86,captured,PO-0905,order:CL-0398
PAY-00308,CL-0399,2026-09-05,12.96,0.68,captured,PO-0905,order:CL-0399
PAY-00309,CL-0400,2026-09-05,138.24,4.31,captured,PO-0905,order:CL-0400
PAY-00310,CL-0401,2026-09-05,10.53,0.61,captured,PO-0905,order:CL-0401
PAY-00311,CL-0402,2026-09-05,57.24,1.96,captured,PO-0905,order:CL-0402
PAY-00312,CL-0403,2026-09-05,7.02,0.50,captured,PO-0905,order:CL-0403
PAY-00313,CL-0406,2026-09-06,68.04,2.27,captured,PO-0906,order:CL-0406
PAY-00314,CL-0407,2026-09-06,4.05,0.42,captured,PO-0906,order:CL-0407
PAY-00315,CL-0408,2026-09-06,119.88,3.78,captured,PO-0906,order:CL-0408
PAY-00316,CL-0409,2026-09-06,84.24,2.74,captured,PO-0906,order:CL-0409
PAY-00317,CL-0411,2026-09-06,19.44,0.86,captured,PO-0906,order:CL-0411
PAY-00318,CL-0412,2026-09-06,103.41,3.30,captured,PO-0906,order:CL-0412
PAY-00319,CL-0413,2026-09-06,44.55,1.59,captured,PO-0906,order:CL-0413
PAY-00320,CL-0416,2026-09-06,34.56,1.30,captured,PO-0906,order:CL-0416
PAY-00321,CL-0417,2026-09-06,63.99,2.16,captured,PO-0906,order:CL-0417
PAY-00322,CL-0418,2026-09-06,61.83,2.09,captured,PO-0906,order:CL-0418
PAY-00323,CL-0420,2026-09-06,39.96,1.46,captured,PO-0906,order:CL-0420
PAY-00324,CL-0421,2026-09-06,136.08,4.25,captured,PO-0906,order:CL-0421
PAY-00325,CL-0422,2026-09-06,50.22,1.76,captured,PO-0906,order:CL-0422
PAY-00326,CL-0423,2026-09-06,10.53,0.61,captured,PO-0906,order:CL-0423
PAY-00327,CL-0424,2026-09-06,4.05,0.42,captured,PO-0906,order:CL-0424
PAY-00328,CL-0426,2026-09-06,58.32,1.99,captured,PO-0906,order:CL-0426
PAY-00329,CL-0429,2026-09-06,87.48,2.84,captured,PO-0906,order:CL-0429
PAY-00330,CL-0430,2026-09-06,51.84,1.80,captured,PO-0906,order:CL-0430
PAY-00331,CL-0431,2026-09-06,81.00,2.65,captured,PO-0906,order:CL-0431
PAY-00332,CL-0432,2026-09-06,71.28,2.37,captured,PO-0906,order:CL-0432
PAY-00333,CL-0433,2026-09-06,42.66,1.54,captured,PO-0906,order:CL-0433
PAY-00334,CL-0434,2026-09-06,38.88,1.43,captured,PO-0906,order:CL-0434
PAY-00335,CL-0435,2026-09-06,75.60,2.49,captured,PO-0906,order:CL-0435
PAY-00336,CL-0436,2026-09-06,72.09,2.39,captured,PO-0906,order:CL-0436
PAY-00337,CL-0437,2026-09-06,23.22,0.97,captured,PO-0906,order:CL-0437
PAY-00338,CL-0438,2026-09-06,48.60,1.71,captured,PO-0906,order:CL-0438
PAY-00339,CL-0440,2026-09-06,31.59,1.22,captured,PO-0906,order:CL-0440
PAY-00340,CL-0441,2026-09-06,51.84,1.80,captured,PO-0906,order:CL-0441
PAY-00341,CL-0442,2026-09-06,9.72,0.58,captured,PO-0906,order:CL-0442
PAY-00342,CL-0443,2026-09-06,52.65,1.83,captured,PO-0906,order:CL-0443
PAY-00343,CL-0444,2026-09-06,89.64,2.90,captured,PO-0906,order:CL-0444
PAY-00344,CL-0445,2026-09-06,57.24,1.96,captured,PO-0906,order:CL-0445
PAY-00345,CL-0447,2026-09-06,26.46,1.07,captured,PO-0906,order:CL-0447
PAY-00346,CL-0448,2026-09-06,51.84,1.80,captured,PO-0906,order:CL-0448
PAY-00347,CL-0450,2026-09-06,10.53,0.61,captured,PO-0906,order:CL-0450
PAY-00348,CL-0451,2026-09-06,92.88,2.99,captured,PO-0906,order:CL-0451
PAY-00349,CL-0452,2026-09-06,44.28,1.58,captured,PO-0906,order:CL-0452
PAY-00350,CL-0454,2026-09-06,9.72,0.58,captured,PO-0906,order:CL-0454
PAY-00351,CL-0455,2026-09-06,110.16,3.49,captured,PO-0906,order:CL-0455
PAY-00352,CL-0457,2026-09-06,45.63,1.62,captured,PO-0906,order:CL-0457
PAY-00353,CL-0458,2026-09-06,51.84,1.80,captured,PO-0906,order:CL-0458
PAY-00354,CL-0459,2026-09-06,58.32,1.99,captured,PO-0906,order:CL-0459
PAY-00355,CL-0461,2026-09-06,92.88,2.99,captured,PO-0906,order:CL-0461
PAY-00356,CL-0462,2026-09-06,51.03,1.78,captured,PO-0906,order:CL-0462
PAY-00357,CL-0464,2026-09-06,55.08,1.90,captured,PO-0906,order:CL-0464
PAY-00358,CL-0465,2026-09-06,22.68,0.96,captured,PO-0906,order:CL-0465
PAY-00359,CL-0467,2026-09-06,91.53,2.95,captured,PO-0906,order:CL-0467
PAY-00360,CL-0468,2026-09-06,18.36,0.83,captured,PO-0906,order:CL-0468
PAY-00361,CL-0469,2026-09-06,26.46,1.07,captured,PO-0906,order:CL-0469
PAY-00362,CL-0470,2026-09-06,34.56,1.30,captured,PO-0906,order:CL-0470
PAY-00363,CL-0471,2026-09-06,122.04,3.84,captured,PO-0906,order:CL-0471
PAY-00364,CL-0473,2026-09-06,31.32,1.21,captured,PO-0906,order:CL-0473
PAY-00365,CL-0474,2026-09-06,31.59,1.22,captured,PO-0906,order:CL-0474
PAY-00366,CL-0475,2026-09-06,83.16,2.71,captured,PO-0906,order:CL-0475
PAY-00367,CL-0476,2026-09-06,8.10,0.53,captured,PO-0906,order:CL-0476
PAY-00368,CL-0477,2026-09-06,57.78,1.98,captured,PO-0906,order:CL-0477
PAY-00369,CL-0478,2026-09-06,45.36,1.62,captured,PO-0906,order:CL-0478
PAY-00370,CL-0479,2026-09-06,51.84,1.80,captured,PO-0906,order:CL-0479
PAY-00371,CL-0480,2026-09-08,19.17,0.86,captured,PO-0908,order:CL-0480
PAY-00372,CL-0481,2026-09-08,19.44,0.86,captured,PO-0908,order:CL-0481
PAY-00373,CL-0482,2026-09-08,54.00,1.87,captured,PO-0908,order:CL-0482
PAY-00374,CL-0483,2026-09-08,110.16,3.49,captured,PO-0908,order:CL-0483
PAY-00375,CL-0484,2026-09-08,30.78,1.19,captured,PO-0908,order:CL-0484
PAY-00376,CL-0485,2026-09-08,15.66,0.75,captured,PO-0908,order:CL-0485
PAY-00377,CL-0486,2026-09-08,98.55,3.16,captured,PO-0908,order:CL-0486
PAY-00378,CL-0487,2026-09-08,47.52,1.68,captured,PO-0908,order:CL-0487
PAY-00379,CL-0489,2026-09-08,49.41,1.73,captured,PO-0908,order:CL-0489
PAY-00380,CL-0491,2026-09-08,13.23,0.68,captured,PO-0908,order:CL-0491
PAY-00381,CL-0494,2026-09-08,75.06,2.48,captured,PO-0908,order:CL-0494
PAY-00382,CL-0495,2026-09-08,69.12,2.30,captured,PO-0908,order:CL-0495
PAY-00383,CL-0496,2026-09-08,3.51,0.40,captured,PO-0908,order:CL-0496
PAY-00384,CL-0497,2026-09-08,114.75,3.63,captured,PO-0908,order:CL-0497
PAY-00385,CL-0498,2026-09-08,51.84,1.80,captured,PO-0908,order:CL-0498
PAY-00386,CL-0499,2026-09-08,34.56,1.30,captured,PO-0908,order:CL-0499
PAY-00387,CL-0501,2026-09-08,74.52,2.46,captured,PO-0908,order:CL-0501
PAY-00388,CL-0502,2026-09-08,51.84,1.80,captured,PO-0908,order:CL-0502
PAY-00389,CL-0504,2026-09-08,38.88,1.43,captured,PO-0908,order:CL-0504
PAY-00390,CL-0505,2026-09-08,71.28,2.37,captured,PO-0908,order:CL-0505
PAY-00391,CL-0507,2026-09-08,77.76,2.56,captured,PO-0908,order:CL-0507
PAY-00392,CL-0508,2026-09-08,64.80,2.18,captured,PO-0908,order:CL-0508
PAY-00393,CL-0509,2026-09-08,12.15,0.65,captured,PO-0908,order:CL-0509
PAY-00394,CL-0510,2026-09-08,19.44,0.86,captured,PO-0908,order:CL-0510
PAY-00395,CL-0512,2026-09-08,29.16,1.15,captured,PO-0908,order:CL-0512
PAY-00396,CL-0514,2026-09-08,29.16,1.15,captured,PO-0908,order:CL-0514
PAY-00397,CL-0516,2026-09-08,25.92,1.05,captured,PO-0908,order:CL-0516
PAY-00398,CL-0517,2026-09-08,82.08,2.68,captured,PO-0908,order:CL-0517
PAY-00399,CL-0519,2026-09-08,8.10,0.53,captured,PO-0908,order:CL-0519
PAY-00400,CL-0520,2026-09-08,106.11,3.38,captured,PO-0908,order:CL-0520
PAY-00401,CL-0521,2026-09-08,63.99,2.16,captured,PO-0908,order:CL-0521
PAY-00402,CL-0522,2026-09-08,93.96,3.02,captured,PO-0908,order:CL-0522
PAY-00403,CL-0523,2026-09-08,73.44,2.43,captured,PO-0908,order:CL-0523
PAY-00404,CL-0524,2026-09-08,19.44,0.86,captured,PO-0908,order:CL-0524
PAY-00405,CL-0525,2026-09-08,106.92,3.40,captured,PO-0908,order:CL-0525
PAY-00406,CL-0526,2026-09-08,77.76,2.56,captured,PO-0908,order:CL-0526
PAY-00407,CL-0527,2026-09-08,7.60,0.52,captured,PO-0908,order:CL-0527
PAY-00408,CL-0528,2026-09-08,116.64,3.68,captured,PO-0908,order:CL-0528
PAY-00409,CL-0530,2026-09-08,37.26,1.38,captured,PO-0908,order:CL-0530
PAY-00410,CL-0531,2026-09-08,58.86,2.01,captured,PO-0908,order:CL-0531
PAY-00411,CL-0532,2026-09-08,16.20,0.77,captured,PO-0908,order:CL-0532
PAY-00412,CL-0533,2026-09-08,26.73,1.08,captured,PO-0908,order:CL-0533
PAY-00413,CL-0534,2026-09-08,100.71,3.22,captured,PO-0908,order:CL-0534
PAY-00414,CL-0535,2026-09-08,19.44,0.86,captured,PO-0908,order:CL-0535
PAY-00415,CL-0536,2026-09-08,19.44,0.86,captured,PO-0908,order:CL-0536
PAY-00416,CL-0538,2026-09-08,73.44,2.43,captured,PO-0908,order:CL-0538
PAY-00417,CL-0539,2026-09-08,68.04,2.27,captured,PO-0908,order:CL-0539
PAY-00418,CL-0540,2026-09-08,55.35,1.91,captured,PO-0908,order:CL-0540
PAY-00419,CL-0541,2026-09-08,25.92,1.05,captured,PO-0908,order:CL-0541
PAY-00420,CL-0542,2026-09-08,78.84,2.59,captured,PO-0908,order:CL-0542
PAY-00421,CL-0543,2026-09-08,23.49,0.98,captured,PO-0908,order:CL-0543
PAY-00422,CL-0546,2026-09-08,19.44,0.86,captured,PO-0908,order:CL-0546
PAY-00423,CL-0547,2026-09-08,70.20,2.34,captured,PO-0908,order:CL-0547
PAY-00424,CL-0548,2026-09-08,45.36,1.62,captured,PO-0908,order:CL-0548
PAY-00425,CL-0549,2026-09-08,12.15,0.65,captured,PO-0908,order:CL-0549
PAY-00426,CL-0550,2026-09-08,39.96,1.46,captured,PO-0908,order:CL-0550
PAY-00427,CL-0551,2026-09-08,3.51,0.40,captured,PO-0908,order:CL-0551
PAY-00428,CL-0553,2026-09-08,10.53,0.61,captured,PO-0908,order:CL-0553
PAY-00429,CL-0554,2026-09-08,51.84,1.80,captured,PO-0908,order:CL-0554
PAY-00430,CL-0555,2026-09-08,25.92,1.05,captured,PO-0908,order:CL-0555
PAY-00431,CL-0557,2026-09-08,58.32,1.99,captured,PO-0908,order:CL-0557
PAY-00432,CL-0558,2026-09-08,48.87,1.72,captured,PO-0908,order:CL-0558
PAY-00433,CL-0559,2026-09-08,85.32,2.77,captured,PO-0908,order:CL-0559
PAY-00434,CL-0560,2026-09-08,77.22,2.54,captured,PO-0908,order:CL-0560
PAY-00435,CL-0562,2026-09-08,69.66,2.32,captured,PO-0908,order:CL-0562
PAY-00436,CL-0563,2026-09-08,42.93,1.54,captured,PO-0908,order:CL-0563
PAY-00437,CL-0564,2026-09-08,58.32,1.99,captured,PO-0908,order:CL-0564
PAY-00438,CL-0565,2026-09-08,42.12,1.52,captured,PO-0908,order:CL-0565
PAY-00439,CL-0566,2026-09-08,18.63,0.84,captured,PO-0908,order:CL-0566
PAY-00440,CL-0567,2026-09-09,24.84,1.02,captured,PO-0909,order:CL-0567
PAY-00441,CL-0568,2026-09-09,106.92,3.40,captured,PO-0909,order:CL-0568
PAY-00442,CL-0569,2026-09-09,34.02,1.29,captured,PO-0909,order:CL-0569
PAY-00443,CL-0570,2026-09-09,49.68,1.74,captured,PO-0909,order:CL-0570
PAY-00444,CL-0571,2026-09-09,85.59,2.78,captured,PO-0909,order:CL-0571
PAY-00445,CL-0572,2026-09-09,66.15,2.22,captured,PO-0909,order:CL-0572
PAY-00446,CL-0574,2026-09-09,3.51,0.40,captured,PO-0909,order:CL-0574
PAY-00447,CL-0575,2026-09-09,57.24,1.96,captured,PO-0909,order:CL-0575
PAY-00448,CL-0576,2026-09-09,3.51,0.40,captured,PO-0909,order:CL-0576
PAY-00449,CL-0579,2026-09-09,24.03,1.00,captured,PO-0909,order:CL-0579
PAY-00450,CL-0580,2026-09-09,34.56,1.30,captured,PO-0909,order:CL-0580
PAY-00451,CL-0581,2026-09-09,59.40,2.02,captured,PO-0909,order:CL-0581
PAY-00452,CL-0582,2026-09-09,76.68,2.52,captured,PO-0909,order:CL-0582
PAY-00453,CL-0583,2026-09-09,9.72,0.58,captured,PO-0909,order:CL-0583
PAY-00454,CL-0584,2026-09-09,54.00,1.87,captured,PO-0909,order:CL-0584
PAY-00455,CL-0585,2026-09-09,18.36,0.83,captured,PO-0909,order:CL-0585
PAY-00456,CL-0586,2026-09-09,25.92,1.05,captured,PO-0909,order:CL-0586
PAY-00457,CL-0587,2026-09-09,155.52,4.81,captured,PO-0909,order:CL-0587
PAY-00458,CL-0588,2026-09-09,46.71,1.65,captured,PO-0909,order:CL-0588
PAY-00459,CL-0589,2026-09-09,34.56,1.30,captured,PO-0909,order:CL-0589
PAY-00460,CL-0590,2026-09-09,43.74,1.57,captured,PO-0909,order:CL-0590
PAY-00461,CL-0591,2026-09-09,22.68,0.96,captured,PO-0909,order:CL-0591
PAY-00462,CL-0592,2026-09-09,74.52,2.46,captured,PO-0909,order:CL-0592
PAY-00463,CL-0593,2026-09-09,58.32,1.99,captured,PO-0909,order:CL-0593
PAY-00464,CL-0594,2026-09-09,54.00,1.87,captured,PO-0909,order:CL-0594
PAY-00465,CL-0596,2026-09-09,77.76,2.56,captured,PO-0909,order:CL-0596
PAY-00466,CL-0598,2026-09-09,81.54,2.66,captured,PO-0909,order:CL-0598
PAY-00467,CL-0599,2026-09-09,83.70,2.73,captured,PO-0909,order:CL-0599
PAY-00468,CL-0601,2026-09-09,102.60,3.28,captured,PO-0909,order:CL-0601
PAY-00469,CL-0602,2026-09-09,78.57,2.58,captured,PO-0909,order:CL-0602
PAY-00470,CL-0604,2026-09-09,58.32,1.99,captured,PO-0909,order:CL-0604
PAY-00471,CL-0605,2026-09-09,34.02,1.29,captured,PO-0909,order:CL-0605
PAY-00472,CL-0606,2026-09-09,38.88,1.43,captured,PO-0909,order:CL-0606
PAY-00473,CL-0607,2026-09-09,70.20,2.34,captured,PO-0909,order:CL-0607
PAY-00474,CL-0609,2026-09-09,112.32,3.56,captured,PO-0909,order:CL-0609
PAY-00475,CL-0610,2026-09-09,71.28,2.37,captured,PO-0909,order:CL-0610
PAY-00476,CL-0611,2026-09-09,10.80,0.61,captured,PO-0909,order:CL-0611
PAY-00477,CL-0612,2026-09-09,23.22,0.97,captured,PO-0909,order:CL-0612
PAY-00478,CL-0613,2026-09-09,45.36,1.62,captured,PO-0909,order:CL-0613
PAY-00479,CL-0614,2026-09-09,46.71,1.65,captured,PO-0909,order:CL-0614
PAY-00480,CL-0615,2026-09-09,90.72,2.93,captured,PO-0909,order:CL-0615
PAY-00481,CL-0616,2026-09-09,78.84,2.59,captured,PO-0909,order:CL-0616
PAY-00482,CL-0617,2026-09-09,42.66,1.54,captured,PO-0909,order:CL-0617
PAY-00483,CL-0618,2026-09-09,97.20,3.12,captured,PO-0909,order:CL-0618
PAY-00484,CL-0619,2026-09-09,4.05,0.42,captured,PO-0909,order:CL-0619
PAY-00485,CL-0620,2026-09-09,4.05,0.42,captured,PO-0909,order:CL-0620
PAY-00486,CL-0621,2026-09-09,53.19,1.84,captured,PO-0909,order:CL-0621
PAY-00487,CL-0622,2026-09-09,38.88,1.43,captured,PO-0909,order:CL-0622
PAY-00488,CL-0623,2026-09-09,44.28,1.58,captured,PO-0909,order:CL-0623
PAY-00489,CL-0624,2026-09-09,33.75,1.28,captured,PO-0909,order:CL-0624
PAY-00490,CL-0625,2026-09-09,103.68,3.31,captured,PO-0909,order:CL-0625
PAY-00491,CL-0626,2026-09-09,64.80,2.18,captured,PO-0909,order:CL-0626
PAY-00492,CL-0627,2026-09-09,4.05,0.42,captured,PO-0909,order:CL-0627
PAY-00493,CL-0629,2026-09-09,96.12,3.09,captured,PO-0909,order:CL-0629
PAY-00494,CL-0630,2026-09-09,45.36,1.62,captured,PO-0909,order:CL-0630
PAY-00495,CL-0631,2026-09-09,22.95,0.97,captured,PO-0909,order:CL-0631
PAY-00496,CL-0632,2026-09-09,65.34,2.19,captured,PO-0909,order:CL-0632
PAY-00497,CL-0633,2026-09-09,61.56,2.09,captured,PO-0909,order:CL-0633
PAY-00498,CL-0635,2026-09-09,75.06,2.48,captured,PO-0909,order:CL-0635
PAY-00499,CL-0636,2026-09-09,45.09,1.61,captured,PO-0909,order:CL-0636
PAY-00500,CL-0637,2026-09-09,102.60,3.28,captured,PO-0909,order:CL-0637
PAY-00501,CL-0639,2026-09-09,16.20,0.77,captured,PO-0909,order:CL-0639
PAY-00502,CL-0640,2026-09-09,86.40,2.81,captured,PO-0909,order:CL-0640
PAY-00503,CL-0642,2026-09-09,61.83,2.09,captured,PO-0909,order:CL-0642
PAY-00504,CL-0643,2026-09-09,23.22,0.97,captured,PO-0909,order:CL-0643
PAY-00505,CL-0644,2026-09-09,58.32,1.99,captured,PO-0909,order:CL-0644
PAY-00506,CL-0646,2026-09-09,26.73,1.08,captured,PO-0909,order:CL-0646
PAY-00507,CL-0647,2026-09-09,63.99,2.16,captured,PO-0909,order:CL-0647
PAY-00508,CL-0648,2026-09-09,21.06,0.91,captured,PO-0909,order:CL-0648
PAY-00509,CL-0649,2026-09-09,105.84,3.37,captured,PO-0909,order:CL-0649
PAY-00510,CL-0650,2026-09-10,42.66,1.54,captured,PO-0910,order:CL-0650
PAY-00511,CL-0651,2026-09-10,109.08,3.46,captured,PO-0910,order:CL-0651
PAY-00512,CL-0652,2026-09-10,112.32,3.56,captured,PO-0910,order:CL-0652
PAY-00513,CL-0653,2026-09-10,98.55,3.16,captured,PO-0910,order:CL-0653
PAY-00514,CL-0655,2026-09-10,30.51,1.18,captured,PO-0910,order:CL-0655
PAY-00515,CL-0657,2026-09-10,38.88,1.43,captured,PO-0910,order:CL-0657
PAY-00516,CL-0658,2026-09-10,87.48,2.84,captured,PO-0910,order:CL-0658
PAY-00517,CL-0661,2026-09-10,59.94,2.04,captured,PO-0910,order:CL-0661
PAY-00518,CL-0662,2026-09-10,96.39,3.10,captured,PO-0910,order:CL-0662
PAY-00519,CL-0663,2026-09-10,68.04,2.27,captured,PO-0910,order:CL-0663
PAY-00520,CL-0664,2026-09-10,126.36,3.96,captured,PO-0910,order:CL-0664
PAY-00521,CL-0665,2026-09-10,55.35,1.91,captured,PO-0910,order:CL-0665
PAY-00522,CL-0666,2026-09-10,76.14,2.51,captured,PO-0910,order:CL-0666
PAY-00523,CL-0667,2026-09-10,29.16,1.15,captured,PO-0910,order:CL-0667
PAY-00524,CL-0668,2026-09-10,42.39,1.53,captured,PO-0910,order:CL-0668
PAY-00525,CL-0669,2026-09-10,61.29,2.08,captured,PO-0910,order:CL-0669
PAY-00526,CL-0672,2026-09-10,102.60,6.28,captured,PO-0910,order:CL-0672
PAY-00527,CL-0673,2026-09-10,34.56,1.30,captured,PO-0910,order:CL-0673
PAY-00528,CL-0674,2026-09-10,126.36,3.96,captured,PO-0910,order:CL-0674
PAY-00529,CL-0676,2026-09-10,10.53,0.61,captured,PO-0910,order:CL-0676
PAY-00530,CL-0677,2026-09-10,46.71,1.65,captured,PO-0910,order:CL-0677
PAY-00531,CL-0678,2026-09-10,89.91,2.91,captured,PO-0910,order:CL-0678
PAY-00532,CL-0679,2026-09-10,86.40,2.81,captured,PO-0910,order:CL-0679
PAY-00533,CL-0680,2026-09-10,29.16,1.15,captured,PO-0910,order:CL-0680
PAY-00534,CL-0681,2026-09-10,54.00,1.87,captured,PO-0910,order:CL-0681
PAY-00535,CL-0682,2026-09-10,25.92,1.05,captured,PO-0910,order:CL-0682
PAY-00536,CL-0684,2026-09-10,51.84,1.80,captured,PO-0910,order:CL-0684
PAY-00537,CL-0685,2026-09-10,66.96,2.24,captured,PO-0910,order:CL-0685
PAY-00538,CL-0686,2026-09-10,68.04,2.27,captured,PO-0910,order:CL-0686
PAY-00539,CL-0688,2026-09-10,42.66,1.54,captured,PO-0910,order:CL-0688
PAY-00540,CL-0689,2026-09-10,34.56,1.30,captured,PO-0910,order:CL-0689
PAY-00541,CL-0690,2026-09-10,87.48,2.84,captured,PO-0910,order:CL-0690
PAY-00542,CL-0691,2026-09-10,32.40,1.24,captured,PO-0910,order:CL-0691
PAY-00543,CL-0693,2026-09-10,50.22,1.76,captured,PO-0910,order:CL-0693
PAY-00544,CL-0694,2026-09-10,47.79,1.69,captured,PO-0910,order:CL-0694
PAY-00545,CL-0695,2026-09-10,51.84,1.80,captured,PO-0910,order:CL-0695
PAY-00546,CL-0696,2026-09-10,58.32,1.99,captured,PO-0910,order:CL-0696
PAY-00547,CL-0698,2026-09-10,86.40,2.81,captured,PO-0910,order:CL-0698
PAY-00548,CL-0699,2026-09-10,36.72,1.36,captured,PO-0910,order:CL-0699
PAY-00549,CL-0700,2026-09-10,36.72,1.36,captured,PO-0910,order:CL-0700
PAY-00550,CL-0701,2026-09-10,46.71,1.65,captured,PO-0910,order:CL-0701
PAY-00551,CL-0702,2026-09-10,86.40,2.81,captured,PO-0910,order:CL-0702
PAY-00552,CL-0703,2026-09-10,73.44,2.43,captured,PO-0910,order:CL-0703
PAY-00553,CL-0704,2026-09-10,7.02,0.50,captured,PO-0910,order:CL-0704
PAY-00554,CL-0707,2026-09-10,22.95,0.97,captured,PO-0910,order:CL-0707
PAY-00555,CL-0708,2026-09-10,34.56,1.30,captured,PO-0910,order:CL-0708
PAY-00556,CL-0709,2026-09-10,36.18,1.35,captured,PO-0910,order:CL-0709
PAY-00557,CL-0710,2026-09-10,109.35,3.47,captured,PO-0910,order:CL-0710
PAY-00558,CL-0711,2026-09-10,101.25,3.24,captured,PO-0910,order:CL-0711
PAY-00559,CL-0712,2026-09-10,5.40,0.46,captured,PO-0910,order:CL-0712
PAY-00560,CL-0714,2026-09-10,47.25,1.67,captured,PO-0910,order:CL-0714
PAY-00561,CL-0717,2026-09-10,44.28,1.58,captured,PO-0910,order:CL-0717
PAY-00562,CL-0719,2026-09-10,61.56,2.09,captured,PO-0910,order:CL-0719
PAY-00563,CL-0722,2026-09-10,38.88,1.43,captured,PO-0910,order:CL-0722
PAY-00564,CL-0723,2026-09-10,51.84,1.80,captured,PO-0910,order:CL-0723
PAY-00565,CL-0724,2026-09-10,116.64,3.68,captured,PO-0910,order:CL-0724
PAY-00566,CL-0725,2026-09-10,149.04,4.62,captured,PO-0910,order:CL-0725
PAY-00567,CL-0727,2026-09-10,19.98,0.88,captured,PO-0910,order:CL-0727
PAY-00568,CL-0728,2026-09-10,10.53,0.61,captured,PO-0910,order:CL-0728
PAY-00569,CL-0729,2026-09-10,19.44,0.86,captured,PO-0910,order:CL-0729
PAY-00570,CL-0731,2026-09-10,132.03,4.13,captured,PO-0910,order:CL-0731
PAY-00571,CL-0732,2026-09-11,73.44,2.43,captured,PO-0911,order:CL-0732
PAY-00572,CL-0733,2026-09-11,63.72,2.15,captured,PO-0911,order:CL-0733
PAY-00573,CL-0735,2026-09-11,10.53,0.61,captured,PO-0911,order:CL-0735
PAY-00574,CL-0737,2026-09-11,62.10,2.10,captured,PO-0911,order:CL-0737
PAY-00575,CL-0738,2026-09-11,119.88,3.78,captured,PO-0911,order:CL-0738
PAY-00576,CL-0739,2026-09-11,24.30,1.00,captured,PO-0911,order:CL-0739
PAY-00577,CL-0740,2026-09-11,65.34,2.19,captured,PO-0911,order:CL-0740
PAY-00578,CL-0741,2026-09-11,45.63,1.62,captured,PO-0911,order:CL-0741
PAY-00579,CL-0742,2026-09-11,16.20,0.77,captured,PO-0911,order:CL-0742
PAY-00580,CL-0743,2026-09-11,58.32,1.99,captured,PO-0911,order:CL-0743
PAY-00581,CL-0744,2026-09-11,90.45,2.92,captured,PO-0911,order:CL-0744
PAY-00582,CL-0745,2026-09-11,70.47,2.34,captured,PO-0911,order:CL-0745
PAY-00583,CL-0746,2026-09-11,28.62,1.13,captured,PO-0911,order:CL-0746
PAY-00584,CL-0748,2026-09-11,9.72,0.58,captured,PO-0911,order:CL-0748
PAY-00585,CL-0750,2026-09-11,10.80,0.61,captured,PO-0911,order:CL-0750
PAY-00586,CL-0752,2026-09-11,58.32,1.99,captured,PO-0911,order:CL-0752
PAY-00587,CL-0755,2026-09-11,97.20,3.12,captured,PO-0911,order:CL-0755
PAY-00588,CL-0756,2026-09-11,38.88,1.43,captured,PO-0911,order:CL-0756
PAY-00589,CL-0758,2026-09-11,125.28,3.93,captured,PO-0911,order:CL-0758
PAY-00590,CL-0759,2026-09-11,125.28,3.93,captured,PO-0911,order:CL-0759
PAY-00591,CL-0761,2026-09-11,29.97,1.17,captured,PO-0911,order:CL-0761
PAY-00592,CL-0763,2026-09-11,120.96,3.81,captured,PO-0911,order:CL-0763
PAY-00593,CL-0764,2026-09-11,51.84,1.80,captured,PO-0911,order:CL-0764
PAY-00594,CL-0765,2026-09-11,136.08,4.25,captured,PO-0911,order:CL-0765
PAY-00595,CL-0767,2026-09-11,73.44,2.43,captured,PO-0911,order:CL-0767
PAY-00596,CL-0770,2026-09-11,51.84,1.80,captured,PO-0911,order:CL-0770
PAY-00597,CL-0771,2026-09-11,42.12,1.52,captured,PO-0911,order:CL-0771
PAY-00598,CL-0772,2026-09-11,71.55,2.37,captured,PO-0911,order:CL-0772
PAY-00599,CL-0773,2026-09-11,68.04,2.27,captured,PO-0911,order:CL-0773
PAY-00600,CL-0774,2026-09-11,96.39,3.10,captured,PO-0911,order:CL-0774
PAY-00601,CL-0776,2026-09-11,41.31,1.50,captured,PO-0911,order:CL-0776
PAY-00602,CL-0777,2026-09-11,8.10,0.53,captured,PO-0911,order:CL-0777
PAY-00603,CL-0779,2026-09-11,54.00,1.87,captured,PO-0911,order:CL-0779
PAY-00604,CL-0780,2026-09-11,49.41,1.73,captured,PO-0911,order:CL-0780
PAY-00605,CL-0781,2026-09-11,46.71,1.65,captured,PO-0911,order:CL-0781
PAY-00606,CL-0782,2026-09-11,16.47,0.78,captured,PO-0911,order:CL-0782
PAY-00607,CL-0784,2026-09-11,10.53,0.61,captured,PO-0911,order:CL-0784
PAY-00608,CL-0785,2026-09-11,84.24,2.74,captured,PO-0911,order:CL-0785
PAY-00609,CL-0786,2026-09-11,62.37,2.11,captured,PO-0911,order:CL-0786
PAY-00610,CL-0787,2026-09-11,19.44,0.86,captured,PO-0911,order:CL-0787
PAY-00611,CL-0788,2026-09-11,19.17,0.86,captured,PO-0911,order:CL-0788
PAY-00612,CL-0789,2026-09-11,73.44,2.43,captured,PO-0911,order:CL-0789
PAY-00613,CL-0790,2026-09-11,19.44,0.86,captured,PO-0911,order:CL-0790
PAY-00614,CL-0791,2026-09-11,5.40,0.46,captured,PO-0911,order:CL-0791
PAY-00615,CL-0792,2026-09-11,42.66,1.54,captured,PO-0911,order:CL-0792
PAY-00616,CL-0793,2026-09-11,38.88,1.43,captured,PO-0911,order:CL-0793
PAY-00617,CL-0794,2026-09-11,81.54,2.66,captured,PO-0911,order:CL-0794
PAY-00618,CL-0798,2026-09-11,63.72,2.15,captured,PO-0911,order:CL-0798
PAY-00619,CL-0800,2026-09-11,38.88,1.43,captured,PO-0911,order:CL-0800
PAY-00620,CL-0801,2026-09-11,19.44,0.86,captured,PO-0911,order:CL-0801
PAY-00621,CL-0802,2026-09-11,97.20,3.12,captured,PO-0911,order:CL-0802
PAY-00622,CL-0803,2026-09-11,42.12,1.52,captured,PO-0911,order:CL-0803
PAY-00623,CL-0804,2026-09-11,131.76,4.12,captured,PO-0911,order:CL-0804
PAY-00624,CL-0805,2026-09-11,73.17,2.42,captured,PO-0911,order:CL-0805
PAY-00625,CL-0806,2026-09-11,68.04,2.27,captured,PO-0911,order:CL-0806
PAY-00626,CL-0807,2026-09-11,3.51,0.40,captured,PO-0911,order:CL-0807
PAY-00627,CL-0808,2026-09-11,22.95,0.97,captured,PO-0911,order:CL-0808
PAY-00628,CL-0810,2026-09-11,51.84,1.80,captured,PO-0911,order:CL-0810
PAY-00629,CL-0811,2026-09-11,59.67,2.03,captured,PO-0911,order:CL-0811
PAY-00630,CL-0813,2026-09-12,73.44,2.43,captured,PO-0912,order:CL-0813
PAY-00631,CL-0815,2026-09-12,38.88,1.43,captured,PO-0912,order:CL-0815
PAY-00632,CL-0816,2026-09-12,10.80,0.61,captured,PO-0912,order:CL-0816
PAY-00633,CL-0817,2026-09-12,91.53,2.95,captured,PO-0912,order:CL-0817
PAY-00634,CL-0818,2026-09-12,38.88,1.43,captured,PO-0912,order:CL-0818
PAY-00635,CL-0820,2026-09-12,19.44,0.86,captured,PO-0912,order:CL-0820
PAY-00636,CL-0821,2026-09-12,29.16,1.15,captured,PO-0912,order:CL-0821
PAY-00637,CL-0822,2026-09-12,7.02,0.50,captured,PO-0912,order:CL-0822
PAY-00638,CL-0824,2026-09-12,21.87,0.93,captured,PO-0912,order:CL-0824
PAY-00639,CL-0825,2026-09-12,75.33,2.48,captured,PO-0912,order:CL-0825
PAY-00640,CL-0826,2026-09-12,76.68,2.52,captured,PO-0912,order:CL-0826
PAY-00641,CL-0827,2026-09-12,52.38,1.82,captured,PO-0912,order:CL-0827
PAY-00642,CL-0828,2026-09-12,119.88,3.78,captured,PO-0912,order:CL-0828
PAY-00643,CL-0829,2026-09-12,74.79,2.47,captured,PO-0912,order:CL-0829
PAY-00644,CL-0830,2026-09-12,52.65,1.83,captured,PO-0912,order:CL-0830
PAY-00645,CL-0831,2026-09-12,89.91,2.91,captured,PO-0912,order:CL-0831
PAY-00646,CL-0832,2026-09-12,32.40,1.24,captured,PO-0912,order:CL-0832
PAY-00647,CL-0834,2026-09-12,40.50,1.47,captured,PO-0912,order:CL-0834
PAY-00648,CL-0835,2026-09-12,51.84,1.80,captured,PO-0912,order:CL-0835
PAY-00649,CL-0836,2026-09-12,101.25,3.24,captured,PO-0912,order:CL-0836
PAY-00650,CL-0837,2026-09-12,12.96,0.68,captured,PO-0912,order:CL-0837
PAY-00651,CL-0838,2026-09-12,96.12,3.09,captured,PO-0912,order:CL-0838
PAY-00652,CL-0839,2026-09-12,97.20,3.12,captured,PO-0912,order:CL-0839
PAY-00653,CL-0840,2026-09-12,34.56,1.30,captured,PO-0912,order:CL-0840
PAY-00654,CL-0841,2026-09-12,22.68,0.96,captured,PO-0912,order:CL-0841
PAY-00655,CL-0842,2026-09-12,63.99,2.16,captured,PO-0912,order:CL-0842
PAY-00656,CL-0843,2026-09-12,126.36,3.96,captured,PO-0912,order:CL-0843
PAY-00657,CL-0844,2026-09-12,12.15,0.65,captured,PO-0912,order:CL-0844
PAY-00658,CL-0845,2026-09-12,51.84,1.80,captured,PO-0912,order:CL-0845
PAY-00659,CL-0847,2026-09-12,58.32,1.99,captured,PO-0912,order:CL-0847
PAY-00660,CL-0848,2026-09-12,62.91,2.12,captured,PO-0912,order:CL-0848
PAY-00661,CL-0849,2026-09-12,70.20,2.34,captured,PO-0912,order:CL-0849
PAY-00662,CL-0852,2026-09-12,78.84,2.59,captured,PO-0912,order:CL-0852
PAY-00663,CL-0853,2026-09-12,29.16,1.15,captured,PO-0912,order:CL-0853
PAY-00664,CL-0856,2026-09-12,38.88,1.43,captured,PO-0912,order:CL-0856
PAY-00665,CL-0857,2026-09-12,58.86,2.01,captured,PO-0912,order:CL-0857
PAY-00666,CL-0858,2026-09-12,25.92,1.05,captured,PO-0912,order:CL-0858
PAY-00667,CL-0859,2026-09-12,15.12,0.74,captured,PO-0912,order:CL-0859
PAY-00668,CL-0860,2026-09-12,14.85,0.73,captured,PO-0912,order:CL-0860
PAY-00669,CL-0861,2026-09-12,30.78,1.19,captured,PO-0912,order:CL-0861
PAY-00670,CL-0862,2026-09-12,80.19,2.63,captured,PO-0912,order:CL-0862
PAY-00671,CL-0863,2026-09-12,81.00,2.65,captured,PO-0912,order:CL-0863
PAY-00672,CL-0864,2026-09-12,81.00,2.65,captured,PO-0912,order:CL-0864
PAY-00673,CL-0867,2026-09-12,76.68,2.52,captured,PO-0912,order:CL-0867
PAY-00674,CL-0870,2026-09-12,44.28,1.58,captured,PO-0912,order:CL-0870
PAY-00675,CL-0871,2026-09-12,34.56,1.30,captured,PO-0912,order:CL-0871
PAY-00676,CL-0873,2026-09-12,35.64,1.33,captured,PO-0912,order:CL-0873
PAY-00677,CL-0874,2026-09-12,119.88,3.78,captured,PO-0912,order:CL-0874
PAY-00678,CL-0875,2026-09-12,75.87,2.50,captured,PO-0912,order:CL-0875
PAY-00679,CL-0876,2026-09-12,5.40,0.46,captured,PO-0912,order:CL-0876
PAY-00680,CL-0879,2026-09-12,15.12,0.74,captured,PO-0912,order:CL-0879
PAY-00681,CL-0880,2026-09-12,34.56,1.30,captured,PO-0912,order:CL-0880
PAY-00682,CL-0881,2026-09-13,71.82,2.38,captured,PO-0913,order:CL-0881
PAY-00683,CL-0882,2026-09-13,34.56,1.30,captured,PO-0913,order:CL-0882
PAY-00684,CL-0883,2026-09-13,73.44,2.43,captured,PO-0913,order:CL-0883
PAY-00685,CL-0884,2026-09-13,7.02,0.50,captured,PO-0913,order:CL-0884
PAY-00686,CL-0886,2026-09-13,109.35,3.47,captured,PO-0913,order:CL-0886
PAY-00687,CL-0887,2026-09-13,109.08,3.46,captured,PO-0913,order:CL-0887
PAY-00688,CL-0888,2026-09-13,86.40,2.81,captured,PO-0913,order:CL-0888
PAY-00689,CL-0889,2026-09-13,70.20,2.34,captured,PO-0913,order:CL-0889
PAY-00690,CL-0890,2026-09-13,34.56,1.30,captured,PO-0913,order:CL-0890
PAY-00691,CL-0891,2026-09-13,51.84,1.80,captured,PO-0913,order:CL-0891
PAY-00692,CL-0894,2026-09-13,29.16,1.15,captured,PO-0913,order:CL-0894
PAY-00693,CL-0895,2026-09-13,57.24,1.96,captured,PO-0913,order:CL-0895
PAY-00694,CL-0897,2026-09-13,116.64,3.68,captured,PO-0913,order:CL-0897
PAY-00695,CL-0898,2026-09-13,75.33,2.48,captured,PO-0913,order:CL-0898
PAY-00696,CL-0899,2026-09-13,38.07,1.40,captured,PO-0913,order:CL-0899
PAY-00697,CL-0900,2026-09-13,78.03,2.56,captured,PO-0913,order:CL-0900
PAY-00698,CL-0901,2026-09-13,7.02,0.50,captured,PO-0913,order:CL-0901
PAY-00699,CL-0903,2026-09-13,77.76,2.56,captured,PO-0913,order:CL-0903
PAY-00700,CL-0905,2026-09-13,60.75,2.06,captured,PO-0913,order:CL-0905
PAY-00701,CL-0906,2026-09-13,51.84,1.80,captured,PO-0913,order:CL-0906
PAY-00702,CL-0907,2026-09-13,42.12,1.52,captured,PO-0913,order:CL-0907
PAY-00703,CL-0908,2026-09-13,78.03,2.56,captured,PO-0913,order:CL-0908
PAY-00704,CL-0909,2026-09-13,106.11,3.38,captured,PO-0913,order:CL-0909
PAY-00705,CL-0910,2026-09-13,25.92,1.05,captured,PO-0913,order:CL-0910
PAY-00706,CL-0912,2026-09-13,119.88,3.78,captured,PO-0913,order:CL-0912
PAY-00707,CL-0913,2026-09-13,26.73,1.08,captured,PO-0913,order:CL-0913
PAY-00708,CL-0914,2026-09-13,58.86,2.01,captured,PO-0913,order:CL-0914
PAY-00709,CL-0915,2026-09-13,85.05,2.77,captured,PO-0913,order:CL-0915
PAY-00710,CL-0916,2026-09-13,131.76,4.12,captured,PO-0913,order:CL-0916
PAY-00711,CL-0917,2026-09-13,43.20,1.55,captured,PO-0913,order:CL-0917
PAY-00712,CL-0919,2026-09-13,42.93,1.54,captured,PO-0913,order:CL-0919
PAY-00713,CL-0920,2026-09-13,84.24,2.74,captured,PO-0913,order:CL-0920
PAY-00714,CL-0921,2026-09-13,38.88,1.43,captured,PO-0913,order:CL-0921
PAY-00715,CL-0922,2026-09-13,45.90,1.63,captured,PO-0913,order:CL-0922
PAY-00716,CL-0923,2026-09-13,51.84,1.80,captured,PO-0913,order:CL-0923
PAY-00717,CL-0925,2026-09-13,12.15,0.65,captured,PO-0913,order:CL-0925
PAY-00718,CL-0926,2026-09-13,63.72,2.15,captured,PO-0913,order:CL-0926
PAY-00719,CL-0928,2026-09-14,7.02,0.50,captured,PO-0914,order:CL-0928
PAY-00720,CL-0929,2026-09-13,38.88,1.43,captured,PO-0913,order:CL-0929
PAY-00721,CL-0930,2026-09-13,46.71,1.65,captured,PO-0913,order:CL-0930
PAY-00722,CL-0932,2026-09-13,68.04,2.27,captured,PO-0913,order:CL-0932
PAY-00723,CL-0933,2026-09-13,29.43,1.15,captured,PO-0913,order:CL-0933
PAY-00724,CL-0934,2026-09-13,22.68,0.96,captured,PO-0913,order:CL-0934
PAY-00725,CL-0935,2026-09-13,38.88,1.43,captured,PO-0913,order:CL-0935
PAY-00726,CL-0936,2026-09-13,49.68,1.74,captured,PO-0913,order:CL-0936
PAY-00727,CL-0937,2026-09-13,34.56,1.30,captured,PO-0913,order:CL-0937
PAY-00728,CL-0940,2026-09-13,106.65,3.39,captured,PO-0913,order:CL-0940
PAY-00729,CL-0941,2026-09-13,34.56,1.30,captured,PO-0913,order:CL-0941
PAY-00730,CL-0942,2026-09-13,72.36,2.40,captured,PO-0913,order:CL-0942
PAY-00731,CL-0944,2026-09-13,72.63,2.41,captured,PO-0913,order:CL-0944
PAY-00732,CL-0945,2026-09-13,14.58,0.72,captured,PO-0913,order:CL-0945
PAY-00733,CL-0946,2026-09-13,74.25,2.45,captured,PO-0913,order:CL-0946
PAY-00734,CL-0947,2026-09-13,75.06,2.48,captured,PO-0913,order:CL-0947
PAY-00735,CL-0948,2026-09-15,46.98,1.66,captured,PO-0915,order:CL-0948
PAY-00736,CL-0950,2026-09-15,25.92,1.05,captured,PO-0915,order:CL-0950
PAY-00737,CL-0951,2026-09-15,64.53,2.17,captured,PO-0915,order:CL-0951
PAY-00738,CL-0952,2026-09-15,92.88,2.99,captured,PO-0915,order:CL-0952
PAY-00739,CL-0953,2026-09-15,10.53,0.61,captured,PO-0915,order:CL-0953
PAY-00740,CL-0955,2026-09-15,34.56,1.30,captured,PO-0915,order:CL-0955
PAY-00741,CL-0956,2026-09-15,64.80,2.18,captured,PO-0915,order:CL-0956
PAY-00742,CL-0957,2026-09-15,49.68,1.74,captured,PO-0915,order:CL-0957
PAY-00743,CL-0960,2026-09-15,42.66,1.54,captured,PO-0915,order:CL-0960
PAY-00744,CL-0962,2026-09-15,51.84,1.80,captured,PO-0915,order:CL-0962
PAY-00745,CL-0963,2026-09-15,55.08,1.90,captured,PO-0915,order:CL-0963
PAY-00746,CL-0965,2026-09-15,70.47,2.34,captured,PO-0915,order:CL-0965
PAY-00747,CL-0967,2026-09-15,34.56,1.30,captured,PO-0915,order:CL-0967
PAY-00748,CL-0968,2026-09-15,132.03,4.13,captured,PO-0915,order:CL-0968
PAY-00749,CL-0969,2026-09-15,63.99,2.16,captured,PO-0915,order:CL-0969
PAY-00750,CL-0971,2026-09-15,76.14,2.51,captured,PO-0915,order:CL-0971
PAY-00751,CL-0974,2026-09-15,34.56,1.30,captured,PO-0915,order:CL-0974
PAY-00752,CL-0975,2026-09-15,3.51,0.40,captured,PO-0915,order:CL-0975
PAY-00753,CL-0976,2026-09-15,41.58,1.51,captured,PO-0915,order:CL-0976
PAY-00754,CL-0977,2026-09-15,75.06,2.48,captured,PO-0915,order:CL-0977
PAY-00755,CL-0978,2026-09-15,10.80,0.61,captured,PO-0915,order:CL-0978
PAY-00756,CL-0980,2026-09-15,14.85,0.73,captured,PO-0915,order:CL-0980
PAY-00757,CL-0981,2026-09-15,33.48,1.27,captured,PO-0915,order:CL-0981
PAY-00758,CL-0983,2026-09-15,38.07,1.40,captured,PO-0915,order:CL-0983
PAY-00759,CL-0984,2026-09-15,41.58,1.51,captured,PO-0915,order:CL-0984
PAY-00760,CL-0985,2026-09-15,79.92,2.62,captured,PO-0915,order:CL-0985
PAY-00761,CL-0986,2026-09-15,3.51,0.40,captured,PO-0915,order:CL-0986
PAY-00762,CL-0987,2026-09-15,92.88,2.99,captured,PO-0915,order:CL-0987
PAY-00763,CL-0989,2026-09-15,49.68,1.74,captured,PO-0915,order:CL-0989
PAY-00764,CL-0990,2026-09-15,90.72,2.93,captured,PO-0915,order:CL-0990
PAY-00765,CL-0991,2026-09-15,54.00,1.87,captured,PO-0915,order:CL-0991
PAY-00766,CL-0993,2026-09-15,104.22,3.32,captured,PO-0915,order:CL-0993
PAY-00767,CL-0995,2026-09-15,10.53,0.61,captured,PO-0915,order:CL-0995
PAY-00768,CL-0998,2026-09-15,34.56,1.30,captured,PO-0915,order:CL-0998
PAY-00769,CL-0999,2026-09-15,48.60,1.71,captured,PO-0915,order:CL-0999
PAY-00770,CL-1000,2026-09-15,34.56,1.30,captured,PO-0915,order:CL-1000
PAY-00771,CL-1001,2026-09-15,13.23,0.68,captured,PO-0915,order:CL-1001
PAY-00772,CL-1002,2026-09-15,38.88,1.43,captured,PO-0915,order:CL-1002
PAY-00773,CL-1003,2026-09-15,62.37,2.11,captured,PO-0915,order:CL-1003
PAY-00774,CL-1004,2026-09-15,12.96,0.68,captured,PO-0915,order:CL-1004
PAY-00775,CL-1005,2026-09-15,72.36,2.40,captured,PO-0915,order:CL-1005
PAY-00776,CL-1006,2026-09-15,38.61,1.42,captured,PO-0915,order:CL-1006
PAY-00777,CL-1007,2026-09-15,66.96,2.24,captured,PO-0915,order:CL-1007
PAY-00778,CL-1008,2026-09-15,4.05,0.42,captured,PO-0915,order:CL-1008
PAY-00779,CL-1009,2026-09-15,123.12,3.87,captured,PO-0915,order:CL-1009
PAY-00780,CL-1010,2026-09-15,34.56,1.30,captured,PO-0915,order:CL-1010
PAY-00781,CL-1011,2026-09-15,22.68,0.96,captured,PO-0915,order:CL-1011
PAY-00782,CL-1012,2026-09-15,32.40,1.24,captured,PO-0915,order:CL-1012
PAY-00783,CL-1014,2026-09-15,77.76,2.56,captured,PO-0915,order:CL-1014
PAY-00784,CL-1015,2026-09-15,33.21,1.26,captured,PO-0915,order:CL-1015
PAY-00785,CL-1016,2026-09-15,61.56,2.09,captured,PO-0915,order:CL-1016
PAY-00786,CL-1017,2026-09-15,10.80,0.61,captured,PO-0915,order:CL-1017
PAY-00787,CL-1018,2026-09-15,115.56,3.65,captured,PO-0915,order:CL-1018
PAY-00788,CL-1019,2026-09-15,92.88,2.99,captured,PO-0915,order:CL-1019
PAY-00789,CL-1020,2026-09-15,78.84,2.59,captured,PO-0915,order:CL-1020
PAY-00790,CL-1021,2026-09-15,82.08,2.68,captured,PO-0915,order:CL-1021
PAY-00791,CL-1022,2026-09-15,118.80,3.75,captured,PO-0915,order:CL-1022
PAY-00792,CL-1023,2026-09-15,35.37,1.33,captured,PO-0915,order:CL-1023
PAY-00793,CL-1024,2026-09-15,34.56,1.30,captured,PO-0915,order:CL-1024
PAY-00794,CL-1025,2026-09-15,55.35,1.91,captured,PO-0915,order:CL-1025
PAY-00795,CL-1026,2026-09-16,19.44,0.86,captured,PO-0916,order:CL-1026
PAY-00796,CL-1027,2026-09-16,89.10,2.88,captured,PO-0916,order:CL-1027
PAY-00797,CL-1028,2026-09-16,106.92,3.40,captured,PO-0916,order:CL-1028
PAY-00798,CL-1032,2026-09-16,32.40,1.24,captured,PO-0916,order:CL-1032
PAY-00799,CL-1034,2026-09-16,45.09,1.61,captured,PO-0916,order:CL-1034
PAY-00800,CL-1035,2026-09-16,38.88,1.43,captured,PO-0916,order:CL-1035
PAY-00801,CL-1036,2026-09-16,63.99,2.16,captured,PO-0916,order:CL-1036
PAY-00802,CL-1037,2026-09-16,68.04,2.27,captured,PO-0916,order:CL-1037
PAY-00803,CL-1038,2026-09-16,34.56,1.30,captured,PO-0916,order:CL-1038
PAY-00804,CL-1039,2026-09-16,25.92,1.05,captured,PO-0916,order:CL-1039
PAY-00805,CL-1040,2026-09-16,5.40,0.46,captured,PO-0916,order:CL-1040
PAY-00806,CL-1041,2026-09-16,49.41,1.73,captured,PO-0916,order:CL-1041
PAY-00807,CL-1043,2026-09-16,42.66,1.54,captured,PO-0916,order:CL-1043
PAY-00808,CL-1044,2026-09-16,87.48,2.84,captured,PO-0916,order:CL-1044
PAY-00809,CL-1045,2026-09-16,23.49,0.98,captured,PO-0916,order:CL-1045
PAY-00810,CL-1047,2026-09-16,41.31,1.50,captured,PO-0916,order:CL-1047
PAY-00811,CL-1048,2026-09-16,65.88,2.21,captured,PO-0916,order:CL-1048
PAY-00812,CL-1049,2026-09-16,102.60,3.28,captured,PO-0916,order:CL-1049
PAY-00813,CL-1050,2026-09-16,6.48,0.49,captured,PO-0916,order:CL-1050
PAY-00814,CL-1051,2026-09-16,75.33,2.48,captured,PO-0916,order:CL-1051
PAY-00815,CL-1052,2026-09-16,11.61,0.64,captured,PO-0916,order:CL-1052
PAY-00816,CL-1053,2026-09-16,13.77,0.70,captured,PO-0916,order:CL-1053
PAY-00817,CL-1054,2026-09-16,21.87,0.93,captured,PO-0916,order:CL-1054
PAY-00818,CL-1055,2026-09-16,38.07,1.40,captured,PO-0916,order:CL-1055
PAY-00819,CL-1056,2026-09-16,10.80,0.61,captured,PO-0916,order:CL-1056
PAY-00820,CL-1057,2026-09-16,68.04,2.27,captured,PO-0916,order:CL-1057
PAY-00821,CL-1058,2026-09-16,38.88,1.43,captured,PO-0916,order:CL-1058
PAY-00822,CL-1060,2026-09-16,125.28,3.93,captured,PO-0916,order:CL-1060
PAY-00823,CL-1063,2026-09-16,50.76,1.77,captured,PO-0916,order:CL-1063
PAY-00824,CL-1064,2026-09-16,28.89,1.14,captured,PO-0916,order:CL-1064
PAY-00825,CL-1065,2026-09-16,51.84,1.80,captured,PO-0916,order:CL-1065
PAY-00826,CL-1067,2026-09-16,29.16,1.15,captured,PO-0916,order:CL-1067
PAY-00827,CL-1069,2026-09-16,54.00,1.87,captured,PO-0916,order:CL-1069
PAY-00828,CL-1070,2026-09-16,83.16,2.71,captured,PO-0916,order:CL-1070
PAY-00829,CL-1074,2026-09-16,24.84,1.02,captured,PO-0916,order:CL-1074
PAY-00830,CL-1075,2026-09-16,79.92,2.62,captured,PO-0916,order:CL-1075
PAY-00831,CL-1077,2026-09-16,16.20,0.77,captured,PO-0916,order:CL-1077
PAY-00832,CL-1078,2026-09-16,63.99,2.16,captured,PO-0916,order:CL-1078
PAY-00833,CL-1079,2026-09-16,89.91,2.91,captured,PO-0916,order:CL-1079
PAY-00834,CL-1080,2026-09-16,103.41,3.30,captured,PO-0916,order:CL-1080
PAY-00835,CL-1081,2026-09-16,38.07,1.40,captured,PO-0916,order:CL-1081
PAY-00836,CL-1082,2026-09-16,77.49,2.55,captured,PO-0916,order:CL-1082
PAY-00837,CL-1083,2026-09-16,45.09,1.61,captured,PO-0916,order:CL-1083
PAY-00838,CL-1084,2026-09-16,10.80,0.61,captured,PO-0916,order:CL-1084
PAY-00839,CL-1086,2026-09-16,62.64,2.12,captured,PO-0916,order:CL-1086
PAY-00840,CL-1087,2026-09-16,9.72,0.58,captured,PO-0916,order:CL-1087
PAY-00841,CL-1089,2026-09-16,12.96,0.68,captured,PO-0916,order:CL-1089
PAY-00842,CL-1090,2026-09-16,107.73,3.42,captured,PO-0916,order:CL-1090
PAY-00843,CL-1091,2026-09-16,19.44,0.86,captured,PO-0916,order:CL-1091
PAY-00844,CL-1092,2026-09-17,65.61,2.20,captured,PO-0917,order:CL-1092
PAY-00845,CL-1093,2026-09-17,12.96,0.68,captured,PO-0917,order:CL-1093
PAY-00846,CL-1096,2026-09-17,31.86,1.22,captured,PO-0917,order:CL-1096
PAY-00847,CL-1098,2026-09-17,51.84,1.80,captured,PO-0917,order:CL-1098
PAY-00848,CL-1101,2026-09-17,45.36,1.62,captured,PO-0917,order:CL-1101
PAY-00849,CL-1102,2026-09-17,79.92,2.62,captured,PO-0917,order:CL-1102
PAY-00850,CL-1103,2026-09-17,73.44,2.43,captured,PO-0917,order:CL-1103
PAY-00851,CL-1104,2026-09-17,61.56,2.09,captured,PO-0917,order:CL-1104
PAY-00852,CL-1105,2026-09-17,120.69,3.80,captured,PO-0917,order:CL-1105
PAY-00853,CL-1106,2026-09-17,38.88,1.43,captured,PO-0917,order:CL-1106
PAY-00854,CL-1107,2026-09-17,100.44,3.21,captured,PO-0917,order:CL-1107
PAY-00855,CL-1108,2026-09-17,38.07,1.40,captured,PO-0917,order:CL-1108
PAY-00856,CL-1109,2026-09-17,13.77,0.70,captured,PO-0917,order:CL-1109
PAY-00857,CL-1110,2026-09-17,34.56,1.30,captured,PO-0917,order:CL-1110
PAY-00858,CL-1111,2026-09-17,75.06,2.48,captured,PO-0917,order:CL-1111
PAY-00859,CL-1113,2026-09-17,118.80,3.75,captured,PO-0917,order:CL-1113
PAY-00860,CL-1114,2026-09-17,48.60,1.71,captured,PO-0917,order:CL-1114
PAY-00861,CL-1115,2026-09-17,7.02,0.50,captured,PO-0917,order:CL-1115
PAY-00862,CL-1116,2026-09-17,32.40,1.24,captured,PO-0917,order:CL-1116
PAY-00863,CL-1117,2026-09-17,46.98,1.66,captured,PO-0917,order:CL-1117
PAY-00864,CL-1118,2026-09-17,73.44,2.43,captured,PO-0917,order:CL-1118
PAY-00865,CL-1119,2026-09-17,48.60,1.71,captured,PO-0917,order:CL-1119
PAY-00866,CL-1120,2026-09-17,51.84,1.80,captured,PO-0917,order:CL-1120
PAY-00867,CL-1122,2026-09-17,62.10,2.10,captured,PO-0917,order:CL-1122
PAY-00868,CL-1123,2026-09-17,65.34,2.19,captured,PO-0917,order:CL-1123
PAY-00869,CL-1124,2026-09-17,35.64,1.33,captured,PO-0917,order:CL-1124
PAY-00870,CL-1125,2026-09-17,12.96,0.68,captured,PO-0917,order:CL-1125
PAY-00871,CL-1126,2026-09-17,71.28,2.37,captured,PO-0917,order:CL-1126
PAY-00872,CL-1127,2026-09-17,9.72,0.58,captured,PO-0917,order:CL-1127
PAY-00873,CL-1128,2026-09-17,12.15,0.65,captured,PO-0917,order:CL-1128
PAY-00874,CL-1129,2026-09-17,70.20,2.34,captured,PO-0917,order:CL-1129
PAY-00875,CL-1131,2026-09-17,87.48,2.84,captured,PO-0917,order:CL-1131
PAY-00876,CL-1132,2026-09-17,87.48,2.84,captured,PO-0917,order:CL-1132
PAY-00877,CL-1133,2026-09-17,103.68,3.31,captured,PO-0917,order:CL-1133
PAY-00878,CL-1134,2026-09-17,70.20,2.34,captured,PO-0917,order:CL-1134
PAY-00879,CL-1136,2026-09-17,131.76,4.12,captured,PO-0917,order:CL-1136
PAY-00880,CL-1138,2026-09-17,79.92,2.62,captured,PO-0917,order:CL-1138
PAY-00881,CL-1139,2026-09-17,34.56,1.30,captured,PO-0917,order:CL-1139
PAY-00882,CL-1140,2026-09-17,86.40,2.81,captured,PO-0917,order:CL-1140
PAY-00883,CL-1142,2026-09-17,126.36,3.96,captured,PO-0917,order:CL-1142
PAY-00884,CL-1143,2026-09-17,96.12,3.09,captured,PO-0917,order:CL-1143
PAY-00885,CL-1144,2026-09-17,56.43,1.94,captured,PO-0917,order:CL-1144
PAY-00886,CL-1145,2026-09-17,19.44,0.86,captured,PO-0917,order:CL-1145
PAY-00887,CL-1146,2026-09-17,34.56,1.30,captured,PO-0917,order:CL-1146
PAY-00888,CL-1148,2026-09-17,37.26,1.38,captured,PO-0917,order:CL-1148
PAY-00889,CL-1149,2026-09-17,25.92,1.05,captured,PO-0917,order:CL-1149
PAY-00890,CL-1150,2026-09-17,48.87,1.72,captured,PO-0917,order:CL-1150
PAY-00891,CL-1152,2026-09-17,42.12,1.52,captured,PO-0917,order:CL-1152
PAY-00892,CL-1153,2026-09-17,27.54,1.10,captured,PO-0917,order:CL-1153
PAY-00893,CL-1155,2026-09-17,81.00,2.65,captured,PO-0917,order:CL-1155
PAY-00894,CL-1156,2026-09-17,97.20,3.12,captured,PO-0917,order:CL-1156
PAY-00895,CL-1157,2026-09-17,17.55,0.81,captured,PO-0917,order:CL-1157
PAY-00896,CL-1159,2026-09-17,58.32,1.99,captured,PO-0917,order:CL-1159
PAY-00897,CL-1161,2026-09-17,7.02,0.50,captured,PO-0917,order:CL-1161
PAY-00898,CL-1162,2026-09-17,62.64,2.12,captured,PO-0917,order:CL-1162
PAY-00899,CL-1164,2026-09-17,129.60,4.06,captured,PO-0917,order:CL-1164
PAY-00900,CL-1165,2026-09-17,131.76,4.12,captured,PO-0917,order:CL-1165
PAY-00901,CL-1166,2026-09-17,10.80,0.61,captured,PO-0917,order:CL-1166
PAY-00902,CL-1167,2026-09-17,105.03,3.35,captured,PO-0917,order:CL-1167
PAY-00903,CL-1168,2026-09-17,77.76,2.56,captured,PO-0917,order:CL-1168
PAY-00904,CL-1169,2026-09-17,22.68,0.96,captured,PO-0917,order:CL-1169
PAY-00905,CL-1170,2026-09-17,38.88,1.43,captured,PO-0917,order:CL-1170
PAY-00906,CL-1171,2026-09-17,8.10,0.53,captured,PO-0917,order:CL-1171
PAY-00907,CL-1172,2026-09-18,46.17,1.64,captured,PO-0918,order:CL-1172
PAY-00908,CL-1173,2026-09-18,51.84,1.80,captured,PO-0918,order:CL-1173
PAY-00909,CL-1174,2026-09-18,10.53,0.61,captured,PO-0918,order:CL-1174
PAY-00910,CL-1175,2026-09-18,139.32,4.34,captured,PO-0918,order:CL-1175
PAY-00911,CL-1176,2026-09-18,57.51,1.97,captured,PO-0918,order:CL-1176
PAY-00912,CL-1177,2026-09-18,58.32,1.99,captured,PO-0918,order:CL-1177
PAY-00913,CL-1178,2026-09-18,74.52,2.46,captured,PO-0918,order:CL-1178
PAY-00914,CL-1179,2026-09-18,51.84,1.80,captured,PO-0918,order:CL-1179
PAY-00915,CL-1180,2026-09-18,109.08,3.46,captured,PO-0918,order:CL-1180
PAY-00916,CL-1181,2026-09-18,22.68,0.96,captured,PO-0918,order:CL-1181
PAY-00917,CL-1182,2026-09-18,44.28,1.58,captured,PO-0918,order:CL-1182
PAY-00918,CL-1183,2026-09-18,106.92,3.40,captured,PO-0918,order:CL-1183
PAY-00919,CL-1184,2026-09-18,33.21,1.26,captured,PO-0918,order:CL-1184
PAY-00920,CL-1185,2026-09-18,96.93,3.11,captured,PO-0918,order:CL-1185
PAY-00921,CL-1186,2026-09-18,59.94,2.04,captured,PO-0918,order:CL-1186
PAY-00922,CL-1188,2026-09-18,45.36,1.62,captured,PO-0918,order:CL-1188
PAY-00923,CL-1189,2026-09-18,74.52,2.46,captured,PO-0918,order:CL-1189
PAY-00924,CL-1190,2026-09-18,103.68,3.31,captured,PO-0918,order:CL-1190
PAY-00925,CL-1192,2026-09-18,68.04,2.27,captured,PO-0918,order:CL-1192
PAY-00926,CL-1193,2026-09-18,86.40,2.81,captured,PO-0918,order:CL-1193
PAY-00927,CL-1194,2026-09-18,55.08,1.90,captured,PO-0918,order:CL-1194
PAY-00928,CL-1195,2026-09-18,52.11,1.81,captured,PO-0918,order:CL-1195
PAY-00929,CL-1197,2026-09-18,38.88,1.43,captured,PO-0918,order:CL-1197
PAY-00930,CL-1198,2026-09-18,34.56,1.30,captured,PO-0918,order:CL-1198
PAY-00931,CL-1199,2026-09-18,38.88,1.43,captured,PO-0918,order:CL-1199
PAY-00932,CL-1200,2026-09-18,77.76,2.56,captured,PO-0918,order:CL-1200
PAY-00933,CL-1201,2026-09-18,52.38,1.82,captured,PO-0918,order:CL-1201
PAY-00934,CL-1203,2026-09-18,58.32,1.99,captured,PO-0918,order:CL-1203
PAY-00935,CL-1204,2026-09-18,51.84,1.80,captured,PO-0918,order:CL-1204
PAY-00936,CL-1205,2026-09-18,25.92,1.05,captured,PO-0918,order:CL-1205
PAY-00937,CL-1209,2026-09-18,48.60,1.71,captured,PO-0918,order:CL-1209
PAY-00938,CL-1210,2026-09-18,116.64,3.68,captured,PO-0918,order:CL-1210
PAY-00939,CL-1211,2026-09-18,10.53,0.61,captured,PO-0918,order:CL-1211
PAY-00940,CL-1212,2026-09-18,48.06,1.69,captured,PO-0918,order:CL-1212
PAY-00941,CL-1213,2026-09-18,80.19,2.63,captured,PO-0918,order:CL-1213
PAY-00942,CL-1214,2026-09-18,58.32,1.99,captured,PO-0918,order:CL-1214
PAY-00943,CL-1215,2026-09-18,71.28,2.37,captured,PO-0918,order:CL-1215
PAY-00944,CL-1217,2026-09-18,87.48,2.84,captured,PO-0918,order:CL-1217
PAY-00945,CL-1218,2026-09-18,46.98,1.66,captured,PO-0918,order:CL-1218
PAY-00946,CL-1219,2026-09-18,51.84,1.80,captured,PO-0918,order:CL-1219
PAY-00947,CL-1221,2026-09-18,87.48,2.84,captured,PO-0918,order:CL-1221
PAY-00948,CL-1222,2026-09-18,34.56,1.30,captured,PO-0918,order:CL-1222
PAY-00949,CL-1224,2026-09-18,34.56,1.30,captured,PO-0918,order:CL-1224
PAY-00950,CL-1225,2026-09-18,45.36,1.62,captured,PO-0918,order:CL-1225
PAY-00951,CL-1226,2026-09-18,154.44,4.78,captured,PO-0918,order:CL-1226
PAY-00952,CL-1227,2026-09-18,33.75,1.28,captured,PO-0918,order:CL-1227
PAY-00953,CL-1228,2026-09-18,12.15,0.65,captured,PO-0918,order:CL-1228
PAY-00954,CL-1230,2026-09-18,55.35,1.91,captured,PO-0918,order:CL-1230
PAY-00955,CL-1232,2026-09-18,36.18,1.35,captured,PO-0918,order:CL-1232
PAY-00956,CL-1234,2026-09-18,61.02,2.07,captured,PO-0918,order:CL-1234
PAY-00957,CL-1236,2026-09-18,53.19,1.84,captured,PO-0918,order:CL-1236
PAY-00958,CL-1238,2026-09-18,74.52,2.46,captured,PO-0918,order:CL-1238
PAY-00959,CL-1239,2026-09-18,38.88,1.43,captured,PO-0918,order:CL-1239
PAY-00960,CL-1240,2026-09-18,57.24,1.96,captured,PO-0918,order:CL-1240
PAY-00961,CL-1241,2026-09-18,69.39,2.31,captured,PO-0918,order:CL-1241
PAY-00962,CL-1242,2026-09-18,14.58,0.72,captured,PO-0918,order:CL-1242
PAY-00963,CL-1245,2026-09-18,24.57,1.01,captured,PO-0918,order:CL-1245
PAY-00964,CL-1246,2026-09-18,10.80,0.61,captured,PO-0918,order:CL-1246
PAY-00965,CL-1247,2026-09-18,19.44,0.86,captured,PO-0918,order:CL-1247
PAY-00966,CL-1248,2026-09-18,38.88,1.43,captured,PO-0918,order:CL-1248
PAY-00967,CL-1249,2026-09-18,31.86,1.22,captured,PO-0918,order:CL-1249
PAY-00968,CL-1250,2026-09-18,58.32,1.99,captured,PO-0918,order:CL-1250
PAY-00969,CL-1252,2026-09-19,34.56,1.30,captured,PO-0919,order:CL-1252
PAY-00970,CL-1254,2026-09-19,84.24,2.74,captured,PO-0919,order:CL-1254
PAY-00971,CL-1255,2026-09-19,81.00,2.65,captured,PO-0919,order:CL-1255
PAY-00972,CL-1256,2026-09-19,145.80,4.53,captured,PO-0919,order:CL-1256
PAY-00973,CL-1258,2026-09-19,144.72,4.50,captured,PO-0919,order:CL-1258
PAY-00974,CL-1259,2026-09-19,34.56,1.30,captured,PO-0919,order:CL-1259
PAY-00975,CL-1260,2026-09-19,43.74,1.57,captured,PO-0919,order:CL-1260
PAY-00976,CL-1261,2026-09-19,34.56,1.30,captured,PO-0919,order:CL-1261
PAY-00977,CL-1262,2026-09-19,67.77,2.27,captured,PO-0919,order:CL-1262
PAY-00978,CL-1263,2026-09-19,61.56,2.09,captured,PO-0919,order:CL-1263
PAY-00979,CL-1264,2026-09-19,90.72,2.93,captured,PO-0919,order:CL-1264
PAY-00980,CL-1265,2026-09-19,141.48,4.40,captured,PO-0919,order:CL-1265
PAY-00981,CL-1266,2026-09-19,68.04,2.27,captured,PO-0919,order:CL-1266
PAY-00982,CL-1269,2026-09-19,34.56,1.30,captured,PO-0919,order:CL-1269
PAY-00983,CL-1270,2026-09-19,89.64,2.90,captured,PO-0919,order:CL-1270
PAY-00984,CL-1271,2026-09-19,78.84,2.59,captured,PO-0919,order:CL-1271
PAY-00985,CL-1272,2026-09-19,72.36,2.40,captured,PO-0919,order:CL-1272
PAY-00986,CL-1273,2026-09-19,85.05,2.77,captured,PO-0919,order:CL-1273
PAY-00987,CL-1274,2026-09-19,7.02,0.50,captured,PO-0919,order:CL-1274
PAY-00988,CL-1275,2026-09-19,63.99,2.16,captured,PO-0919,order:CL-1275
PAY-00989,CL-1277,2026-09-19,57.51,1.97,captured,PO-0919,order:CL-1277
PAY-00990,CL-1278,2026-09-19,57.51,1.97,captured,PO-0919,order:CL-1278
PAY-00991,CL-1279,2026-09-19,19.44,0.86,captured,PO-0919,order:CL-1279
PAY-00992,CL-1280,2026-09-19,8.10,0.53,captured,PO-0919,order:CL-1280
PAY-00993,CL-1281,2026-09-19,5.40,0.46,captured,PO-0919,order:CL-1281
PAY-00994,CL-1282,2026-09-19,34.56,1.30,captured,PO-0919,order:CL-1282
PAY-00995,CL-1283,2026-09-19,130.41,4.08,captured,PO-0919,order:CL-1283
PAY-00996,CL-1284,2026-09-19,51.84,1.80,captured,PO-0919,order:CL-1284
PAY-00997,CL-1285,2026-09-19,3.51,0.40,captured,PO-0919,order:CL-1285
PAY-00998,CL-1286,2026-09-19,42.39,1.53,captured,PO-0919,order:CL-1286
PAY-00999,CL-1289,2026-09-19,58.32,1.99,captured,PO-0919,order:CL-1289
PAY-01000,CL-1290,2026-09-19,110.16,3.49,captured,PO-0919,order:CL-1290
PAY-01001,CL-1291,2026-09-19,106.92,3.40,captured,PO-0919,order:CL-1291
PAY-01002,CL-1292,2026-09-19,25.92,1.05,captured,PO-0919,order:CL-1292
PAY-01003,CL-1294,2026-09-19,64.26,2.16,captured,PO-0919,order:CL-1294
PAY-01004,CL-1296,2026-09-19,5.40,0.46,captured,PO-0919,order:CL-1296
PAY-01005,CL-1298,2026-09-19,53.46,1.85,captured,PO-0919,order:CL-1298
PAY-01006,CL-1299,2026-09-19,132.03,4.13,captured,PO-0919,order:CL-1299
PAY-01007,CL-1300,2026-09-19,47.52,1.68,captured,PO-0919,order:CL-1300
PAY-01008,CL-1301,2026-09-19,60.48,2.05,captured,PO-0919,order:CL-1301
PAY-01009,CL-1302,2026-09-19,12.96,0.68,captured,PO-0919,order:CL-1302
PAY-01010,CL-1303,2026-09-19,5.40,0.46,captured,PO-0919,order:CL-1303
PAY-01011,CL-1304,2026-09-19,28.08,1.11,captured,PO-0919,order:CL-1304
PAY-01012,CL-1305,2026-09-19,68.04,2.27,captured,PO-0919,order:CL-1305
PAY-01013,CL-1306,2026-09-19,34.56,1.30,captured,PO-0919,order:CL-1306
PAY-01014,CL-1307,2026-09-19,34.56,1.30,captured,PO-0919,order:CL-1307
PAY-01015,CL-1309,2026-09-19,58.32,1.99,captured,PO-0919,order:CL-1309
PAY-01016,CL-1310,2026-09-19,85.86,2.79,captured,PO-0919,order:CL-1310
PAY-01017,CL-1311,2026-09-19,29.16,1.15,captured,PO-0919,order:CL-1311
PAY-01018,CL-1312,2026-09-19,93.96,3.02,captured,PO-0919,order:CL-1312
PAY-01019,CL-1313,2026-09-19,84.78,2.76,captured,PO-0919,order:CL-1313
PAY-01020,CL-1315,2026-09-19,75.33,2.48,captured,PO-0919,order:CL-1315
PAY-01021,CL-1317,2026-09-19,88.29,2.86,captured,PO-0919,order:CL-1317
PAY-01022,CL-1318,2026-09-19,115.56,3.65,captured,PO-0919,order:CL-1318
PAY-01023,CL-1319,2026-09-19,42.12,1.52,captured,PO-0919,order:CL-1319
PAY-01024,CL-1320,2026-09-19,90.45,2.92,captured,PO-0919,order:CL-1320
PAY-01025,CL-1321,2026-09-19,79.92,2.62,captured,PO-0919,order:CL-1321
PAY-01026,CL-1323,2026-09-19,7.02,0.50,captured,PO-0919,order:CL-1323
PAY-01027,CL-1324,2026-09-19,59.67,2.03,captured,PO-0919,order:CL-1324
PAY-01028,CL-1326,2026-09-20,3.51,0.40,captured,PO-0920,order:CL-1326
PAY-01029,CL-1328,2026-09-20,74.79,2.47,captured,PO-0920,order:CL-1328
PAY-01030,CL-1329,2026-09-20,63.72,2.15,captured,PO-0920,order:CL-1329
PAY-01031,CL-1330,2026-09-20,54.00,1.87,captured,PO-0920,order:CL-1330
PAY-01032,CL-1331,2026-09-20,3.51,0.40,captured,PO-0920,order:CL-1331
PAY-01033,CL-1332,2026-09-20,104.22,3.32,captured,PO-0920,order:CL-1332
PAY-01034,CL-1334,2026-09-20,131.76,4.12,captured,PO-0920,order:CL-1334
PAY-01035,CL-1335,2026-09-20,44.01,1.58,captured,PO-0920,order:CL-1335
PAY-01036,CL-1336,2026-09-20,22.68,0.96,captured,PO-0920,order:CL-1336
PAY-01037,CL-1337,2026-09-20,52.38,1.82,captured,PO-0920,order:CL-1337
PAY-01038,CL-1338,2026-09-20,34.56,1.30,captured,PO-0920,order:CL-1338
PAY-01039,CL-1340,2026-09-20,22.68,0.96,captured,PO-0920,order:CL-1340
PAY-01040,CL-1342,2026-09-20,68.31,2.28,captured,PO-0920,order:CL-1342
PAY-01041,CL-1344,2026-09-20,70.20,2.34,captured,PO-0920,order:CL-1344
PAY-01042,CL-1345,2026-09-20,15.12,0.74,captured,PO-0920,order:CL-1345
PAY-01043,CL-1346,2026-09-20,39.96,1.46,captured,PO-0920,order:CL-1346
PAY-01044,CL-1347,2026-09-20,34.56,1.30,captured,PO-0920,order:CL-1347
PAY-01045,CL-1349,2026-09-20,25.92,1.05,captured,PO-0920,order:CL-1349
PAY-01046,CL-1351,2026-09-20,83.43,2.72,captured,PO-0920,order:CL-1351
PAY-01047,CL-1352,2026-09-20,15.12,0.74,captured,PO-0920,order:CL-1352
PAY-01048,CL-1353,2026-09-20,43.74,1.57,captured,PO-0920,order:CL-1353
PAY-01049,CL-1354,2026-09-20,62.91,2.12,captured,PO-0920,order:CL-1354
PAY-01050,CL-1356,2026-09-20,51.84,1.80,captured,PO-0920,order:CL-1356
PAY-01051,CL-1358,2026-09-20,65.53,2.20,captured,PO-0920,order:CL-1358
PAY-01052,CL-1360,2026-09-20,22.68,0.96,captured,PO-0920,order:CL-1360
PAY-01053,CL-1361,2026-09-20,16.20,0.77,captured,PO-0920,order:CL-1361
PAY-01054,CL-1362,2026-09-20,10.80,0.61,captured,PO-0920,order:CL-1362
PAY-01055,CL-1363,2026-09-20,83.16,2.71,captured,PO-0920,order:CL-1363
PAY-01056,CL-1364,2026-09-20,22.68,0.96,captured,PO-0920,order:CL-1364
PAY-01057,CL-1365,2026-09-20,77.76,2.56,captured,PO-0920,order:CL-1365
PAY-01058,CL-1366,2026-09-20,62.37,2.11,captured,PO-0920,order:CL-1366
PAY-01059,CL-1367,2026-09-20,19.44,0.86,captured,PO-0920,order:CL-1367
PAY-01060,CL-1368,2026-09-20,68.04,2.27,captured,PO-0920,order:CL-1368
PAY-01061,CL-1370,2026-09-20,100.44,3.21,captured,PO-0920,order:CL-1370
PAY-01062,CL-1371,2026-09-20,42.93,1.54,captured,PO-0920,order:CL-1371
PAY-01063,CL-1373,2026-09-20,61.29,2.08,captured,PO-0920,order:CL-1373
PAY-01064,CL-1374,2026-09-20,49.41,1.73,captured,PO-0920,order:CL-1374
PAY-01065,CL-1375,2026-09-20,87.48,2.84,captured,PO-0920,order:CL-1375
PAY-01066,CL-1376,2026-09-20,34.56,1.30,captured,PO-0920,order:CL-1376
PAY-01067,CL-1378,2026-09-20,101.52,3.24,captured,PO-0920,order:CL-1378
PAY-01068,CL-1382,2026-09-20,17.82,0.82,captured,PO-0920,order:CL-1382
PAY-01069,CL-1383,2026-09-20,90.72,2.93,captured,PO-0920,order:CL-1383
PAY-01070,CL-1384,2026-09-20,12.96,0.68,captured,PO-0920,order:CL-1384
PAY-01071,CL-1385,2026-09-20,65.61,2.20,captured,PO-0920,order:CL-1385
PAY-01072,CL-1386,2026-09-20,53.46,1.85,captured,PO-0920,order:CL-1386
PAY-01073,CL-1387,2026-09-20,65.61,2.20,captured,PO-0920,order:CL-1387
PAY-01074,CL-1390,2026-09-20,51.84,1.80,captured,PO-0920,order:CL-1390
PAY-01075,CL-1391,2026-09-20,139.86,4.36,captured,PO-0920,order:CL-1391
PAY-01076,CL-1392,2026-09-20,77.76,2.56,captured,PO-0920,order:CL-1392
PAY-01077,CL-1393,2026-09-20,87.48,2.84,captured,PO-0920,order:CL-1393
PAY-01078,CL-1394,2026-09-20,5.40,0.46,captured,PO-0920,order:CL-1394
PAY-01079,CL-1395,2026-09-20,35.64,1.33,captured,PO-0920,order:CL-1395
PAY-01080,CL-1396,2026-09-20,60.48,2.05,captured,PO-0920,order:CL-1396
PAY-01081,CL-1398,2026-09-20,97.20,3.12,captured,PO-0920,order:CL-1398
PAY-01082,CL-1399,2026-09-20,83.16,2.71,captured,PO-0920,order:CL-1399
PAY-01083,CL-1401,2026-09-20,25.92,1.05,captured,PO-0920,order:CL-1401
PAY-01084,CL-1402,2026-09-20,53.46,1.85,captured,PO-0920,order:CL-1402
PAY-01085,CL-1404,2026-09-20,55.89,1.92,captured,PO-0920,order:CL-1404
PAY-01086,CL-1405,2026-09-20,81.00,2.65,captured,PO-0920,order:CL-1405
PAY-01087,CL-1406,2026-09-20,131.76,4.12,captured,PO-0920,order:CL-1406
PAY-01088,CL-1408,2026-09-20,45.63,1.62,captured,PO-0920,order:CL-1408
PAY-01089,CL-1409,2026-09-20,44.28,1.58,captured,PO-0920,order:CL-1409
PAY-01090,CL-1411,2026-09-20,59.94,2.04,captured,PO-0920,order:CL-1411
PAY-01091,CL-1412,2026-09-20,38.07,1.40,captured,PO-0920,order:CL-1412
PAY-01092,CL-1413,2026-09-20,10.80,0.61,captured,PO-0920,order:CL-1413
PAY-01093,CL-1414,2026-09-22,15.93,0.76,captured,PO-0922,order:CL-1414
PAY-01094,CL-1416,2026-09-22,99.63,3.19,captured,PO-0922,order:CL-1416
PAY-01095,CL-1417,2026-09-22,34.56,1.30,captured,PO-0922,order:CL-1417
PAY-01096,CL-1418,2026-09-22,51.84,1.80,captured,PO-0922,order:CL-1418
PAY-01097,CL-1419,2026-09-22,10.53,0.61,captured,PO-0922,order:CL-1419
PAY-01098,CL-1420,2026-09-22,55.08,1.90,captured,PO-0922,order:CL-1420
PAY-01099,CL-1421,2026-09-22,34.56,1.30,captured,PO-0922,order:CL-1421
PAY-01100,CL-1423,2026-09-22,68.04,2.27,captured,PO-0922,order:CL-1423
PAY-01101,CL-1424,2026-09-22,12.15,0.65,captured,PO-0922,order:CL-1424
PAY-01102,CL-1425,2026-09-22,50.22,1.76,captured,PO-0922,order:CL-1425
PAY-01103,CL-1426,2026-09-22,35.64,1.33,captured,PO-0922,order:CL-1426
PAY-01104,CL-1429,2026-09-22,115.02,3.64,captured,PO-0922,order:CL-1429
PAY-01105,CL-1430,2026-09-22,72.09,2.39,captured,PO-0922,order:CL-1430
PAY-01106,CL-1431,2026-09-22,64.80,2.18,captured,PO-0922,order:CL-1431
PAY-01107,CL-1433,2026-09-22,18.90,0.85,captured,PO-0922,order:CL-1433
PAY-01108,CL-1434,2026-09-22,33.21,1.26,captured,PO-0922,order:CL-1434
PAY-01109,CL-1435,2026-09-22,51.84,1.80,captured,PO-0922,order:CL-1435
PAY-01110,CL-1438,2026-09-22,45.36,1.62,captured,PO-0922,order:CL-1438
PAY-01111,CL-1439,2026-09-22,48.87,1.72,captured,PO-0922,order:CL-1439
PAY-01112,CL-1440,2026-09-22,55.35,1.91,captured,PO-0922,order:CL-1440
PAY-01113,CL-1441,2026-09-22,38.88,1.43,captured,PO-0922,order:CL-1441
PAY-01114,CL-1443,2026-09-22,17.82,0.82,captured,PO-0922,order:CL-1443
PAY-01115,CL-1444,2026-09-22,51.84,1.80,captured,PO-0922,order:CL-1444
PAY-01116,CL-1445,2026-09-22,57.51,1.97,captured,PO-0922,order:CL-1445
PAY-01117,CL-1447,2026-09-22,5.40,0.46,captured,PO-0922,order:CL-1447
PAY-01118,CL-1448,2026-09-22,56.70,1.94,captured,PO-0922,order:CL-1448
PAY-01119,CL-1449,2026-09-22,34.56,1.30,captured,PO-0922,order:CL-1449
PAY-01120,CL-1451,2026-09-22,85.32,2.77,captured,PO-0922,order:CL-1451
PAY-01121,CL-1452,2026-09-22,34.56,1.30,captured,PO-0922,order:CL-1452
PAY-01122,CL-1453,2026-09-22,56.16,1.93,captured,PO-0922,order:CL-1453
PAY-01123,CL-1454,2026-09-22,36.72,1.36,captured,PO-0922,order:CL-1454
PAY-01124,CL-1456,2026-09-22,41.31,1.50,captured,PO-0922,order:CL-1456
PAY-01125,CL-1457,2026-09-22,37.26,1.38,captured,PO-0922,order:CL-1457
PAY-01126,CL-1458,2026-09-22,68.04,2.27,captured,PO-0922,order:CL-1458
PAY-01127,CL-1459,2026-09-22,63.72,2.15,captured,PO-0922,order:CL-1459
PAY-01128,CL-1460,2026-09-22,38.88,1.43,captured,PO-0922,order:CL-1460
PAY-01129,CL-1461,2026-09-22,22.68,0.96,captured,PO-0922,order:CL-1461
PAY-01130,CL-1462,2026-09-22,48.87,1.72,captured,PO-0922,order:CL-1462
PAY-01131,CL-1463,2026-09-22,68.04,2.27,captured,PO-0922,order:CL-1463
PAY-01132,CL-1464,2026-09-22,87.48,2.84,captured,PO-0922,order:CL-1464
PAY-01133,CL-1466,2026-09-22,22.68,0.96,captured,PO-0922,order:CL-1466
PAY-01134,CL-1467,2026-09-22,55.35,1.91,captured,PO-0922,order:CL-1467
PAY-01135,CL-1469,2026-09-22,10.80,0.61,captured,PO-0922,order:CL-1469
PAY-01136,CL-1470,2026-09-22,4.05,0.42,captured,PO-0922,order:CL-1470
PAY-01137,CL-1472,2026-09-22,19.17,0.86,captured,PO-0922,order:CL-1472
PAY-01138,CL-1473,2026-09-22,8.10,0.53,captured,PO-0922,order:CL-1473
PAY-01139,CL-1474,2026-09-22,65.07,2.19,captured,PO-0922,order:CL-1474
PAY-01140,CL-1475,2026-09-22,77.76,2.56,captured,PO-0922,order:CL-1475
PAY-01141,CL-1476,2026-09-22,34.02,1.29,captured,PO-0922,order:CL-1476
PAY-01142,CL-1477,2026-09-22,106.65,3.39,captured,PO-0922,order:CL-1477
PAY-01143,CL-1478,2026-09-22,4.05,0.42,captured,PO-0922,order:CL-1478
PAY-01144,CL-1479,2026-09-22,89.91,2.91,captured,PO-0922,order:CL-1479
PAY-01145,CL-1481,2026-09-22,141.48,4.40,captured,PO-0922,order:CL-1481
PAY-01146,CL-1482,2026-09-22,69.39,2.31,captured,PO-0922,order:CL-1482
PAY-01147,CL-1484,2026-09-22,100.71,3.22,captured,PO-0922,order:CL-1484
PAY-01148,CL-1485,2026-09-23,49.68,1.74,captured,PO-0923,order:CL-1485
PAY-01149,CL-1486,2026-09-23,67.23,2.25,captured,PO-0923,order:CL-1486
PAY-01150,CL-1487,2026-09-23,112.32,3.56,captured,PO-0923,order:CL-1487
PAY-01151,CL-1490,2026-09-23,77.76,2.56,captured,PO-0923,order:CL-1490
PAY-01152,CL-1491,2026-09-23,31.32,1.21,captured,PO-0923,order:CL-1491
PAY-01153,CL-1492,2026-09-23,115.02,3.64,captured,PO-0923,order:CL-1492
PAY-01154,CL-1493,2026-09-23,13.23,0.68,captured,PO-0923,order:CL-1493
PAY-01155,CL-1495,2026-09-23,79.92,2.62,captured,PO-0923,order:CL-1495
PAY-01156,CL-1496,2026-09-23,25.92,1.05,captured,PO-0923,order:CL-1496
PAY-01157,CL-1497,2026-09-23,60.21,2.05,captured,PO-0923,order:CL-1497
PAY-01158,CL-1498,2026-09-23,78.30,2.57,captured,PO-0923,order:CL-1498
PAY-01159,CL-1499,2026-09-23,68.04,2.27,captured,PO-0923,order:CL-1499
PAY-01160,CL-1500,2026-09-23,98.55,3.16,captured,PO-0923,order:CL-1500
PAY-01161,CL-1502,2026-09-23,33.21,1.26,captured,PO-0923,order:CL-1502
PAY-01162,CL-1503,2026-09-23,9.72,0.58,captured,PO-0923,order:CL-1503
PAY-01163,CL-1504,2026-09-23,38.07,1.40,captured,PO-0923,order:CL-1504
PAY-01164,CL-1506,2026-09-23,126.90,3.98,captured,PO-0923,order:CL-1506
PAY-01165,CL-1507,2026-09-23,38.61,1.42,captured,PO-0923,order:CL-1507
PAY-01166,CL-1509,2026-09-23,78.03,2.56,captured,PO-0923,order:CL-1509
PAY-01167,CL-1510,2026-09-23,34.56,1.30,captured,PO-0923,order:CL-1510
PAY-01168,CL-1511,2026-09-23,58.86,2.01,captured,PO-0923,order:CL-1511
PAY-01169,CL-1512,2026-09-23,79.92,2.62,captured,PO-0923,order:CL-1512
PAY-01170,CL-1514,2026-09-23,39.96,1.46,captured,PO-0923,order:CL-1514
PAY-01171,CL-1515,2026-09-23,68.04,2.27,captured,PO-0923,order:CL-1515
PAY-01172,CL-1517,2026-09-23,36.45,1.36,captured,PO-0923,order:CL-1517
PAY-01173,CL-1518,2026-09-23,69.66,2.32,captured,PO-0923,order:CL-1518
PAY-01174,CL-1520,2026-09-23,7.02,0.50,captured,PO-0923,order:CL-1520
PAY-01175,CL-1522,2026-09-23,41.58,1.51,captured,PO-0923,order:CL-1522
PAY-01176,CL-1523,2026-09-23,17.28,0.80,captured,PO-0923,order:CL-1523
PAY-01177,CL-1525,2026-09-23,55.35,1.91,captured,PO-0923,order:CL-1525
PAY-01178,CL-1526,2026-09-23,68.04,2.27,captured,PO-0923,order:CL-1526
PAY-01179,CL-1528,2026-09-23,53.46,1.85,captured,PO-0923,order:CL-1528
PAY-01180,CL-1530,2026-09-23,76.95,2.53,captured,PO-0923,order:CL-1530
PAY-01181,CL-1531,2026-09-23,133.38,4.17,captured,PO-0923,order:CL-1531
PAY-01182,CL-1532,2026-09-23,24.84,1.02,captured,PO-0923,order:CL-1532
PAY-01183,CL-1534,2026-09-23,51.84,1.80,captured,PO-0923,order:CL-1534
PAY-01184,CL-1535,2026-09-23,78.84,2.59,captured,PO-0923,order:CL-1535
PAY-01185,CL-1536,2026-09-23,10.53,0.61,captured,PO-0923,order:CL-1536
PAY-01186,CL-1538,2026-09-23,9.72,0.58,captured,PO-0923,order:CL-1538
PAY-01187,CL-1539,2026-09-23,100.44,3.21,captured,PO-0923,order:CL-1539
PAY-01188,CL-1540,2026-09-23,22.68,0.96,captured,PO-0923,order:CL-1540
PAY-01189,CL-1541,2026-09-23,78.03,2.56,captured,PO-0923,order:CL-1541
PAY-01190,CL-1544,2026-09-23,34.83,1.31,captured,PO-0923,order:CL-1544
PAY-01191,CL-1545,2026-09-23,15.93,0.76,captured,PO-0923,order:CL-1545
PAY-01192,CL-1546,2026-09-23,12.96,0.68,captured,PO-0923,order:CL-1546
PAY-01193,CL-1547,2026-09-23,22.68,0.96,captured,PO-0923,order:CL-1547
PAY-01194,CL-1548,2026-09-23,27.54,1.10,captured,PO-0923,order:CL-1548
PAY-01195,CL-1549,2026-09-23,61.56,2.09,captured,PO-0923,order:CL-1549
PAY-01196,CL-1551,2026-09-24,51.84,1.80,captured,PO-0924,order:CL-1551
PAY-01197,CL-1553,2026-09-24,51.84,1.80,captured,PO-0924,order:CL-1553
PAY-01198,CL-1554,2026-09-24,17.82,0.82,captured,PO-0924,order:CL-1554
PAY-01199,CL-1555,2026-09-24,10.53,0.61,captured,PO-0924,order:CL-1555
PAY-01200,CL-1557,2026-09-24,50.76,1.77,captured,PO-0924,order:CL-1557
PAY-01201,CL-1560,2026-09-24,68.04,2.27,captured,PO-0924,order:CL-1560
PAY-01202,CL-1561,2026-09-24,26.46,1.07,captured,PO-0924,order:CL-1561
PAY-01203,CL-1562,2026-09-24,46.98,1.66,captured,PO-0924,order:CL-1562
PAY-01204,CL-1563,2026-09-24,51.84,1.80,captured,PO-0924,order:CL-1563
PAY-01205,CL-1564,2026-09-24,91.80,2.96,captured,PO-0924,order:CL-1564
PAY-01206,CL-1565,2026-09-24,78.57,2.58,captured,PO-0924,order:CL-1565
PAY-01207,CL-1567,2026-09-24,113.40,3.59,captured,PO-0924,order:CL-1567
PAY-01208,CL-1568,2026-09-24,50.76,1.77,captured,PO-0924,order:CL-1568
PAY-01209,CL-1570,2026-09-24,66.69,2.23,captured,PO-0924,order:CL-1570
PAY-01210,CL-1573,2026-09-24,39.69,1.45,captured,PO-0924,order:CL-1573
PAY-01211,CL-1575,2026-09-24,51.84,1.80,captured,PO-0924,order:CL-1575
PAY-01212,CL-1577,2026-09-24,51.84,1.80,captured,PO-0924,order:CL-1577
PAY-01213,CL-1578,2026-09-24,81.00,2.65,captured,PO-0924,order:CL-1578
PAY-01214,CL-1579,2026-09-24,53.46,1.85,captured,PO-0924,order:CL-1579
PAY-01215,CL-1580,2026-09-24,110.16,3.49,captured,PO-0924,order:CL-1580
PAY-01216,CL-1582,2026-09-24,9.72,0.58,captured,PO-0924,order:CL-1582
PAY-01217,CL-1584,2026-09-24,10.80,0.61,captured,PO-0924,order:CL-1584
PAY-01218,CL-1585,2026-09-24,54.81,1.89,captured,PO-0924,order:CL-1585
PAY-01219,CL-1586,2026-09-24,23.76,0.99,captured,PO-0924,order:CL-1586
PAY-01220,CL-1587,2026-09-24,68.58,2.29,captured,PO-0924,order:CL-1587
PAY-01221,CL-1588,2026-09-24,106.92,3.40,captured,PO-0924,order:CL-1588
PAY-01222,CL-1590,2026-09-24,23.76,0.99,captured,PO-0924,order:CL-1590
PAY-01223,CL-1591,2026-09-24,69.66,2.32,captured,PO-0924,order:CL-1591
PAY-01224,CL-1595,2026-09-24,51.84,1.80,captured,PO-0924,order:CL-1595
PAY-01225,CL-1596,2026-09-24,13.77,0.70,captured,PO-0924,order:CL-1596
PAY-01226,CL-1598,2026-09-24,40.50,1.47,captured,PO-0924,order:CL-1598
PAY-01227,CL-1599,2026-09-24,72.09,2.39,captured,PO-0924,order:CL-1599
PAY-01228,CL-1600,2026-09-24,68.04,2.27,captured,PO-0924,order:CL-1600
PAY-01229,CL-1601,2026-09-24,35.10,1.32,captured,PO-0924,order:CL-1601
PAY-01230,CL-1602,2026-09-24,50.76,1.77,captured,PO-0924,order:CL-1602
PAY-01231,CL-1603,2026-09-24,83.43,2.72,captured,PO-0924,order:CL-1603
PAY-01232,CL-1604,2026-09-24,54.81,1.89,captured,PO-0924,order:CL-1604
PAY-01233,CL-1605,2026-09-24,91.26,2.95,captured,PO-0924,order:CL-1605
PAY-01234,CL-1606,2026-09-24,38.88,1.43,captured,PO-0924,order:CL-1606
PAY-01235,CL-1607,2026-09-24,10.53,0.61,captured,PO-0924,order:CL-1607
PAY-01236,CL-1610,2026-09-24,11.07,0.62,captured,PO-0924,order:CL-1610
PAY-01237,CL-1611,2026-09-24,61.56,2.09,captured,PO-0924,order:CL-1611
PAY-01238,CL-1612,2026-09-24,139.86,4.36,captured,PO-0924,order:CL-1612
PAY-01239,CL-1613,2026-09-24,79.92,2.62,captured,PO-0924,order:CL-1613
PAY-01240,CL-1615,2026-09-24,5.40,0.46,captured,PO-0924,order:CL-1615
PAY-01241,CL-1616,2026-09-24,106.92,3.40,captured,PO-0924,order:CL-1616
PAY-01242,CL-1617,2026-09-25,38.07,1.40,captured,PO-0925,order:CL-1617
PAY-01243,CL-1618,2026-09-25,97.20,3.12,captured,PO-0925,order:CL-1618
PAY-01244,CL-1620,2026-09-25,31.59,1.22,captured,PO-0925,order:CL-1620
PAY-01245,CL-1621,2026-09-25,55.89,1.92,captured,PO-0925,order:CL-1621
PAY-01246,CL-1622,2026-09-25,61.56,2.09,captured,PO-0925,order:CL-1622
PAY-01247,CL-1623,2026-09-25,51.84,1.80,captured,PO-0925,order:CL-1623
PAY-01248,CL-1624,2026-09-25,12.96,0.68,captured,PO-0925,order:CL-1624
PAY-01249,CL-1625,2026-09-25,5.40,0.46,captured,PO-0925,order:CL-1625
PAY-01250,CL-1626,2026-09-25,16.20,0.77,captured,PO-0925,order:CL-1626
PAY-01251,CL-1627,2026-09-25,25.92,1.05,captured,PO-0925,order:CL-1627
PAY-01252,CL-1628,2026-09-25,3.51,0.40,captured,PO-0925,order:CL-1628
PAY-01253,CL-1629,2026-09-25,52.38,1.82,captured,PO-0925,order:CL-1629
PAY-01254,CL-1631,2026-09-25,110.16,3.49,captured,PO-0925,order:CL-1631
PAY-01255,CL-1633,2026-09-25,74.79,2.47,captured,PO-0925,order:CL-1633
PAY-01256,CL-1634,2026-09-25,51.84,1.80,captured,PO-0925,order:CL-1634
PAY-01257,CL-1635,2026-09-25,9.72,0.58,captured,PO-0925,order:CL-1635
PAY-01258,CL-1636,2026-09-25,57.24,1.96,captured,PO-0925,order:CL-1636
PAY-01259,CL-1637,2026-09-25,68.04,2.27,captured,PO-0925,order:CL-1637
PAY-01260,CL-1638,2026-09-25,32.94,1.26,captured,PO-0925,order:CL-1638
PAY-01261,CL-1639,2026-09-25,66.15,2.22,captured,PO-0925,order:CL-1639
PAY-01262,CL-1640,2026-09-25,34.56,1.30,captured,PO-0925,order:CL-1640
PAY-01263,CL-1641,2026-09-25,58.59,2.00,captured,PO-0925,order:CL-1641
PAY-01264,CL-1643,2026-09-25,63.72,2.15,captured,PO-0925,order:CL-1643
PAY-01265,CL-1644,2026-09-25,28.89,1.14,captured,PO-0925,order:CL-1644
PAY-01266,CL-1645,2026-09-25,31.99,1.23,captured,PO-0925,order:CL-1645
PAY-01267,CL-1647,2026-09-25,27.54,1.10,captured,PO-0925,order:CL-1647
PAY-01268,CL-1648,2026-09-25,69.39,2.31,captured,PO-0925,order:CL-1648
PAY-01269,CL-1649,2026-09-25,53.46,1.85,captured,PO-0925,order:CL-1649
PAY-01270,CL-1651,2026-09-25,34.56,1.30,captured,PO-0925,order:CL-1651
PAY-01271,CL-1652,2026-09-25,76.14,2.51,captured,PO-0925,order:CL-1652
PAY-01272,CL-1653,2026-09-25,55.35,1.91,captured,PO-0925,order:CL-1653
PAY-01273,CL-1654,2026-09-25,81.00,2.65,captured,PO-0925,order:CL-1654
PAY-01274,CL-1655,2026-09-25,93.96,3.02,captured,PO-0925,order:CL-1655
PAY-01275,CL-1656,2026-09-25,63.99,2.16,captured,PO-0925,order:CL-1656
PAY-01276,CL-1657,2026-09-25,19.44,0.86,captured,PO-0925,order:CL-1657
PAY-01277,CL-1658,2026-09-25,92.88,2.99,captured,PO-0925,order:CL-1658
PAY-01278,CL-1659,2026-09-25,10.53,0.61,captured,PO-0925,order:CL-1659
PAY-01279,CL-1661,2026-09-25,36.99,1.37,captured,PO-0925,order:CL-1661
PAY-01280,CL-1662,2026-09-25,115.83,3.66,captured,PO-0925,order:CL-1662
PAY-01281,CL-1664,2026-09-25,84.24,2.74,captured,PO-0925,order:CL-1664
PAY-01282,CL-1665,2026-09-25,38.88,1.43,captured,PO-0925,order:CL-1665
PAY-01283,CL-1666,2026-09-25,29.97,1.17,captured,PO-0925,order:CL-1666
PAY-01284,CL-1667,2026-09-25,63.18,2.13,captured,PO-0925,order:CL-1667
PAY-01285,CL-1668,2026-09-25,16.20,0.77,captured,PO-0925,order:CL-1668
PAY-01286,CL-1669,2026-09-25,8.10,0.53,captured,PO-0925,order:CL-1669
PAY-01287,CL-1670,2026-09-25,57.24,1.96,captured,PO-0925,order:CL-1670
PAY-01288,CL-1671,2026-09-25,109.08,3.46,captured,PO-0925,order:CL-1671
PAY-01289,CL-1672,2026-09-25,34.56,1.30,captured,PO-0925,order:CL-1672
PAY-01290,CL-1673,2026-09-25,52.38,1.82,captured,PO-0925,order:CL-1673
PAY-01291,CL-1675,2026-09-25,25.92,1.05,captured,PO-0925,order:CL-1675
PAY-01292,CL-1676,2026-09-25,48.87,1.72,captured,PO-0925,order:CL-1676
PAY-01293,CL-1677,2026-09-25,12.96,0.68,captured,PO-0925,order:CL-1677
PAY-01294,CL-1678,2026-09-25,36.72,1.36,captured,PO-0925,order:CL-1678
PAY-01295,CL-1680,2026-09-25,51.84,1.80,captured,PO-0925,order:CL-1680
PAY-01296,CL-1681,2026-09-25,57.24,1.96,captured,PO-0925,order:CL-1681
PAY-01297,CL-1682,2026-09-25,34.56,1.30,captured,PO-0925,order:CL-1682
PAY-01298,CL-1683,2026-09-25,35.64,1.33,captured,PO-0925,order:CL-1683
PAY-01299,CL-1684,2026-09-25,51.03,1.78,captured,PO-0925,order:CL-1684
PAY-01300,CL-1685,2026-09-25,52.92,1.83,captured,PO-0925,order:CL-1685
PAY-01301,CL-1687,2026-09-25,27.81,1.11,captured,PO-0925,order:CL-1687
PAY-01302,CL-1688,2026-09-25,12.96,0.68,captured,PO-0925,order:CL-1688
PAY-01303,CL-1689,2026-09-25,51.84,1.80,captured,PO-0925,order:CL-1689
PAY-01304,CL-1690,2026-09-25,115.56,3.65,captured,PO-0925,order:CL-1690
PAY-01305,CL-1691,2026-09-25,16.20,0.77,captured,PO-0925,order:CL-1691
PAY-01306,CL-1694,2026-09-25,76.14,2.51,captured,PO-0925,order:CL-1694
PAY-01307,CL-1695,2026-09-25,34.56,1.30,captured,PO-0925,order:CL-1695
PAY-01308,CL-1696,2026-09-25,49.68,1.74,captured,PO-0925,order:CL-1696
PAY-01309,CL-1697,2026-09-25,63.99,2.16,captured,PO-0925,order:CL-1697
PAY-01310,CL-1698,2026-09-25,22.95,0.97,captured,PO-0925,order:CL-1698
PAY-01311,CL-1699,2026-09-25,3.51,0.40,captured,PO-0925,order:CL-1699
PAY-01312,CL-1700,2026-09-25,116.64,3.68,captured,PO-0925,order:CL-1700
PAY-01313,CL-1701,2026-09-25,57.24,1.96,captured,PO-0925,order:CL-1701
PAY-01314,CL-1702,2026-09-25,78.57,2.58,captured,PO-0925,order:CL-1702
PAY-01315,CL-1703,2026-09-25,27.54,1.10,captured,PO-0925,order:CL-1703
PAY-01316,CL-1705,2026-09-26,104.22,3.32,captured,PO-0926,order:CL-1705
PAY-01317,CL-1706,2026-09-26,12.96,0.68,captured,PO-0926,order:CL-1706
PAY-01318,CL-1707,2026-09-26,27.54,1.10,captured,PO-0926,order:CL-1707
PAY-01319,CL-1708,2026-09-26,68.04,2.27,captured,PO-0926,order:CL-1708
PAY-01320,CL-1709,2026-09-26,57.51,1.97,captured,PO-0926,order:CL-1709
PAY-01321,CL-1710,2026-09-26,97.20,3.12,captured,PO-0926,order:CL-1710
PAY-01322,CL-1711,2026-09-26,90.99,2.94,captured,PO-0926,order:CL-1711
PAY-01323,CL-1712,2026-09-26,65.07,2.19,captured,PO-0926,order:CL-1712
PAY-01324,CL-1713,2026-09-26,70.20,2.34,captured,PO-0926,order:CL-1713
PAY-01325,CL-1714,2026-09-26,10.53,0.61,captured,PO-0926,order:CL-1714
PAY-01326,CL-1715,2026-09-26,90.99,2.94,captured,PO-0926,order:CL-1715
PAY-01327,CL-1716,2026-09-26,38.07,1.40,captured,PO-0926,order:CL-1716
PAY-01328,CL-1717,2026-09-26,26.46,1.07,captured,PO-0926,order:CL-1717
PAY-01329,CL-1718,2026-09-26,28.08,1.11,captured,PO-0926,order:CL-1718
PAY-01330,CL-1719,2026-09-26,36.72,1.36,captured,PO-0926,order:CL-1719
PAY-01331,CL-1720,2026-09-26,78.84,2.59,captured,PO-0926,order:CL-1720
PAY-01332,CL-1721,2026-09-26,72.90,2.41,captured,PO-0926,order:CL-1721
PAY-01333,CL-1723,2026-09-26,19.44,0.86,captured,PO-0926,order:CL-1723
PAY-01334,CL-1724,2026-09-26,8.10,0.53,captured,PO-0926,order:CL-1724
PAY-01335,CL-1725,2026-09-26,63.99,2.16,captured,PO-0926,order:CL-1725
PAY-01336,CL-1726,2026-09-26,88.02,2.85,captured,PO-0926,order:CL-1726
PAY-01337,CL-1728,2026-09-26,43.47,1.56,captured,PO-0926,order:CL-1728
PAY-01338,CL-1729,2026-09-26,9.72,0.58,captured,PO-0926,order:CL-1729
PAY-01339,CL-1730,2026-09-26,7.02,0.50,captured,PO-0926,order:CL-1730
PAY-01340,CL-1732,2026-09-26,86.94,2.82,captured,PO-0926,order:CL-1732
PAY-01341,CL-1733,2026-09-26,12.15,0.65,captured,PO-0926,order:CL-1733
PAY-01342,CL-1734,2026-09-26,46.71,1.65,captured,PO-0926,order:CL-1734
PAY-01343,CL-1735,2026-09-26,25.92,1.05,captured,PO-0926,order:CL-1735
PAY-01344,CL-1736,2026-09-26,35.64,1.33,captured,PO-0926,order:CL-1736
PAY-01345,CL-1737,2026-09-26,83.43,2.72,captured,PO-0926,order:CL-1737
PAY-01346,CL-1739,2026-09-26,51.84,1.80,captured,PO-0926,order:CL-1739
PAY-01347,CL-1741,2026-09-26,51.84,1.80,captured,PO-0926,order:CL-1741
PAY-01348,CL-1743,2026-09-26,60.48,2.05,captured,PO-0926,order:CL-1743
PAY-01349,CL-1745,2026-09-26,5.40,0.46,captured,PO-0926,order:CL-1745
PAY-01350,CL-1746,2026-09-26,8.10,0.53,captured,PO-0926,order:CL-1746
PAY-01351,CL-1748,2026-09-26,34.02,1.29,captured,PO-0926,order:CL-1748
PAY-01352,CL-1750,2026-09-26,9.72,0.58,captured,PO-0926,order:CL-1750
PAY-01353,CL-1752,2026-09-26,87.48,2.84,captured,PO-0926,order:CL-1752
PAY-01354,CL-1753,2026-09-26,26.73,1.08,captured,PO-0926,order:CL-1753
PAY-01355,CL-1754,2026-09-26,102.60,3.28,captured,PO-0926,order:CL-1754
PAY-01356,CL-1755,2026-09-26,4.05,0.42,captured,PO-0926,order:CL-1755
PAY-01357,CL-1756,2026-09-26,71.28,2.37,captured,PO-0926,order:CL-1756
PAY-01358,CL-1757,2026-09-26,5.40,0.46,captured,PO-0926,order:CL-1757
PAY-01359,CL-1758,2026-09-26,36.45,1.36,captured,PO-0926,order:CL-1758
PAY-01360,CL-1759,2026-09-26,16.20,0.77,captured,PO-0926,order:CL-1759
PAY-01361,CL-1762,2026-09-26,10.80,0.61,captured,PO-0926,order:CL-1762
PAY-01362,CL-1763,2026-09-26,15.12,0.74,captured,PO-0926,order:CL-1763
PAY-01363,CL-1764,2026-09-26,100.44,3.21,captured,PO-0926,order:CL-1764
PAY-01364,CL-1765,2026-09-26,29.97,1.17,captured,PO-0926,order:CL-1765
PAY-01365,CL-1766,2026-09-26,53.46,1.85,captured,PO-0926,order:CL-1766
PAY-01366,CL-1767,2026-09-26,38.07,1.40,captured,PO-0926,order:CL-1767
PAY-01367,CL-1769,2026-09-26,51.84,1.80,captured,PO-0926,order:CL-1769
PAY-01368,CL-1770,2026-09-26,12.15,0.65,captured,PO-0926,order:CL-1770
PAY-01369,CL-1772,2026-09-26,5.40,0.46,captured,PO-0926,order:CL-1772
PAY-01370,CL-1773,2026-09-26,86.67,2.81,captured,PO-0926,order:CL-1773
PAY-01371,CL-1774,2026-09-26,137.70,4.29,captured,PO-0926,order:CL-1774
PAY-01372,CL-1775,2026-09-26,77.76,2.56,captured,PO-0926,order:CL-1775
PAY-01373,CL-1776,2026-09-26,63.18,2.13,captured,PO-0926,order:CL-1776
PAY-01374,CL-1779,2026-09-26,8.10,0.53,captured,PO-0926,order:CL-1779
PAY-01375,CL-1780,2026-09-26,71.28,2.37,captured,PO-0926,order:CL-1780
PAY-01376,CL-1782,2026-09-26,71.55,2.37,captured,PO-0926,order:CL-1782
PAY-01377,CL-1784,2026-09-26,17.82,0.82,captured,PO-0926,order:CL-1784
PAY-01378,CL-1785,2026-09-27,22.68,0.96,captured,PO-0927,order:CL-1785
PAY-01379,CL-1786,2026-09-27,105.30,3.35,captured,PO-0927,order:CL-1786
PAY-01380,CL-1787,2026-09-27,88.02,2.85,captured,PO-0927,order:CL-1787
PAY-01381,CL-1788,2026-09-27,51.84,1.80,captured,PO-0927,order:CL-1788
PAY-01382,CL-1789,2026-09-27,80.46,2.63,captured,PO-0927,order:CL-1789
PAY-01383,CL-1790,2026-09-27,56.70,1.94,captured,PO-0927,order:CL-1790
PAY-01384,CL-1791,2026-09-27,36.18,1.35,captured,PO-0927,order:CL-1791
PAY-01385,CL-1792,2026-09-27,114.21,3.61,captured,PO-0927,order:CL-1792
PAY-01386,CL-1793,2026-09-27,58.59,2.00,captured,PO-0927,order:CL-1793
PAY-01387,CL-1794,2026-09-27,33.48,1.27,captured,PO-0927,order:CL-1794
PAY-01388,CL-1796,2026-09-27,99.36,3.18,captured,PO-0927,order:CL-1796
PAY-01389,CL-1797,2026-09-27,47.85,1.69,captured,PO-0927,order:CL-1797
PAY-01390,CL-1799,2026-09-27,12.15,0.65,captured,PO-0927,order:CL-1799
PAY-01391,CL-1800,2026-09-27,47.52,1.68,captured,PO-0927,order:CL-1800
PAY-01392,CL-1801,2026-09-27,34.56,1.30,captured,PO-0927,order:CL-1801
PAY-01393,CL-1803,2026-09-27,106.92,3.40,captured,PO-0927,order:CL-1803
PAY-01394,CL-1804,2026-09-27,15.12,0.74,captured,PO-0927,order:CL-1804
PAY-01395,CL-1805,2026-09-27,25.92,1.05,captured,PO-0927,order:CL-1805
PAY-01396,CL-1807,2026-09-27,45.63,1.62,captured,PO-0927,order:CL-1807
PAY-01397,CL-1808,2026-09-27,8.10,0.53,captured,PO-0927,order:CL-1808
PAY-01398,CL-1809,2026-09-27,48.60,1.71,captured,PO-0927,order:CL-1809
PAY-01399,CL-1811,2026-09-27,53.46,1.85,captured,PO-0927,order:CL-1811
PAY-01400,CL-1812,2026-09-27,39.69,1.45,captured,PO-0927,order:CL-1812
PAY-01401,CL-1813,2026-09-27,80.46,2.63,captured,PO-0927,order:CL-1813
PAY-01402,CL-1814,2026-09-27,73.71,2.44,captured,PO-0927,order:CL-1814
PAY-01403,CL-1815,2026-09-27,43.74,1.57,captured,PO-0927,order:CL-1815
PAY-01404,CL-1816,2026-09-27,68.04,2.27,captured,PO-0927,order:CL-1816
PAY-01405,CL-1817,2026-09-27,12.96,0.68,captured,PO-0927,order:CL-1817
PAY-01406,CL-1818,2026-09-27,94.23,3.03,captured,PO-0927,order:CL-1818
PAY-01407,CL-1820,2026-09-27,47.79,1.69,captured,PO-0927,order:CL-1820
PAY-01408,CL-1821,2026-09-27,64.80,2.18,captured,PO-0927,order:CL-1821
PAY-01409,CL-1823,2026-09-27,25.38,1.04,captured,PO-0927,order:CL-1823
PAY-01410,CL-1824,2026-09-27,5.40,0.46,captured,PO-0927,order:CL-1824
PAY-01411,CL-1825,2026-09-27,55.89,1.92,captured,PO-0927,order:CL-1825
PAY-01412,CL-1826,2026-09-27,42.12,1.52,captured,PO-0927,order:CL-1826
PAY-01413,CL-1827,2026-09-27,98.82,3.17,captured,PO-0927,order:CL-1827
PAY-01414,CL-1828,2026-09-27,19.44,0.86,captured,PO-0927,order:CL-1828
PAY-01415,CL-1829,2026-09-27,89.64,2.90,captured,PO-0927,order:CL-1829
PAY-01416,CL-1831,2026-09-27,46.71,1.65,captured,PO-0927,order:CL-1831
PAY-01417,CL-1832,2026-09-27,69.66,2.32,captured,PO-0927,order:CL-1832
PAY-01418,CL-1833,2026-09-27,58.32,1.99,captured,PO-0927,order:CL-1833
PAY-01419,CL-1834,2026-09-27,34.56,1.30,captured,PO-0927,order:CL-1834
PAY-01420,CL-1835,2026-09-27,41.58,1.51,captured,PO-0927,order:CL-1835
PAY-01421,CL-1837,2026-09-27,91.53,2.95,captured,PO-0927,order:CL-1837
PAY-01422,CL-1838,2026-09-27,51.84,1.80,captured,PO-0927,order:CL-1838
PAY-01423,CL-1839,2026-09-27,81.00,2.65,captured,PO-0927,order:CL-1839
PAY-01424,CL-1840,2026-09-27,32.40,1.24,captured,PO-0927,order:CL-1840
PAY-01425,CL-1841,2026-09-27,34.56,1.30,captured,PO-0927,order:CL-1841
PAY-01426,CL-1842,2026-09-27,69.12,2.30,captured,PO-0927,order:CL-1842
PAY-01427,CL-1845,2026-09-27,83.43,2.72,captured,PO-0927,order:CL-1845
PAY-01428,CL-1846,2026-09-27,98.55,3.16,captured,PO-0927,order:CL-1846
PAY-01429,CL-1847,2026-09-27,72.09,2.39,captured,PO-0927,order:CL-1847
PAY-01430,CL-1849,2026-09-27,16.20,0.77,captured,PO-0927,order:CL-1849
PAY-01431,CL-1850,2026-09-27,58.05,1.98,captured,PO-0927,order:CL-1850
PAY-01432,CL-1851,2026-09-27,55.08,1.90,captured,PO-0927,order:CL-1851
PAY-01433,CL-1852,2026-09-27,8.10,0.53,captured,PO-0927,order:CL-1852
PAY-01434,CL-1853,2026-09-27,17.82,0.82,captured,PO-0927,order:CL-1853
PAY-01435,CL-1854,2026-09-27,73.44,2.43,captured,PO-0927,order:CL-1854
PAY-01436,CL-1855,2026-09-27,73.44,2.43,captured,PO-0927,order:CL-1855
PAY-01437,CL-1856,2026-09-27,61.56,2.09,captured,PO-0927,order:CL-1856
PAY-01438,CL-1857,2026-09-27,55.08,1.90,captured,PO-0927,order:CL-1857
PAY-01439,CL-1858,2026-09-27,61.56,2.09,captured,PO-0927,order:CL-1858
PAY-01440,CL-1859,2026-09-27,105.84,3.37,captured,PO-0927,order:CL-1859
PAY-01441,CL-1860,2026-09-27,53.46,1.85,captured,PO-0927,order:CL-1860
PAY-01442,CL-1861,2026-09-27,5.40,0.46,captured,PO-0927,order:CL-1861
PAY-01443,CL-1863,2026-09-27,126.36,3.96,captured,PO-0927,order:CL-1863
PAY-01444,CL-1865,2026-09-27,9.72,0.58,captured,PO-0927,order:CL-1865
PAY-01445,CL-1866,2026-09-27,51.03,1.78,captured,PO-0927,order:CL-1866
PAY-01446,CL-1868,2026-09-27,63.99,2.16,captured,PO-0927,order:CL-1868
PAY-01447,CL-1869,2026-09-27,41.04,1.49,captured,PO-0927,order:CL-1869
PAY-01448,CL-1870,2026-09-29,7.02,0.50,captured,PO-0929,order:CL-1870
PAY-01449,CL-1871,2026-09-29,54.00,1.87,captured,PO-0929,order:CL-1871
PAY-01450,CL-1872,2026-09-29,86.67,2.81,captured,PO-0929,order:CL-1872
PAY-01451,CL-1873,2026-09-29,10.53,0.61,captured,PO-0929,order:CL-1873
PAY-01452,CL-1874,2026-09-29,88.02,2.85,captured,PO-0929,order:CL-1874
PAY-01453,CL-1875,2026-09-29,34.56,1.30,captured,PO-0929,order:CL-1875
PAY-01454,CL-1876,2026-09-29,88.02,2.85,captured,PO-0929,order:CL-1876
PAY-01455,CL-1877,2026-09-29,34.56,1.30,captured,PO-0929,order:CL-1877
PAY-01456,CL-1878,2026-09-29,33.21,1.26,captured,PO-0929,order:CL-1878
PAY-01457,CL-1879,2026-09-29,93.42,3.01,captured,PO-0929,order:CL-1879
PAY-01458,CL-1880,2026-09-29,28.62,1.13,captured,PO-0929,order:CL-1880
PAY-01459,CL-1881,2026-09-29,98.82,3.17,captured,PO-0929,order:CL-1881
PAY-01460,CL-1882,2026-09-29,79.92,2.62,captured,PO-0929,order:CL-1882
PAY-01461,CL-1883,2026-09-29,7.02,0.50,captured,PO-0929,order:CL-1883
PAY-01462,CL-1884,2026-09-29,87.48,2.84,captured,PO-0929,order:CL-1884
PAY-01463,CL-1886,2026-09-29,69.66,2.32,captured,PO-0929,order:CL-1886
PAY-01464,CL-1887,2026-09-29,89.91,2.91,captured,PO-0929,order:CL-1887
PAY-01465,CL-1889,2026-09-29,52.38,1.82,captured,PO-0929,order:CL-1889
PAY-01466,CL-1890,2026-09-29,100.44,3.21,captured,PO-0929,order:CL-1890
PAY-01467,CL-1891,2026-09-29,16.20,0.77,captured,PO-0929,order:CL-1891
PAY-01468,CL-1892,2026-09-29,10.53,0.61,captured,PO-0929,order:CL-1892
PAY-01469,CL-1893,2026-09-29,81.00,2.65,captured,PO-0929,order:CL-1893
PAY-01470,CL-1894,2026-09-29,115.02,3.64,captured,PO-0929,order:CL-1894
PAY-01471,CL-1895,2026-09-29,34.56,1.30,captured,PO-0929,order:CL-1895
PAY-01472,CL-1896,2026-09-29,104.22,3.32,captured,PO-0929,order:CL-1896
PAY-01473,CL-1897,2026-09-29,51.84,1.80,captured,PO-0929,order:CL-1897
PAY-01474,CL-1898,2026-09-29,86.40,2.81,captured,PO-0929,order:CL-1898
PAY-01475,CL-1900,2026-09-29,116.64,3.68,captured,PO-0929,order:CL-1900
PAY-01476,CL-1901,2026-09-29,34.56,1.30,captured,PO-0929,order:CL-1901
PAY-01477,CL-1902,2026-09-29,70.74,2.35,captured,PO-0929,order:CL-1902
PAY-01478,CL-1904,2026-09-29,9.72,0.58,captured,PO-0929,order:CL-1904
PAY-01479,CL-1905,2026-09-29,9.45,0.57,captured,PO-0929,order:CL-1905
PAY-01480,CL-1906,2026-09-29,83.97,2.74,captured,PO-0929,order:CL-1906
PAY-01481,CL-1907,2026-09-29,56.43,1.94,captured,PO-0929,order:CL-1907
PAY-01482,CL-1908,2026-09-29,55.35,1.91,captured,PO-0929,order:CL-1908
PAY-01483,CL-1909,2026-09-29,10.80,0.61,captured,PO-0929,order:CL-1909
PAY-01484,CL-1910,2026-09-29,68.58,2.29,captured,PO-0929,order:CL-1910
PAY-01485,CL-1911,2026-09-29,37.26,1.38,captured,PO-0929,order:CL-1911
PAY-01486,CL-1912,2026-09-29,98.82,3.17,captured,PO-0929,order:CL-1912
PAY-01487,CL-1914,2026-09-29,55.35,1.91,captured,PO-0929,order:CL-1914
PAY-01488,CL-1916,2026-09-29,40.50,1.47,captured,PO-0929,order:CL-1916
PAY-01489,CL-1917,2026-09-29,90.72,2.93,captured,PO-0929,order:CL-1917
PAY-01490,CL-1919,2026-09-29,34.02,1.29,captured,PO-0929,order:CL-1919
PAY-01491,CL-1920,2026-09-29,60.48,2.05,captured,PO-0929,order:CL-1920
PAY-01492,CL-1921,2026-09-29,68.58,2.29,captured,PO-0929,order:CL-1921
PAY-01493,CL-1922,2026-09-29,17.82,0.82,captured,PO-0929,order:CL-1922
PAY-01494,CL-1923,2026-09-29,10.80,0.61,captured,PO-0929,order:CL-1923
PAY-01495,CL-1924,2026-09-29,19.44,0.86,captured,PO-0929,order:CL-1924
PAY-01496,CL-1925,2026-09-29,63.99,2.16,captured,PO-0929,order:CL-1925
PAY-01497,CL-1926,2026-09-29,62.37,2.11,captured,PO-0929,order:CL-1926
PAY-01498,CL-1927,2026-09-29,96.12,3.09,captured,PO-0929,order:CL-1927
PAY-01499,CL-1928,2026-09-29,54.27,1.87,captured,PO-0929,order:CL-1928
PAY-01500,CL-1929,2026-09-29,9.45,0.57,captured,PO-0929,order:CL-1929
PAY-01501,CL-1930,2026-09-29,118.80,3.75,captured,PO-0929,order:CL-1930
PAY-01502,CL-1931,2026-09-29,10.53,0.61,captured,PO-0929,order:CL-1931
PAY-01503,CL-1932,2026-09-29,44.28,1.58,captured,PO-0929,order:CL-1932
PAY-01504,CL-1933,2026-09-29,45.36,1.62,captured,PO-0929,order:CL-1933
PAY-01505,CL-1935,2026-09-29,3.51,0.40,captured,PO-0929,order:CL-1935
PAY-01506,CL-1937,2026-09-29,19.44,0.86,captured,PO-0929,order:CL-1937
PAY-01507,CL-1938,2026-09-29,12.15,0.65,captured,PO-0929,order:CL-1938
PAY-01508,CL-1940,2026-09-29,90.72,2.93,captured,PO-0929,order:CL-1940
PAY-01509,CL-1941,2026-09-29,34.56,1.30,captured,PO-0929,order:CL-1941
PAY-01510,CL-1942,2026-09-29,54.00,1.87,captured,PO-0929,order:CL-1942
PAY-01511,CL-1943,2026-09-29,106.92,3.40,captured,PO-0929,order:CL-1943
PAY-01512,CL-1945,2026-09-29,21.87,0.93,captured,PO-0929,order:CL-1945
PAY-01513,CL-1946,2026-09-29,30.78,1.19,captured,PO-0929,order:CL-1946
PAY-01514,CL-1947,2026-09-29,86.67,2.81,captured,PO-0929,order:CL-1947
PAY-01515,CL-1948,2026-09-29,90.72,2.93,captured,PO-0929,order:CL-1948
PAY-01516,CL-1949,2026-09-29,23.49,0.98,captured,PO-0929,order:CL-1949
PAY-01517,CL-1952,2026-09-29,64.26,2.16,captured,PO-0929,order:CL-1952
PAY-01518,CL-1953,2026-09-29,26.73,1.08,captured,PO-0929,order:CL-1953
PAY-01519,CL-1954,2026-09-29,75.06,2.48,captured,PO-0929,order:CL-1954
PAY-01520,CL-1955,2026-09-29,10.80,0.61,captured,PO-0929,order:CL-1955
PAY-01521,CL-1956,2026-09-29,8.10,0.53,captured,PO-0929,order:CL-1956
PAY-01522,CL-1960,2026-09-30,43.20,1.55,captured,PO-0930,order:CL-1960
PAY-01523,CL-1961,2026-09-30,93.15,3.00,captured,PO-0930,order:CL-1961
PAY-01524,CL-1962,2026-09-30,34.56,1.30,captured,PO-0930,order:CL-1962
PAY-01525,CL-1963,2026-09-30,64.26,2.16,captured,PO-0930,order:CL-1963
PAY-01526,CL-1965,2026-09-30,63.72,2.15,captured,PO-0930,order:CL-1965
PAY-01527,CL-1966,2026-09-30,62.37,2.11,captured,PO-0930,order:CL-1966
PAY-01528,CL-1967,2026-09-30,123.39,3.88,captured,PO-0930,order:CL-1967
PAY-01529,CL-1968,2026-09-30,62.10,2.10,captured,PO-0930,order:CL-1968
PAY-01530,CL-1969,2026-09-30,10.80,0.61,captured,PO-0930,order:CL-1969
PAY-01531,CL-1970,2026-09-30,51.84,1.80,captured,PO-0930,order:CL-1970
PAY-01532,CL-1971,2026-09-30,52.38,1.82,captured,PO-0930,order:CL-1971
PAY-01533,CL-1972,2026-09-30,4.05,0.42,captured,PO-0930,order:CL-1972
PAY-01534,CL-1974,2026-09-30,93.96,3.02,captured,PO-0930,order:CL-1974
PAY-01535,CL-1975,2026-09-30,99.36,3.18,captured,PO-0930,order:CL-1975
PAY-01536,CL-1976,2026-09-30,60.48,2.05,captured,PO-0930,order:CL-1976
PAY-01537,CL-1978,2026-09-30,7.02,0.50,captured,PO-0930,order:CL-1978
PAY-01538,CL-1979,2026-09-30,28.08,1.11,captured,PO-0930,order:CL-1979
PAY-01539,CL-1981,2026-09-30,106.92,3.40,captured,PO-0930,order:CL-1981
PAY-01540,CL-1982,2026-09-30,25.65,1.04,captured,PO-0930,order:CL-1982
PAY-01541,CL-1983,2026-09-30,52.38,1.82,captured,PO-0930,order:CL-1983
PAY-01542,CL-1984,2026-09-30,78.57,2.58,captured,PO-0930,order:CL-1984
PAY-01543,CL-1986,2026-09-30,85.86,2.79,captured,PO-0930,order:CL-1986
PAY-01544,CL-1987,2026-09-30,34.56,1.30,captured,PO-0930,order:CL-1987
PAY-01545,CL-1988,2026-09-30,10.80,0.61,captured,PO-0930,order:CL-1988
PAY-01546,CL-1989,2026-09-30,17.82,0.82,captured,PO-0930,order:CL-1989
PAY-01547,CL-1990,2026-09-30,38.88,1.43,captured,PO-0930,order:CL-1990
PAY-01548,CL-1991,2026-09-30,54.00,1.87,captured,PO-0930,order:CL-1991
PAY-01549,CL-1992,2026-09-30,68.04,2.27,captured,PO-0930,order:CL-1992
PAY-01550,CL-1993,2026-09-30,33.48,1.27,captured,PO-0930,order:CL-1993
PAY-01551,CL-1994,2026-09-30,22.68,0.96,captured,PO-0930,order:CL-1994
PAY-01552,CL-1995,2026-09-30,62.64,2.12,captured,PO-0930,order:CL-1995
PAY-01553,CL-1997,2026-09-30,155.52,4.81,captured,PO-0930,order:CL-1997
PAY-01554,CL-1998,2026-09-30,86.40,2.81,captured,PO-0930,order:CL-1998
PAY-01555,CL-1999,2026-09-30,43.20,1.55,captured,PO-0930,order:CL-1999
PAY-01556,CL-2000,2026-09-30,42.66,1.54,captured,PO-0930,order:CL-2000
PAY-01557,CL-2001,2026-09-30,59.40,2.02,captured,PO-0930,order:CL-2001
PAY-01558,CL-2002,2026-09-30,115.56,3.65,captured,PO-0930,order:CL-2002
PAY-01559,CL-2003,2026-09-30,4.05,0.42,captured,PO-0930,order:CL-2003
PAY-01560,CL-2004,2026-09-30,34.56,1.30,captured,PO-0930,order:CL-2004
PAY-01561,CL-2005,2026-09-30,34.56,1.30,captured,PO-0930,order:CL-2005
PAY-01562,CL-2006,2026-09-30,32.94,1.26,captured,PO-0930,order:CL-2006
PAY-01563,CL-2007,2026-09-30,89.10,2.88,captured,PO-0930,order:CL-2007
PAY-01564,CL-2008,2026-09-30,24.84,1.02,captured,PO-0930,order:CL-2008
PAY-01565,CL-2010,2026-09-30,19.44,0.86,captured,PO-0930,order:CL-2010
PAY-01566,CL-2011,2026-09-30,51.84,1.80,captured,PO-0930,order:CL-2011
PAY-01567,CL-2012,2026-09-30,7.02,0.50,captured,PO-0930,order:CL-2012
PAY-01568,CL-2013,2026-09-30,66.15,2.22,captured,PO-0930,order:CL-2013
PAY-01569,CL-2014,2026-09-30,118.80,3.75,captured,PO-0930,order:CL-2014
PAY-01570,CL-2015,2026-09-30,25.92,1.05,captured,PO-0930,order:CL-2015
PAY-01571,CL-2017,2026-09-30,93.96,3.02,captured,PO-0930,order:CL-2017
PAY-01572,CL-2018,2026-09-30,73.71,2.44,captured,PO-0930,order:CL-2018
PAY-01573,CL-2019,2026-09-30,22.68,0.96,captured,PO-0930,order:CL-2019
PAY-01574,CL-2020,2026-09-30,55.35,1.91,captured,PO-0930,order:CL-2020
PAY-01575,CL-0272,2026-09-04,80.19,2.63,captured,PO-0904,order:CL-0272
