payment_id,order_id,payment_at,tender,status,amount,fee,settled_at,reference,notes
P-202608-1072,O-202608-0406,2026-08-13T14:31:00,card,captured,254.88,7.69,2026-08-14,order:O-202608-0406,
P-202608-1073,O-202608-0433,2026-08-14T10:12:00,card,captured,259.20,7.82,2026-08-17,order:O-202608-0433,
P-202608-1074,O-202608-0762,2026-08-24T15:14:00,card,captured,233.28,7.07,2026-08-25,order:O-202608-0762,
P-202608-1075,O-202608-0913,2026-08-29T07:40:00,card,captured,36.07,1.35,2026-08-31,order:O-202608-0913,swipe
P-202608-1076,O-202608-0916,2026-08-29T10:05:00,card,captured,82.08,2.68,2026-08-31,order:O-202608-0916,
P-202608-1077,O-202608-0918,2026-08-29T11:25:00,card,captured,11.66,0.64,2026-08-31,order:O-202608-0918,chip
P-202608-1078,O-202608-0920,2026-08-29T12:34:00,card,captured,29.16,1.15,2026-08-31,order:O-202608-0920,
P-202608-1079,O-202608-0921,2026-08-29T12:40:00,card,captured,90.50,2.92,2026-08-31,order:O-202608-0921,contactless
P-202608-1080,O-202608-0922,2026-08-29T12:41:00,card,captured,112.05,3.55,2026-08-31,order:O-202608-0922,
P-202608-1081,O-202608-0924,2026-08-29T15:57:00,card,captured,221.40,6.72,2026-08-31,order:O-202608-0924,
P-202608-1082,O-202608-0925,2026-08-29T16:47:00,card,captured,69.12,2.30,2026-08-31,order:O-202608-0925,
P-202608-1083,O-202608-0926,2026-08-29T17:17:00,card,captured,329.18,9.85,2026-08-31,order:O-202608-0926,
P-202608-1084,O-202608-0927,2026-08-29T17:28:00,cash,captured,64.80,0.00,,order:O-202608-0927,
P-202608-1085,O-202608-0945,2026-08-30T07:42:00,card,captured,140.62,4.38,2026-08-31,order:O-202608-0945,swipe
P-202608-1086,O-202608-0946,2026-08-30T08:08:00,card,captured,70.20,2.34,2026-08-31,order:O-202608-0946,swipe
P-202608-1087,O-202608-0947,2026-08-30T08:54:00,card,captured,292.68,8.79,2026-08-31,order:O-202608-0947,contactless
P-202608-1088,O-202608-0948,2026-08-30T09:52:00,card,captured,68.26,2.28,2026-08-31,order:O-202608-0948,chip
P-202608-1089,O-202608-0950,2026-08-30T11:17:00,card,captured,258.12,7.79,2026-08-31,order:O-202608-0950,
P-202608-1090,O-202608-0953,2026-08-30T13:25:00,card,captured,45.36,1.62,2026-08-31,order:O-202608-0953,
P-202608-1091,O-202608-0957,2026-08-30T16:22:00,card,captured,141.48,4.40,2026-08-31,order:O-202608-0957,contactless
P-202608-1092,O-202608-0958,2026-08-30T16:49:00,card,captured,39.69,1.45,2026-08-31,order:O-202608-0958,swipe
P-202608-1093,O-202608-0977,2026-08-31T07:31:00,card,captured,29.16,1.15,2026-09-01,order:O-202608-0977,chip
P-202608-1094,O-202608-0986,2026-08-31T14:08:00,card,captured,254.88,7.69,2026-09-01,order:O-202608-0986,
P-202608-1095,O-202608-0987,2026-08-31T14:11:00,card,captured,194.24,5.93,2026-09-01,order:O-202608-0987,chip
P-202608-1096,O-202608-0988,2026-08-31T14:13:00,card,captured,60.48,2.05,2026-09-01,order:O-202608-0988,
P-202608-1097,O-202608-0989,2026-08-31T14:26:00,card,captured,129.60,4.06,2026-09-01,order:O-202608-0989,
P-202608-1098,O-202608-0990,2026-08-31T16:50:00,card,captured,127.27,3.99,2026-09-01,order:O-202608-0990,
P-202608-1099,O-202608-0991,2026-08-31T16:56:00,cash,captured,59.29,0.00,,order:O-202608-0991,
P-202608-1100,O-202608-0992,2026-08-31T17:28:00,card,captured,113.40,3.59,2026-09-01,order:O-202608-0992,
P-202609-0001,O-202609-0001,2026-09-01T07:06:00,cash,captured,220.32,0.00,,order:O-202609-0001,
P-202609-0002,O-202609-0002,2026-09-01T07:13:00,cash,captured,60.48,0.00,,order:O-202609-0002,
P-202609-0003,O-202609-0003,2026-09-01T07:37:00,cash,captured,339.93,0.00,,order:O-202609-0003,
P-202609-0004,O-202609-0004,2026-09-01T08:33:00,card,captured,49.57,1.74,2026-09-02,order:O-202609-0004,chip
P-202609-0005,O-202609-0005,2026-09-01T08:37:00,card,captured,110.59,3.51,2026-09-02,order:O-202609-0005,swipe
P-202609-0006,O-202609-0006,2026-09-01T08:49:00,card,captured,46.65,1.65,2026-09-02,order:O-202609-0006,
P-202609-0007,O-202609-0008,2026-09-01T09:13:00,card,captured,67.44,2.26,2026-09-02,order:O-202609-0008,chip
P-202609-0008,O-202609-0007,2026-09-01T09:13:00,card,captured,154.39,4.78,2026-09-02,order:O-202609-0007,contactless
P-202609-0009,O-202609-0009,2026-09-01T09:15:00,card,captured,280.80,8.44,2026-09-02,order:O-202609-0009,
P-202609-0010,O-202609-0010,2026-09-01T09:36:00,cash,captured,133.92,0.00,,order:O-202609-0010,
P-202609-0011,O-202609-0011,2026-09-01T10:10:00,card,captured,342.09,10.22,2026-09-02,order:O-202609-0011,swipe
P-202609-0012,O-202609-0012,2026-09-01T10:33:00,card,captured,126.36,3.96,2026-09-02,order:O-202609-0012,
P-202609-0013,O-202609-0013,2026-09-01T10:43:00,card,captured,309.37,9.27,2026-09-02,order:O-202609-0013,swipe
P-202609-0014,O-202609-0014,2026-09-01T10:47:00,card,captured,48.60,1.71,2026-09-02,order:O-202609-0014,contactless
P-202609-0015,O-202609-0015,2026-09-01T11:23:00,cash,captured,76.95,0.00,,order:O-202609-0015,
P-202609-0016,O-202609-0016,2026-09-01T11:25:00,card,captured,32.40,1.24,2026-09-02,order:O-202609-0016,contactless
P-202609-0017,O-202609-0017,2026-09-01T11:52:00,cash,captured,54.21,0.00,,order:O-202609-0017,
P-202609-0018,O-202609-0018,2026-09-01T12:13:00,card,captured,33.05,1.26,2026-09-02,order:O-202609-0018,
P-202609-0019,O-202609-0019,2026-09-01T12:55:00,card,captured,81.00,2.65,2026-09-02,order:O-202609-0019,chip
P-202609-0020,O-202609-0020,2026-09-01T13:02:00,card,captured,233.28,7.07,2026-09-02,order:O-202609-0020,contactless
P-202609-0021,O-202609-0021,2026-09-01T13:06:00,card,captured,25.11,1.03,2026-09-02,order:O-202609-0021,
P-202609-0022,O-202609-0022,2026-09-01T13:59:00,card,captured,38.72,1.42,2026-09-02,order:O-202609-0022,
P-202609-0023,O-202609-0023,2026-09-01T14:44:00,cash,captured,44.06,0.00,,order:O-202609-0023,
P-202609-0024,O-202609-0024,2026-09-01T14:58:00,card,captured,31.43,1.21,2026-09-02,order:O-202609-0024,
P-202609-0025,O-202609-0025,2026-09-01T15:09:00,card,captured,44.28,1.58,2026-09-02,order:O-202609-0025,contactless
P-202609-0026,O-202609-0026,2026-09-01T15:12:00,cash,captured,116.42,0.00,,order:O-202609-0026,
P-202609-0027,O-202609-0028,2026-09-01T15:50:00,card,captured,395.28,11.76,2026-09-02,order:O-202609-0028,contactless
P-202609-0028,O-202609-0027,2026-09-01T15:52:00,card,captured,254.50,7.68,2026-09-02,order:O-202609-0027,
P-202609-0029,O-202609-0029,2026-09-01T16:04:00,card,captured,28.18,1.12,2026-09-02,order:O-202609-0029,
P-202609-0030,O-202609-0030,2026-09-01T16:21:00,card,captured,346.79,10.36,2026-09-02,order:O-202609-0030,
P-202609-0031,O-202609-0031,2026-09-01T16:45:00,card,captured,44.28,1.58,2026-09-02,order:O-202609-0031,
P-202609-0032,O-202609-0032,2026-09-01T17:00:00,card,captured,45.36,1.62,2026-09-02,order:O-202609-0032,
P-202609-0033,O-202609-0033,2026-09-01T17:02:00,cash,captured,78.84,0.00,,order:O-202609-0033,
P-202609-0034,O-202609-0034,2026-09-01T17:51:00,card,captured,35.64,1.33,2026-09-02,order:O-202609-0034,
P-202609-0035,O-202609-0035,2026-09-01T18:00:00,card,captured,56.38,1.94,2026-09-02,order:O-202609-0035,
P-202609-0036,O-202609-0036,2026-09-02T07:53:00,card,captured,23.76,0.99,2026-09-03,order:O-202609-0036,contactless
P-202609-0037,O-202609-0037,2026-09-02T08:12:00,card,captured,152.82,4.73,2026-09-03,order:O-202609-0037,
P-202609-0038,O-202609-0038,2026-09-02T08:15:00,cash,captured,55.89,0.00,,order:O-202609-0038,
P-202609-0039,O-202609-0039,2026-09-02T08:18:00,card,captured,40.82,1.48,2026-09-03,order:O-202609-0039,contactless
P-202609-0040,O-202609-0040,2026-09-02T08:32:00,card,captured,129.60,4.06,2026-09-03,order:O-202609-0040,
P-202609-0041,O-202609-0041,2026-09-02T08:32:00,cash,captured,68.04,0.00,,order:O-202609-0041,
P-202609-0042,O-202609-0042,2026-09-02T08:42:00,cash,captured,84.24,0.00,,order:O-202609-0042,
P-202609-0043,O-202609-0043,2026-09-02T09:34:00,card,captured,29.70,1.16,2026-09-03,order:O-202609-0043,
P-202609-0044,O-202609-0044,2026-09-02T11:09:00,card,captured,45.36,1.62,2026-09-03,order:O-202609-0044,chip
P-202609-0045,O-202609-0045,2026-09-02T11:34:00,cash,captured,140.62,0.00,,order:O-202609-0045,
P-202609-0046,O-202609-0046,2026-09-02T11:54:00,card,captured,157.95,4.88,2026-09-03,order:O-202609-0046,
P-202609-0047,O-202609-0048,2026-09-02T12:09:00,cash,captured,193.97,0.00,,order:O-202609-0048,
P-202609-0048,O-202609-0047,2026-09-02T12:09:00,card,captured,301.75,9.05,2026-09-03,order:O-202609-0047,
P-202609-0049,O-202609-0049,2026-09-02T13:01:00,card,captured,48.44,1.70,2026-09-03,order:O-202609-0049,contactless
P-202609-0050,O-202609-0050,2026-09-02T13:06:00,card,captured,178.20,5.47,2026-09-03,order:O-202609-0050,
P-202609-0051,O-202609-0051,2026-09-02T13:18:00,cash,captured,34.56,0.00,,order:O-202609-0051,
P-202609-0052,,2026-09-02T13:30:00,card,captured,37.97,1.40,2026-09-03,terminal:1dc2cd,swipe
P-202609-0053,O-202609-0052,2026-09-02T13:41:00,cash,captured,166.32,0.00,,order:O-202609-0052,
P-202609-0054,O-202609-0053,2026-09-02T13:46:00,card,captured,45.36,1.62,2026-09-03,order:O-202609-0053,chip
P-202609-0055,O-202609-0054,2026-09-02T13:54:00,card,captured,64.80,2.18,2026-09-03,order:O-202609-0054,chip
P-202609-0056,O-202609-0055,2026-09-02T14:29:00,card,captured,36.72,1.36,2026-09-03,order:O-202609-0055,contactless
P-202609-0057,O-202609-0056,2026-09-02T14:41:00,card,captured,75.60,2.49,2026-09-03,order:O-202609-0056,
P-202609-0058,O-202609-0057,2026-09-02T15:02:00,cash,captured,74.74,0.00,,order:O-202609-0057,
P-202609-0059,O-202609-0058,2026-09-02T15:27:00,card,captured,57.02,1.95,2026-09-03,order:O-202609-0058,contactless
P-202609-0060,O-202609-0059,2026-09-02T15:29:00,card,captured,235.22,7.12,2026-09-03,order:O-202609-0059,contactless
P-202609-0061,O-202609-0060,2026-09-02T15:31:00,card,captured,176.58,5.42,2026-09-03,order:O-202609-0060,contactless
P-202609-0062,O-202609-0061,2026-09-02T15:35:00,card,captured,108.00,3.43,2026-09-03,order:O-202609-0061,
P-202609-0063,O-202609-0062,2026-09-02T16:00:00,card,captured,123.77,3.89,2026-09-03,order:O-202609-0062,
P-202609-0064,O-202609-0063,2026-09-02T16:36:00,card,captured,57.24,1.96,2026-09-03,order:O-202609-0063,contactless
P-202609-0065,O-202609-0064,2026-09-02T16:40:00,card,captured,16.52,0.78,2026-09-03,order:O-202609-0064,
P-202609-0066,O-202609-0065,2026-09-02T17:06:00,card,captured,183.01,5.61,2026-09-03,order:O-202609-0065,
P-202609-0067,O-202609-0066,2026-09-02T17:50:00,card,captured,216.00,6.56,2026-09-03,order:O-202609-0066,chip
P-202609-0068,O-202609-0067,2026-09-03T07:17:00,card,captured,42.12,1.52,2026-09-04,order:O-202609-0067,contactless
P-202609-0069,O-202609-0068,2026-09-03T07:25:00,card,captured,306.72,9.19,2026-09-04,order:O-202609-0068,swipe
P-202609-0070,O-202609-0069,2026-09-03T07:47:00,cash,captured,11.88,0.00,,order:O-202609-0069,
P-202609-0071,O-202609-0070,2026-09-03T07:48:00,card,captured,157.35,4.86,2026-09-04,order:O-202609-0070,swipe
P-202609-0072,O-202609-0071,2026-09-03T08:12:00,card,captured,97.20,3.12,2026-09-04,order:O-202609-0071,
P-202609-0073,O-202609-0072,2026-09-03T08:17:00,card,declined,11.29,0.00,,order:O-202609-0072,Card expired
P-202609-0074,O-202609-0072,2026-09-03T08:23:00,card,captured,11.29,0.63,2026-09-04,order:O-202609-0072,contactless
P-202609-0075,O-202609-0073,2026-09-03T08:35:00,card,captured,9.18,0.57,2026-09-04,order:O-202609-0073,contactless
P-202609-0076,O-202609-0074,2026-09-03T09:19:00,card,captured,222.26,6.75,2026-09-04,order:O-202609-0074,
P-202609-0077,O-202609-0075,2026-09-03T09:48:00,cash,captured,110.81,0.00,,order:O-202609-0075,
P-202609-0078,O-202609-0076,2026-09-03T10:29:00,card,captured,149.04,4.62,2026-09-04,order:O-202609-0076,contactless
P-202609-0079,O-202609-0077,2026-09-03T10:41:00,card,captured,96.66,3.10,2026-09-04,order:O-202609-0077,
P-202609-0080,O-202609-0078,2026-09-03T10:47:00,cash,captured,106.92,0.00,,order:O-202609-0078,
P-202609-0081,O-202609-0079,2026-09-03T11:23:00,card,captured,309.42,9.27,2026-09-04,order:O-202609-0079,
P-202609-0082,O-202609-0080,2026-09-03T12:05:00,card,captured,146.88,4.56,2026-09-04,order:O-202609-0080,swipe
P-202609-0083,O-202609-0081,2026-09-03T12:42:00,card,captured,72.36,2.40,2026-09-04,order:O-202609-0081,swipe
P-202609-0084,O-202609-0082,2026-09-03T13:26:00,card,captured,87.48,2.84,2026-09-04,order:O-202609-0082,
P-202609-0085,O-202609-0083,2026-09-03T13:30:00,cash,captured,108.00,0.00,,order:O-202609-0083,
P-202609-0086,O-202609-0084,2026-09-03T13:44:00,card,captured,168.04,5.17,2026-09-04,order:O-202609-0084,contactless
P-202609-0087,O-202609-0085,2026-09-03T14:40:00,card,captured,68.26,2.28,2026-09-04,order:O-202609-0085,
P-202609-0088,O-202609-0086,2026-09-03T14:53:00,cash,captured,51.84,0.00,,order:O-202609-0086,
P-202609-0089,O-202609-0087,2026-09-03T15:31:00,card,captured,72.25,2.40,2026-09-04,order:O-202609-0087,chip
P-202609-0090,O-202609-0088,2026-09-03T15:48:00,card,captured,44.82,1.60,2026-09-04,order:O-202609-0088,
P-202609-0091,O-202609-0089,2026-09-03T16:30:00,cash,captured,78.62,0.00,,order:O-202609-0089,
P-202609-0092,O-202609-0091,2026-09-03T16:50:00,cash,captured,82.46,0.00,,order:O-202609-0091,
P-202609-0093,O-202609-0090,2026-09-03T16:51:00,card,captured,81.00,2.65,2026-09-04,order:O-202609-0090,swipe
P-202609-0094,O-202609-0092,2026-09-03T17:38:00,cash,captured,86.83,0.00,,order:O-202609-0092,
P-202609-0095,O-202609-0093,2026-09-03T17:55:00,card,captured,64.80,2.18,2026-09-04,order:O-202609-0093,
P-202609-0096,O-202609-0094,2026-09-03T18:00:00,card,captured,168.48,5.19,2026-09-04,order:O-202609-0094,
P-202609-0097,O-202609-0095,2026-09-04T07:10:00,cash,captured,52.11,0.00,,order:O-202609-0095,
P-202609-0120,O-202609-0117,2026-09-04T15:00:00,cash,captured,23.76,0.00,,order:O-202609-0117,
P-202609-0098,O-202609-0096,2026-09-04T07:40:00,card,captured,91.37,2.95,2026-09-08,order:O-202609-0096,
P-202609-0099,O-202609-0097,2026-09-04T07:45:00,cash,captured,83.16,0.00,,order:O-202609-0097,
P-202609-0100,O-202609-0098,2026-09-04T08:15:00,card,declined,61.29,0.00,,order:O-202609-0098,Do not honor
P-202609-0101,O-202609-0098,2026-09-04T08:19:00,card,declined,61.29,0.00,,order:O-202609-0098,Insufficient funds
P-202609-0102,O-202609-0098,2026-09-04T08:20:00,card,captured,61.29,2.08,2026-09-08,order:O-202609-0098,contactless
P-202609-0103,O-202609-0099,2026-09-04T08:53:00,card,captured,51.84,1.80,2026-09-08,order:O-202609-0099,contactless
P-202609-0104,O-202609-0100,2026-09-04T08:56:00,card,captured,51.84,1.80,2026-09-08,order:O-202609-0100,contactless
P-202609-0105,O-202609-0102,2026-09-04T09:12:00,card,captured,174.96,5.37,2026-09-08,order:O-202609-0102,swipe
P-202609-0106,O-202609-0103,2026-09-04T09:33:00,card,captured,129.60,4.06,2026-09-08,order:O-202609-0103,
P-202609-0107,O-202609-0104,2026-09-04T10:09:00,card,captured,100.00,3.20,2026-09-08,order:O-202609-0104,
P-202609-0108,O-202609-0105,2026-09-04T10:11:00,card,captured,90.72,2.93,2026-09-08,order:O-202609-0105,swipe
P-202609-0109,O-202609-0106,2026-09-04T11:37:00,card,captured,52.81,1.83,2026-09-08,order:O-202609-0106,
P-202609-0110,O-202609-0107,2026-09-04T11:44:00,card,captured,26.73,1.08,2026-09-08,order:O-202609-0107,swipe
P-202609-0111,O-202609-0108,2026-09-04T12:03:00,cash,captured,97.20,0.00,,order:O-202609-0108,
P-202609-0112,O-202609-0109,2026-09-04T12:07:00,cash,captured,54.16,0.00,,order:O-202609-0109,
P-202609-0113,O-202609-0110,2026-09-04T13:01:00,card,captured,220.97,6.71,2026-09-08,order:O-202609-0110,chip
P-202609-0114,O-202609-0111,2026-09-04T13:04:00,cash,captured,110.16,0.00,,order:O-202609-0111,
P-202609-0115,O-202609-0112,2026-09-04T13:10:00,card,captured,61.56,2.09,2026-09-08,order:O-202609-0112,
P-202609-0116,O-202609-0113,2026-09-04T13:10:00,cash,captured,77.76,0.00,,order:O-202609-0113,
P-202609-0117,O-202609-0114,2026-09-04T13:53:00,card,captured,57.24,1.96,2026-09-08,order:O-202609-0114,
P-202609-0118,O-202609-0115,2026-09-04T14:30:00,card,captured,101.52,3.24,2026-09-08,order:O-202609-0115,contactless
P-202609-0119,O-202609-0116,2026-09-04T14:49:00,card,captured,120.20,3.79,2026-09-08,order:O-202609-0116,
P-202609-0120,O-202609-0117,2026-09-04T15:00:00,cash,captured,23.76,0.00,,order:O-202609-0117,
P-202609-0121,O-202609-0118,2026-09-04T15:16:00,card,captured,291.11,8.74,2026-09-08,order:O-202609-0118,
P-202609-0122,O-202609-0119,2026-09-04T15:18:00,card,captured,35.64,1.33,2026-09-08,order:O-202609-0119,
P-202609-0123,O-202609-0120,2026-09-04T15:18:00,card,captured,155.52,4.81,2026-09-08,order:O-202609-0120,swipe
P-202609-0124,O-202609-0121,2026-09-04T15:21:00,card,captured,98.66,3.16,2026-09-08,order:O-202609-0121,
P-202609-0125,O-202609-0122,2026-09-04T15:28:00,card,captured,146.77,4.56,2026-09-08,order:O-202609-0122,
P-202609-0126,O-202609-0123,2026-09-04T16:44:00,card,captured,22.68,0.96,2026-09-08,order:O-202609-0123,contactless
P-202609-0127,O-202609-0124,2026-09-04T16:46:00,cash,captured,72.36,0.00,,order:O-202609-0124,
P-202609-0128,O-202609-0125,2026-09-04T16:53:00,card,captured,160.70,4.96,2026-09-08,order:O-202609-0125,contactless
P-202609-0129,O-202609-0126,2026-09-04T17:34:00,cash,captured,62.86,0.00,,order:O-202609-0126,
P-202609-0130,O-202609-0127,2026-09-04T17:44:00,cash,captured,82.08,0.00,,order:O-202609-0127,
P-202609-0131,O-202609-0128,2026-09-05T07:15:00,card,captured,162.00,5.00,2026-09-08,order:O-202609-0128,
P-202609-0132,O-202609-0129,2026-09-05T07:54:00,card,captured,271.08,8.16,2026-09-08,order:O-202609-0129,
P-202609-0133,O-202609-0130,2026-09-05T08:10:00,card,captured,36.40,1.36,2026-09-08,order:O-202609-0130,swipe
P-202609-0134,O-202609-0131,2026-09-05T08:32:00,card,captured,131.22,4.11,2026-09-08,order:O-202609-0131,chip
P-202609-0135,O-202609-0132,2026-09-05T08:50:00,card,captured,114.37,3.62,2026-09-08,order:O-202609-0132,
P-202609-0136,O-202609-0133,2026-09-05T09:38:00,cash,captured,73.76,0.00,,order:O-202609-0133,
P-202609-0137,O-202609-0134,2026-09-05T10:34:00,cash,captured,156.92,0.00,,order:O-202609-0134,
P-202609-0138,O-202609-0135,2026-09-05T10:56:00,card,captured,10.80,0.61,2026-09-08,order:O-202609-0135,chip
P-202609-0139,O-202609-0136,2026-09-05T11:22:00,card,captured,45.36,1.62,2026-09-08,order:O-202609-0136,swipe
P-202609-0140,O-202609-0137,2026-09-05T12:12:00,card,captured,68.26,2.28,2026-09-08,order:O-202609-0137,
P-202609-0141,O-202609-0138,2026-09-05T12:52:00,card,captured,321.08,9.61,2026-09-08,order:O-202609-0138,swipe
P-202609-0142,O-202609-0139,2026-09-05T13:18:00,card,captured,17.50,0.81,2026-09-08,order:O-202609-0139,contactless
P-202609-0143,O-202609-0140,2026-09-05T13:37:00,cash,captured,11.88,0.00,,order:O-202609-0140,
P-202609-0144,O-202609-0141,2026-09-05T13:41:00,cash,captured,102.60,0.00,,order:O-202609-0141,
P-202609-0145,O-202609-0142,2026-09-05T14:13:00,card,captured,121.18,3.81,2026-09-08,order:O-202609-0142,
P-202609-0146,O-202609-0143,2026-09-05T14:37:00,card,captured,284.04,8.54,2026-09-08,order:O-202609-0143,contactless
P-202609-0147,O-202609-0144,2026-09-05T15:13:00,card,captured,184.19,5.64,2026-09-08,order:O-202609-0144,
P-202609-0148,O-202609-0145,2026-09-05T15:22:00,card,captured,118.64,3.74,2026-09-08,order:O-202609-0145,swipe
P-202609-0149,O-202609-0146,2026-09-05T15:59:00,card,captured,168.16,5.18,2026-09-08,order:O-202609-0146,swipe
P-202609-0150,O-202609-0147,2026-09-05T16:08:00,cash,captured,223.56,0.00,,order:O-202609-0147,
P-202609-0151,O-202609-0149,2026-09-05T16:48:00,card,captured,200.23,6.11,2026-09-08,order:O-202609-0149,contactless
P-202609-0152,O-202609-0148,2026-09-05T16:49:00,card,captured,44.06,1.58,2026-09-08,order:O-202609-0148,chip
P-202609-0153,O-202609-0150,2026-09-05T17:38:00,card,captured,57.24,1.96,2026-09-08,order:O-202609-0150,
P-202609-0154,O-202609-0151,2026-09-05T17:51:00,cash,captured,139.32,0.00,,order:O-202609-0151,
P-202609-0155,O-202609-0152,2026-09-06T07:10:00,cash,captured,60.48,0.00,,order:O-202609-0152,
P-202609-0156,O-202609-0153,2026-09-06T07:29:00,card,captured,93.31,3.01,2026-09-08,order:O-202609-0153,
P-202609-0157,O-202609-0154,2026-09-06T07:34:00,card,captured,5.40,0.46,2026-09-08,order:O-202609-0154,
P-202609-0158,O-202609-0155,2026-09-06T07:35:00,card,captured,107.46,3.42,2026-09-08,order:O-202609-0155,
P-202609-0159,O-202609-0156,2026-09-06T07:45:00,cash,captured,79.06,0.00,,order:O-202609-0156,
P-202609-0160,O-202609-0157,2026-09-06T08:08:00,card,captured,34.56,1.30,2026-09-08,order:O-202609-0157,swipe
P-202609-0161,O-202609-0158,2026-09-06T08:25:00,card,captured,345.60,10.32,2026-09-08,order:O-202609-0158,contactless
P-202609-0162,O-202609-0159,2026-09-06T08:25:00,cash,captured,50.76,0.00,,order:O-202609-0159,
P-202609-0163,O-202609-0160,2026-09-06T08:27:00,card,captured,129.60,4.06,2026-09-08,order:O-202609-0160,chip
P-202609-0164,O-202609-0161,2026-09-06T08:37:00,cash,captured,110.59,0.00,,order:O-202609-0161,
P-202609-0165,O-202609-0162,2026-09-06T08:52:00,cash,captured,11.29,0.00,,order:O-202609-0162,
P-202609-0166,O-202609-0163,2026-09-06T09:07:00,card,captured,199.58,6.09,2026-09-08,order:O-202609-0163,swipe
P-202609-0167,O-202609-0164,2026-09-06T10:47:00,card,captured,38.88,1.43,2026-09-08,order:O-202609-0164,
P-202609-0168,O-202609-0165,2026-09-06T11:07:00,card,captured,75.16,2.48,2026-09-08,order:O-202609-0165,
P-202609-0169,O-202609-0166,2026-09-06T11:17:00,card,captured,210.65,6.41,2026-09-08,order:O-202609-0166,
P-202609-0170,O-202609-0167,2026-09-06T11:18:00,card,captured,259.20,7.82,2026-09-08,order:O-202609-0167,chip
P-202609-0171,O-202609-0168,2026-09-06T11:38:00,card,captured,87.48,2.84,2026-09-08,order:O-202609-0168,contactless
P-202609-0172,O-202609-0169,2026-09-06T11:49:00,cash,captured,39.96,0.00,,order:O-202609-0169,
P-202609-0173,O-202609-0170,2026-09-06T11:58:00,card,captured,34.56,1.30,2026-09-08,order:O-202609-0170,
P-202609-0174,O-202609-0171,2026-09-06T12:06:00,card,captured,43.74,1.57,2026-09-08,order:O-202609-0171,
P-202609-0175,O-202609-0172,2026-09-06T12:15:00,card,captured,77.11,2.54,2026-09-08,order:O-202609-0172,
P-202609-0176,O-202609-0173,2026-09-06T12:34:00,card,captured,50.87,1.78,2026-09-08,order:O-202609-0173,contactless
P-202609-0177,O-202609-0174,2026-09-06T12:48:00,card,captured,80.14,2.62,2026-09-08,order:O-202609-0174,swipe
P-202609-0178,O-202609-0175,2026-09-06T12:54:00,card,captured,122.47,3.85,2026-09-08,order:O-202609-0175,
P-202609-0179,O-202609-0176,2026-09-06T13:23:00,card,captured,32.40,1.24,2026-09-08,order:O-202609-0176,
P-202609-0180,O-202609-0177,2026-09-06T13:32:00,card,captured,259.20,7.82,2026-09-08,order:O-202609-0177,
P-202609-0181,O-202609-0178,2026-09-06T14:30:00,cash,captured,16.20,0.00,,order:O-202609-0178,
P-202609-0182,O-202609-0179,2026-09-06T14:42:00,card,captured,46.82,1.66,2026-09-08,order:O-202609-0179,swipe
P-202609-0183,O-202609-0181,2026-09-06T14:44:00,card,captured,118.26,3.73,2026-09-08,order:O-202609-0181,
P-202609-0184,O-202609-0180,2026-09-06T14:44:00,card,captured,116.64,3.68,2026-09-08,order:O-202609-0180,contactless
P-202609-0185,O-202609-0142,2026-09-06T14:51:00,card,captured,121.18,3.81,2026-09-08,order:O-202609-0142,
P-202609-0186,O-202609-0182,2026-09-06T15:11:00,card,captured,233.28,7.07,2026-09-08,order:O-202609-0182,
P-202609-0187,O-202609-0184,2026-09-06T16:10:00,card,captured,15.39,0.75,2026-09-08,order:O-202609-0184,swipe
P-202609-0188,O-202609-0183,2026-09-06T16:13:00,card,captured,196.13,5.99,2026-09-08,order:O-202609-0183,
P-202609-0189,O-202609-0185,2026-09-06T16:14:00,cash,captured,22.03,0.00,,order:O-202609-0185,
P-202609-0190,O-202609-0186,2026-09-06T16:16:00,cash,captured,193.21,0.00,,order:O-202609-0186,
P-202609-0191,O-202609-0187,2026-09-06T16:24:00,card,captured,32.72,1.25,2026-09-08,order:O-202609-0187,chip
P-202609-0192,O-202609-0188,2026-09-06T16:27:00,cash,captured,114.91,0.00,,order:O-202609-0188,
P-202609-0193,O-202609-0189,2026-09-06T16:29:00,cash,captured,267.62,0.00,,order:O-202609-0189,
P-202609-0194,O-202609-0190,2026-09-06T17:17:00,card,captured,112.32,3.56,2026-09-08,order:O-202609-0190,
P-202609-0195,O-202609-0191,2026-09-06T17:27:00,card,captured,33.05,1.26,2026-09-08,order:O-202609-0191,chip
P-202609-0196,O-202609-0192,2026-09-06T17:49:00,card,captured,129.60,4.06,2026-09-08,order:O-202609-0192,chip
P-202609-0197,O-202609-0193,2026-09-07T07:18:00,card,captured,25.92,1.05,2026-09-08,order:O-202609-0193,
P-202609-0198,O-202609-0194,2026-09-07T07:27:00,card,captured,51.84,1.80,2026-09-08,order:O-202609-0194,
P-202609-0199,O-202609-0195,2026-09-07T07:43:00,card,captured,79.92,2.62,2026-09-08,order:O-202609-0195,contactless
P-202609-0200,O-202609-0196,2026-09-07T07:51:00,card,captured,139.32,4.34,2026-09-08,order:O-202609-0196,contactless
P-202609-0201,O-202609-0197,2026-09-07T08:19:00,cash,captured,75.44,0.00,,order:O-202609-0197,
P-202609-0202,O-202609-0198,2026-09-07T09:35:00,card,captured,50.76,1.77,2026-09-08,order:O-202609-0198,
P-202609-0203,O-202609-0199,2026-09-07T10:07:00,cash,captured,64.80,0.00,,order:O-202609-0199,
P-202609-0204,O-202609-0201,2026-09-07T10:17:00,card,captured,87.48,2.84,2026-09-08,order:O-202609-0201,contactless
P-202609-0205,O-202609-0200,2026-09-07T10:18:00,cash,captured,97.20,0.00,,order:O-202609-0200,
P-202609-0206,O-202609-0202,2026-09-07T10:29:00,card,captured,84.24,2.74,2026-09-08,order:O-202609-0202,
P-202609-0207,O-202609-0203,2026-09-07T11:13:00,card,captured,186.62,5.71,2026-09-08,order:O-202609-0203,swipe
P-202609-0208,O-202609-0204,2026-09-07T11:20:00,cash,captured,197.64,0.00,,order:O-202609-0204,
P-202609-0209,O-202609-0205,2026-09-07T12:27:00,card,captured,154.87,4.79,2026-09-08,order:O-202609-0205,
P-202609-0210,O-202609-0206,2026-09-07T12:31:00,cash,captured,12.96,0.00,,order:O-202609-0206,
P-202609-0211,O-202609-0207,2026-09-07T12:36:00,card,captured,29.16,1.15,2026-09-08,order:O-202609-0207,chip
P-202609-0212,O-202609-0208,2026-09-07T13:31:00,cash,captured,34.56,0.00,,order:O-202609-0208,
P-202609-0213,O-202609-0209,2026-09-07T13:54:00,card,captured,96.77,3.11,2026-09-08,order:O-202609-0209,
P-202609-0214,O-202609-0210,2026-09-07T13:57:00,card,captured,168.48,5.19,2026-09-08,order:O-202609-0210,contactless
P-202609-0215,O-202609-0211,2026-09-07T14:07:00,card,captured,155.52,4.81,2026-09-08,order:O-202609-0211,
P-202609-0216,O-202609-0212,2026-09-07T14:20:00,card,captured,77.22,2.54,2026-09-08,order:O-202609-0212,
P-202609-0217,O-202609-0213,2026-09-07T14:31:00,card,captured,159.41,4.92,2026-09-08,order:O-202609-0213,
P-202609-0218,O-202609-0214,2026-09-07T15:38:00,cash,captured,32.40,0.00,,order:O-202609-0214,
P-202609-0219,O-202609-0215,2026-09-07T16:01:00,card,captured,97.63,3.13,2026-09-08,order:O-202609-0215,
P-202609-0220,O-202609-0216,2026-09-07T16:26:00,cash,captured,124.20,0.00,,order:O-202609-0216,
P-202609-0221,O-202609-0217,2026-09-07T16:35:00,card,captured,66.10,2.22,2026-09-08,order:O-202609-0217,contactless
P-202609-0222,O-202609-0218,2026-09-07T16:44:00,card,captured,18.14,0.83,2026-09-08,order:O-202609-0218,
P-202609-0223,O-202609-0220,2026-09-07T17:11:00,cash,captured,95.26,0.00,,order:O-202609-0220,
P-202609-0224,O-202609-0219,2026-09-07T17:11:00,card,captured,169.78,5.22,2026-09-08,order:O-202609-0219,chip
P-202609-0225,O-202609-0221,2026-09-07T17:16:00,card,captured,82.94,2.71,2026-09-08,order:O-202609-0221,
P-202609-0226,O-202609-0222,2026-09-07T17:25:00,card,captured,86.40,2.81,2026-09-08,order:O-202609-0222,chip
P-202609-0227,O-202609-0223,2026-09-07T17:39:00,card,captured,64.45,2.17,2026-09-08,order:O-202609-0223,
P-202609-0228,O-202609-0223,2026-09-07T17:41:00,card,captured,61.91,2.10,2026-09-08,order:O-202609-0223,contactless
P-202609-0229,O-202609-0224,2026-09-08T07:24:00,card,captured,103.68,3.31,2026-09-09,order:O-202609-0224,
P-202609-0230,O-202609-0225,2026-09-08T07:47:00,card,captured,101.74,3.25,2026-09-09,order:O-202609-0225,
P-202609-0231,O-202609-0226,2026-09-08T07:53:00,card,captured,114.37,3.62,2026-09-09,order:O-202609-0226,swipe
P-202609-0232,O-202609-0227,2026-09-08T07:56:00,card,captured,100.60,3.22,2026-09-09,order:O-202609-0227,
P-202609-0233,O-202609-0228,2026-09-08T08:07:00,cash,captured,64.48,0.00,,order:O-202609-0228,
P-202609-0234,O-202609-0229,2026-09-08T08:24:00,cash,captured,21.92,0.00,,order:O-202609-0229,
P-202609-0235,O-202609-0231,2026-09-08T08:58:00,card,captured,169.02,5.20,2026-09-09,order:O-202609-0231,chip
P-202609-0236,O-202609-0232,2026-09-08T09:03:00,card,captured,161.46,4.98,2026-09-09,order:O-202609-0232,
P-202609-0237,O-202609-0233,2026-09-08T09:18:00,card,captured,68.04,2.27,2026-09-09,order:O-202609-0233,contactless
P-202609-0238,O-202609-0234,2026-09-08T10:05:00,card,captured,160.70,4.96,2026-09-09,order:O-202609-0234,contactless
P-202609-0239,O-202609-0235,2026-09-08T10:20:00,card,captured,125.33,3.93,2026-09-09,order:O-202609-0235,
P-202609-0240,O-202609-0236,2026-09-08T10:24:00,card,captured,369.04,11.00,2026-09-09,order:O-202609-0236,
P-202609-0241,O-202609-0237,2026-09-08T10:37:00,cash,captured,177.12,0.00,,order:O-202609-0237,
P-202609-0242,O-202609-0238,2026-09-08T10:38:00,card,captured,108.00,3.43,2026-09-09,order:O-202609-0238,swipe
P-202609-0243,O-202609-0239,2026-09-08T10:39:00,card,captured,81.00,2.65,2026-09-09,order:O-202609-0239,
P-202609-0244,O-202609-0240,2026-09-08T11:02:00,card,captured,87.48,2.84,2026-09-09,order:O-202609-0240,contactless
P-202609-0245,O-202609-0241,2026-09-08T11:34:00,card,captured,31.10,1.20,2026-09-09,order:O-202609-0241,swipe
P-202609-0246,O-202609-0242,2026-09-08T12:04:00,card,captured,126.36,3.96,2026-09-09,order:O-202609-0242,contactless
P-202609-0247,O-202609-0243,2026-09-08T12:20:00,card,captured,85.10,2.77,2026-09-09,order:O-202609-0243,
P-202609-0248,O-202609-0245,2026-09-08T12:38:00,cash,captured,77.76,0.00,,order:O-202609-0245,
P-202609-0249,,2026-09-08T12:52:00,card,captured,38.43,1.41,2026-09-09,terminal:38c628,
P-202609-0250,O-202609-0246,2026-09-08T13:08:00,cash,captured,278.64,0.00,,order:O-202609-0246,
P-202609-0251,O-202609-0247,2026-09-08T13:23:00,card,captured,178.20,5.47,2026-09-09,order:O-202609-0247,contactless
P-202609-0252,O-202609-0248,2026-09-08T13:49:00,card,captured,65.61,2.20,2026-09-09,order:O-202609-0248,swipe
P-202609-0253,O-202609-0249,2026-09-08T14:17:00,card,captured,21.60,0.93,2026-09-09,order:O-202609-0249,chip
P-202609-0254,O-202609-0250,2026-09-08T14:41:00,card,captured,285.12,8.57,2026-09-09,order:O-202609-0250,chip
P-202609-0255,O-202609-0251,2026-09-08T14:45:00,card,captured,144.99,4.50,2026-09-09,order:O-202609-0251,
P-202609-0256,O-202609-0252,2026-09-08T14:57:00,cash,captured,138.78,0.00,,order:O-202609-0252,
P-202609-0257,O-202609-0253,2026-09-08T15:14:00,card,captured,70.20,2.34,2026-09-09,order:O-202609-0253,chip
P-202609-0258,O-202609-0254,2026-09-08T15:16:00,cash,captured,79.92,0.00,,order:O-202609-0254,
P-202609-0259,O-202609-0255,2026-09-08T15:32:00,cash,captured,152.28,0.00,,order:O-202609-0255,
P-202609-0260,O-202609-0256,2026-09-08T16:04:00,card,captured,259.20,7.82,2026-09-09,order:O-202609-0256,
P-202609-0261,O-202609-0257,2026-09-08T16:19:00,cash,captured,49.25,0.00,,order:O-202609-0257,
P-202609-0262,O-202609-0258,2026-09-08T16:29:00,card,captured,56.97,1.95,2026-09-09,order:O-202609-0258,
P-202609-0263,O-202609-0259,2026-09-08T16:40:00,card,captured,167.62,5.16,2026-09-09,order:O-202609-0259,
P-202609-0264,O-202609-0260,2026-09-08T17:06:00,card,captured,129.60,4.06,2026-09-09,order:O-202609-0260,swipe
P-202609-0265,O-202609-0261,2026-09-08T17:33:00,cash,captured,73.44,0.00,,order:O-202609-0261,
P-202609-0266,O-202609-0262,2026-09-08T17:35:00,card,captured,106.92,3.40,2026-09-09,order:O-202609-0262,chip
P-202609-0267,O-202609-0263,2026-09-08T17:44:00,cash,captured,63.72,0.00,,order:O-202609-0263,
P-202609-0268,O-202609-0264,2026-09-09T08:34:00,card,captured,232.79,7.05,2026-09-10,order:O-202609-0264,contactless
P-202609-0269,O-202609-0265,2026-09-09T08:51:00,card,captured,356.40,10.64,2026-09-10,order:O-202609-0265,contactless
P-202609-0270,O-202609-0266,2026-09-09T08:55:00,card,captured,349.92,10.45,2026-09-10,order:O-202609-0266,
P-202609-0271,O-202609-0267,2026-09-09T09:44:00,card,captured,11.88,0.64,2026-09-10,order:O-202609-0267,
P-202609-0272,O-202609-0268,2026-09-09T10:00:00,card,captured,71.12,2.36,2026-09-10,order:O-202609-0268,
P-202609-0273,O-202609-0269,2026-09-09T10:14:00,card,captured,159.24,4.92,2026-09-10,order:O-202609-0269,swipe
P-202609-0274,O-202609-0270,2026-09-09T10:39:00,cash,captured,29.16,0.00,,order:O-202609-0270,
P-202609-0275,O-202609-0271,2026-09-09T11:07:00,card,captured,27.86,1.11,2026-09-10,order:O-202609-0271,swipe
P-202609-0276,O-202609-0272,2026-09-09T11:09:00,card,captured,126.36,3.96,2026-09-10,order:O-202609-0272,
P-202609-0277,O-202609-0273,2026-09-09T11:18:00,cash,captured,90.72,0.00,,order:O-202609-0273,
P-202609-0278,O-202609-0274,2026-09-09T11:39:00,card,captured,288.36,8.66,2026-09-10,order:O-202609-0274,
P-202609-0279,O-202609-0275,2026-09-09T11:55:00,card,captured,191.16,5.84,2026-09-10,order:O-202609-0275,swipe
P-202609-0280,O-202609-0276,2026-09-09T12:01:00,card,captured,88.56,2.87,2026-09-10,order:O-202609-0276,chip
P-202609-0281,O-202609-0277,2026-09-09T12:27:00,cash,captured,341.28,0.00,,order:O-202609-0277,
P-202609-0282,O-202609-0278,2026-09-09T12:52:00,card,captured,103.68,3.31,2026-09-10,order:O-202609-0278,swipe
P-202609-0283,O-202609-0279,2026-09-09T14:14:00,card,captured,83.11,2.71,2026-09-10,order:O-202609-0279,chip
P-202609-0284,O-202609-0280,2026-09-09T14:14:00,cash,captured,122.85,0.00,,order:O-202609-0280,
P-202609-0285,O-202609-0281,2026-09-09T14:18:00,card,captured,31.32,1.21,2026-09-10,order:O-202609-0281,
P-202609-0286,O-202609-0282,2026-09-09T14:27:00,card,captured,225.72,6.85,2026-09-10,order:O-202609-0282,
P-202609-0287,O-202609-0283,2026-09-09T15:15:00,cash,captured,193.10,0.00,,order:O-202609-0283,
P-202609-0288,O-202609-0284,2026-09-09T16:14:00,card,captured,349.92,10.45,2026-09-10,order:O-202609-0284,
P-202609-0289,O-202609-0285,2026-09-09T16:59:00,card,captured,82.08,2.68,2026-09-10,order:O-202609-0285,
P-202609-0290,O-202609-0286,2026-09-09T17:31:00,card,captured,69.12,2.30,2026-09-10,order:O-202609-0286,chip
P-202609-0291,O-202609-0287,2026-09-09T17:37:00,cash,captured,171.72,0.00,,order:O-202609-0287,
P-202609-0292,,2026-09-09T17:54:00,card,captured,68.04,2.27,2026-09-10,terminal:6c474e,chip
P-202609-0293,O-202609-0288,2026-09-10T07:11:00,card,captured,79.43,2.60,2026-09-11,order:O-202609-0288,swipe
P-202609-0294,O-202609-0289,2026-09-10T07:13:00,card,captured,48.23,1.70,2026-09-11,order:O-202609-0289,swipe
P-202609-0295,O-202609-0290,2026-09-10T07:17:00,card,captured,129.60,4.06,2026-09-11,order:O-202609-0290,contactless
P-202609-0296,O-202609-0291,2026-09-10T07:18:00,card,captured,119.45,3.76,2026-09-11,order:O-202609-0291,swipe
P-202609-0297,O-202609-0292,2026-09-10T07:54:00,card,captured,146.88,4.56,2026-09-11,order:O-202609-0292,swipe
P-202609-0298,O-202609-0293,2026-09-10T08:01:00,card,captured,15.39,0.75,2026-09-11,order:O-202609-0293,swipe
P-202609-0299,O-202609-0294,2026-09-10T08:47:00,card,captured,55.08,1.90,2026-09-11,order:O-202609-0294,chip
P-202609-0300,O-202609-0295,2026-09-10T08:52:00,card,captured,82.08,2.68,2026-09-11,order:O-202609-0295,
P-202609-0301,O-202609-0296,2026-09-10T08:52:00,card,captured,116.64,3.68,2026-09-11,order:O-202609-0296,
P-202609-0302,O-202609-0298,2026-09-10T09:02:00,cash,captured,68.04,0.00,,order:O-202609-0298,
P-202609-0303,O-202609-0297,2026-09-10T09:02:00,card,captured,320.27,9.59,2026-09-11,order:O-202609-0297,swipe
P-202609-0304,O-202609-0300,2026-09-10T11:42:00,card,captured,30.29,1.18,2026-09-11,order:O-202609-0300,
P-202609-0305,O-202609-0301,2026-09-10T11:43:00,card,captured,102.82,3.28,2026-09-11,order:O-202609-0301,contactless
P-202609-0306,O-202609-0302,2026-09-10T12:02:00,card,captured,129.60,4.06,2026-09-11,order:O-202609-0302,
P-202609-0307,O-202609-0303,2026-09-10T12:19:00,card,captured,408.89,12.16,2026-09-11,order:O-202609-0303,
P-202609-0308,O-202609-0304,2026-09-10T12:49:00,card,captured,434.16,12.89,2026-09-11,order:O-202609-0304,chip
P-202609-0309,O-202609-0305,2026-09-10T13:19:00,card,captured,155.52,4.81,2026-09-11,order:O-202609-0305,
P-202609-0310,O-202609-0306,2026-09-10T13:22:00,card,captured,110.16,3.49,2026-09-11,order:O-202609-0306,
P-202609-0311,O-202609-0307,2026-09-10T14:08:00,card,captured,105.19,3.35,2026-09-11,order:O-202609-0307,
P-202609-0312,O-202609-0308,2026-09-10T14:16:00,cash,captured,113.40,0.00,,order:O-202609-0308,
P-202609-0313,O-202609-0309,2026-09-10T14:16:00,card,captured,59.89,2.04,2026-09-11,order:O-202609-0309,contactless
P-202609-0314,O-202609-0311,2026-09-10T14:31:00,card,captured,73.87,2.44,2026-09-11,order:O-202609-0311,swipe
P-202609-0315,O-202609-0312,2026-09-10T14:32:00,cash,captured,172.04,0.00,,order:O-202609-0312,
P-202609-0316,O-202609-0310,2026-09-10T14:32:00,cash,captured,51.84,0.00,,order:O-202609-0310,
P-202609-0317,O-202609-0313,2026-09-10T14:34:00,card,captured,34.56,1.30,2026-09-11,order:O-202609-0313,swipe
P-202609-0318,O-202609-0314,2026-09-10T15:04:00,card,captured,100.65,3.22,2026-09-11,order:O-202609-0314,
P-202609-0319,O-202609-0315,2026-09-10T15:15:00,card,captured,132.19,4.13,2026-09-11,order:O-202609-0315,
P-202609-0320,O-202609-0316,2026-09-10T15:20:00,card,captured,16.52,0.78,2026-09-11,order:O-202609-0316,chip
P-202609-0321,O-202609-0317,2026-09-10T15:28:00,cash,captured,215.78,0.00,,order:O-202609-0317,
P-202609-0322,O-202609-0318,2026-09-10T15:29:00,card,captured,99.36,3.18,2026-09-11,order:O-202609-0318,
P-202609-0323,O-202609-0319,2026-09-10T15:39:00,cash,captured,97.20,0.00,,order:O-202609-0319,
P-202609-0324,O-202609-0320,2026-09-10T16:28:00,card,captured,162.65,5.02,2026-09-11,order:O-202609-0320,swipe
P-202609-0325,O-202609-0321,2026-09-10T16:42:00,card,captured,74.41,2.46,2026-09-11,order:O-202609-0321,
P-202609-0326,O-202609-0322,2026-09-10T17:18:00,cash,captured,109.08,0.00,,order:O-202609-0322,
P-202609-0327,O-202609-0323,2026-09-10T17:31:00,card,captured,29.38,1.15,2026-09-11,order:O-202609-0323,chip
P-202609-0328,O-202609-0324,2026-09-10T17:48:00,card,captured,196.02,5.98,2026-09-11,order:O-202609-0324,
P-202609-0329,O-202609-0325,2026-09-10T17:59:00,cash,captured,130.25,0.00,,order:O-202609-0325,
P-202609-0330,O-202609-0326,2026-09-11T08:07:00,card,captured,155.52,4.81,2026-09-14,order:O-202609-0326,
P-202609-0331,O-202609-0327,2026-09-11T08:28:00,card,captured,8.26,0.54,2026-09-14,order:O-202609-0327,
P-202609-0332,O-202609-0328,2026-09-11T08:33:00,card,captured,252.72,7.63,2026-09-14,order:O-202609-0328,
P-202609-0333,O-202609-0329,2026-09-11T09:46:00,card,captured,76.14,2.51,2026-09-14,order:O-202609-0329,
P-202609-0470,O-202609-0462,2026-09-15T07:31:00,card,captured,56.97,1.95,2026-09-16,order:O-202609-0462,swipe
P-202609-0773,O-202609-0758,2026-09-23T17:08:00,card,captured,289.44,8.69,2026-09-24,order:O-202609-0758,
P-202609-0334,O-202609-0330,2026-09-11T09:52:00,card,captured,46.39,1.65,2026-09-14,order:O-202609-0330,chip
P-202609-0335,O-202609-0331,2026-09-11T10:36:00,card,captured,272.16,8.19,2026-09-14,order:O-202609-0331,swipe
P-202609-0336,O-202609-0332,2026-09-11T10:52:00,card,captured,73.01,2.42,2026-09-14,order:O-202609-0332,
P-202609-0337,O-202609-0333,2026-09-11T10:59:00,card,captured,288.36,8.66,2026-09-14,order:O-202609-0333,swipe
P-202609-0338,O-202609-0334,2026-09-11T11:13:00,cash,captured,90.72,0.00,,order:O-202609-0334,
P-202609-0339,O-202609-0335,2026-09-11T11:19:00,card,captured,31.32,1.21,2026-09-14,order:O-202609-0335,chip
P-202609-0340,O-202609-0336,2026-09-11T11:41:00,card,captured,41.47,1.50,2026-09-14,order:O-202609-0336,chip
P-202609-0341,O-202609-0337,2026-09-11T11:58:00,card,captured,103.68,3.31,2026-09-14,order:O-202609-0337,contactless
P-202609-0342,O-202609-0338,2026-09-11T12:12:00,card,captured,145.26,4.51,2026-09-14,order:O-202609-0338,
P-202609-0343,O-202609-0339,2026-09-11T12:40:00,card,captured,129.60,4.06,2026-09-14,order:O-202609-0339,chip
P-202609-0344,O-202609-0340,2026-09-11T13:06:00,card,captured,44.06,1.58,2026-09-14,order:O-202609-0340,
P-202609-0345,O-202609-0341,2026-09-11T13:19:00,cash,captured,136.51,0.00,,order:O-202609-0341,
P-202609-0346,O-202609-0342,2026-09-11T13:30:00,cash,captured,147.96,0.00,,order:O-202609-0342,
P-202609-0347,O-202609-0343,2026-09-11T13:34:00,card,captured,379.08,11.29,2026-09-14,order:O-202609-0343,contactless
P-202609-0348,O-202609-0344,2026-09-11T14:09:00,card,captured,275.40,8.29,2026-09-14,order:O-202609-0344,chip
P-202609-0349,O-202609-0345,2026-09-11T15:47:00,card,captured,23.76,0.99,2026-09-14,order:O-202609-0345,
P-202609-0350,O-202609-0346,2026-09-11T16:00:00,card,captured,17.50,0.81,2026-09-14,order:O-202609-0346,
P-202609-0351,O-202609-0347,2026-09-11T16:18:00,cash,captured,157.25,0.00,,order:O-202609-0347,
P-202609-0352,O-202609-0348,2026-09-11T16:46:00,card,captured,67.82,2.27,2026-09-14,order:O-202609-0348,
P-202609-0353,O-202609-0350,2026-09-11T17:03:00,card,captured,89.64,2.90,2026-09-14,order:O-202609-0350,contactless
P-202609-0354,O-202609-0349,2026-09-11T17:03:00,cash,captured,81.65,0.00,,order:O-202609-0349,
P-202609-0355,O-202609-0351,2026-09-11T17:24:00,card,captured,11.02,0.62,2026-09-14,order:O-202609-0351,swipe
P-202609-0356,O-202609-0352,2026-09-11T17:29:00,card,captured,154.22,4.77,2026-09-14,order:O-202609-0352,chip
P-202609-0357,O-202609-0353,2026-09-11T17:35:00,card,captured,112.32,3.56,2026-09-14,order:O-202609-0353,
P-202609-0358,O-202609-0354,2026-09-11T17:45:00,card,captured,143.64,4.47,2026-09-14,order:O-202609-0354,chip
P-202609-0359,O-202609-0355,2026-09-12T08:19:00,card,captured,62.86,2.12,2026-09-14,order:O-202609-0355,swipe
P-202609-0360,O-202609-0356,2026-09-12T08:24:00,cash,captured,152.17,0.00,,order:O-202609-0356,
P-202609-0361,O-202609-0357,2026-09-12T08:41:00,card,captured,58.32,1.99,2026-09-14,order:O-202609-0357,contactless
P-202609-0362,O-202609-0358,2026-09-12T08:44:00,card,captured,69.12,2.30,2026-09-14,order:O-202609-0358,
P-202609-0363,O-202609-0359,2026-09-12T08:51:00,card,captured,84.24,2.74,2026-09-14,order:O-202609-0359,swipe
P-202609-0364,O-202609-0361,2026-09-12T09:02:00,card,captured,200.88,6.13,2026-09-14,order:O-202609-0361,
P-202609-0365,O-202609-0360,2026-09-12T09:02:00,cash,captured,58.75,0.00,,order:O-202609-0360,
P-202609-0366,O-202609-0362,2026-09-12T09:23:00,cash,captured,23.87,0.00,,order:O-202609-0362,
P-202609-0367,O-202609-0364,2026-09-12T11:06:00,card,captured,71.71,2.38,2026-09-14,order:O-202609-0364,chip
P-202609-0368,O-202609-0363,2026-09-12T11:07:00,card,captured,131.76,4.12,2026-09-14,order:O-202609-0363,swipe
P-202609-0369,O-202609-0365,2026-09-12T11:13:00,card,captured,23.76,0.99,2026-09-14,order:O-202609-0365,contactless
P-202609-0370,O-202609-0366,2026-09-12T11:17:00,card,captured,44.28,1.58,2026-09-14,order:O-202609-0366,
P-202609-0371,O-202609-0367,2026-09-12T11:20:00,card,captured,84.02,2.74,2026-09-14,order:O-202609-0367,
P-202609-0372,O-202609-0368,2026-09-12T11:24:00,card,captured,32.29,1.24,2026-09-14,order:O-202609-0368,
P-202609-0373,O-202609-0369,2026-09-12T11:36:00,cash,captured,38.88,0.00,,order:O-202609-0369,
P-202609-0374,O-202609-0370,2026-09-12T11:40:00,card,captured,73.44,2.43,2026-09-14,order:O-202609-0370,
P-202609-0375,O-202609-0371,2026-09-12T11:47:00,card,captured,112.86,3.57,2026-09-14,order:O-202609-0371,
P-202609-0376,,2026-09-12T11:52:00,card,captured,55.08,1.90,2026-09-14,terminal:2a11a2,swipe
P-202609-0377,O-202609-0372,2026-09-12T12:07:00,card,captured,294.52,8.84,2026-09-14,order:O-202609-0372,swipe
P-202609-0378,O-202609-0373,2026-09-12T12:08:00,cash,captured,73.44,0.00,,order:O-202609-0373,
P-202609-0379,O-202609-0374,2026-09-12T12:10:00,card,captured,87.48,2.84,2026-09-14,order:O-202609-0374,
P-202609-0380,O-202609-0375,2026-09-12T12:16:00,card,captured,86.40,2.81,2026-09-14,order:O-202609-0375,contactless
P-202609-0381,O-202609-0376,2026-09-12T12:54:00,card,captured,44.06,1.58,2026-09-14,order:O-202609-0376,chip
P-202609-0382,O-202609-0377,2026-09-12T12:55:00,card,captured,97.20,3.12,2026-09-14,order:O-202609-0377,contactless
P-202609-0383,O-202609-0378,2026-09-12T13:11:00,card,captured,298.08,8.94,2026-09-14,order:O-202609-0378,contactless
P-202609-0384,O-202609-0379,2026-09-12T13:50:00,cash,captured,66.42,0.00,,order:O-202609-0379,
P-202609-0385,O-202609-0380,2026-09-12T14:25:00,card,captured,180.79,5.54,2026-09-14,order:O-202609-0380,contactless
P-202609-0386,O-202609-0381,2026-09-12T14:40:00,card,captured,9.18,0.57,2026-09-14,order:O-202609-0381,
P-202609-0387,O-202609-0382,2026-09-12T14:57:00,cash,captured,192.24,0.00,,order:O-202609-0382,
P-202609-0388,O-202609-0383,2026-09-12T15:34:00,cash,captured,54.27,0.00,,order:O-202609-0383,
P-202609-0389,O-202609-0384,2026-09-12T15:51:00,card,captured,122.96,3.87,2026-09-14,order:O-202609-0384,
P-202609-0390,O-202609-0385,2026-09-12T16:53:00,card,captured,77.76,2.56,2026-09-14,order:O-202609-0385,
P-202609-0391,O-202609-0386,2026-09-12T16:58:00,card,captured,150.12,4.65,2026-09-14,order:O-202609-0386,
P-202609-0392,O-202609-0387,2026-09-12T17:10:00,card,captured,32.40,1.24,2026-09-14,order:O-202609-0387,
P-202609-0393,O-202609-0388,2026-09-12T17:34:00,cash,captured,38.88,0.00,,order:O-202609-0388,
P-202609-0394,O-202609-0389,2026-09-12T17:48:00,card,captured,32.08,1.23,2026-09-14,order:O-202609-0389,chip
P-202609-0395,O-202609-0391,2026-09-13T07:18:00,card,captured,95.90,3.08,2026-09-14,order:O-202609-0391,
P-202609-0396,O-202609-0390,2026-09-13T07:18:00,card,captured,51.84,1.80,2026-09-14,order:O-202609-0390,
P-202609-0397,O-202609-0392,2026-09-13T07:28:00,cash,captured,31.32,0.00,,order:O-202609-0392,
P-202609-0398,O-202609-0393,2026-09-13T07:54:00,cash,captured,54.11,0.00,,order:O-202609-0393,
P-202609-0399,O-202609-0394,2026-09-13T09:47:00,card,captured,33.70,1.28,2026-09-14,order:O-202609-0394,
P-202609-0400,O-202609-0395,2026-09-13T10:17:00,card,captured,78.73,2.58,2026-09-14,order:O-202609-0395,swipe
P-202609-0401,O-202609-0396,2026-09-13T10:34:00,card,captured,16.20,0.77,2026-09-14,order:O-202609-0396,chip
P-202609-0402,O-202609-0397,2026-09-13T11:13:00,card,captured,77.76,2.56,2026-09-14,order:O-202609-0397,
P-202609-0403,O-202609-0398,2026-09-13T11:29:00,card,captured,53.19,1.84,2026-09-14,order:O-202609-0398,
P-202609-0404,O-202609-0399,2026-09-13T11:31:00,cash,captured,324.00,0.00,,order:O-202609-0399,
P-202609-0405,O-202609-0400,2026-09-13T11:36:00,card,captured,260.50,7.85,2026-09-14,order:O-202609-0400,
P-202609-0406,O-202609-0401,2026-09-13T11:42:00,card,captured,92.88,2.99,2026-09-14,order:O-202609-0401,
P-202609-0407,O-202609-0402,2026-09-13T11:42:00,cash,captured,327.24,0.00,,order:O-202609-0402,
P-202609-0408,O-202609-0403,2026-09-13T12:02:00,card,captured,260.50,7.85,2026-09-14,order:O-202609-0403,
P-202609-0409,O-202609-0404,2026-09-13T12:17:00,card,captured,90.72,2.93,2026-09-14,order:O-202609-0404,contactless
P-202609-0410,O-202609-0405,2026-09-13T12:23:00,card,captured,65.34,2.19,2026-09-14,order:O-202609-0405,
P-202609-0411,O-202609-0406,2026-09-13T12:28:00,card,captured,41.85,1.51,2026-09-14,order:O-202609-0406,chip
P-202609-0412,O-202609-0407,2026-09-13T12:41:00,card,captured,31.32,1.21,2026-09-14,order:O-202609-0407,
P-202609-0413,O-202609-0408,2026-09-13T12:42:00,card,captured,43.74,1.57,2026-09-14,order:O-202609-0408,chip
P-202609-0414,O-202609-0409,2026-09-13T13:38:00,cash,captured,141.45,0.00,,order:O-202609-0409,
P-202609-0415,O-202609-0410,2026-09-13T13:38:00,cash,captured,35.64,0.00,,order:O-202609-0410,
P-202609-0416,O-202609-0411,2026-09-13T13:42:00,card,captured,42.12,1.52,2026-09-14,order:O-202609-0411,chip
P-202609-0417,O-202609-0412,2026-09-13T13:58:00,card,captured,76.84,2.53,2026-09-14,order:O-202609-0412,swipe
P-202609-0418,O-202609-0413,2026-09-13T14:16:00,card,captured,91.58,2.96,2026-09-14,order:O-202609-0413,
P-202609-0419,O-202609-0414,2026-09-13T17:11:00,cash,captured,217.73,0.00,,order:O-202609-0414,
P-202609-0420,O-202609-0415,2026-09-13T17:12:00,card,captured,144.99,4.50,2026-09-14,order:O-202609-0415,chip
P-202609-0421,O-202609-0416,2026-09-13T17:20:00,card,captured,145.15,4.51,2026-09-14,order:O-202609-0416,
P-202609-0422,O-202609-0417,2026-09-14T07:34:00,card,captured,211.78,6.44,2026-09-15,order:O-202609-0417,
P-202609-0423,O-202609-0418,2026-09-14T07:34:00,card,captured,103.68,3.31,2026-09-15,order:O-202609-0418,
P-202609-0424,O-202609-0419,2026-09-14T08:01:00,card,captured,222.10,6.74,2026-09-15,order:O-202609-0419,contactless
P-202609-0425,O-202609-0420,2026-09-14T08:03:00,card,captured,34.34,1.30,2026-09-15,order:O-202609-0420,contactless
P-202609-0426,O-202609-0421,2026-09-14T08:53:00,cash,captured,136.51,0.00,,order:O-202609-0421,
P-202609-0427,O-202609-0422,2026-09-14T09:01:00,card,captured,117.83,3.72,2026-09-15,order:O-202609-0422,
P-202609-0428,O-202609-0423,2026-09-14T09:10:00,card,captured,100.28,3.21,2026-09-15,order:O-202609-0423,swipe
P-202609-0429,O-202609-0425,2026-09-14T09:14:00,cash,captured,87.48,0.00,,order:O-202609-0425,
P-202609-0430,O-202609-0424,2026-09-14T09:15:00,card,captured,31.75,1.22,2026-09-15,order:O-202609-0424,swipe
P-202609-0431,O-202609-0424,2026-09-14T09:16:00,card,captured,31.75,1.22,2026-09-15,order:O-202609-0424,
P-202609-0432,O-202609-0426,2026-09-14T09:59:00,card,captured,31.10,1.20,2026-09-15,order:O-202609-0426,chip
P-202609-0433,O-202609-0427,2026-09-14T10:05:00,card,captured,92.23,2.97,2026-09-15,order:O-202609-0427,swipe
P-202609-0434,O-202609-0428,2026-09-14T10:19:00,card,captured,103.68,3.31,2026-09-15,order:O-202609-0428,
P-202609-0435,O-202609-0429,2026-09-14T10:28:00,card,captured,98.28,3.15,2026-09-15,order:O-202609-0429,chip
P-202609-0436,O-202609-0430,2026-09-14T10:42:00,card,captured,142.56,4.43,2026-09-15,order:O-202609-0430,swipe
P-202609-0437,O-202609-0431,2026-09-14T10:53:00,card,captured,151.20,4.68,2026-09-15,order:O-202609-0431,
P-202609-0438,O-202609-0432,2026-09-14T10:55:00,card,captured,16.20,0.77,2026-09-15,order:O-202609-0432,chip
P-202609-0439,O-202609-0433,2026-09-14T11:04:00,card,captured,138.67,4.32,2026-09-15,order:O-202609-0433,
P-202609-0440,O-202609-0434,2026-09-14T11:13:00,card,captured,90.72,2.93,2026-09-15,order:O-202609-0434,swipe
P-202609-0441,O-202609-0435,2026-09-14T11:21:00,card,declined,107.57,0.00,,order:O-202609-0435,Do not honor
P-202609-0442,O-202609-0435,2026-09-14T11:24:00,card,captured,107.57,3.42,2026-09-15,order:O-202609-0435,chip
P-202609-0443,O-202609-0437,2026-09-14T11:29:00,card,captured,38.88,1.43,2026-09-15,order:O-202609-0437,contactless
P-202609-0444,O-202609-0436,2026-09-14T11:29:00,card,captured,86.08,2.80,2026-09-15,order:O-202609-0436,contactless
P-202609-0445,O-202609-0438,2026-09-14T11:40:00,card,captured,150.83,4.67,2026-09-15,order:O-202609-0438,swipe
P-202609-0446,O-202609-0439,2026-09-14T11:56:00,cash,captured,97.20,0.00,,order:O-202609-0439,
P-202609-0447,O-202609-0440,2026-09-14T12:13:00,card,captured,14.58,0.72,2026-09-15,order:O-202609-0440,
P-202609-0448,O-202609-0441,2026-09-14T12:16:00,card,captured,154.39,4.78,2026-09-15,order:O-202609-0441,
P-202609-0449,O-202609-0442,2026-09-14T12:40:00,card,captured,179.06,5.49,2026-09-15,order:O-202609-0442,chip
P-202609-0450,O-202609-0443,2026-09-14T12:53:00,card,captured,125.71,3.95,2026-09-15,order:O-202609-0443,chip
P-202609-0451,O-202609-0444,2026-09-14T12:56:00,cash,captured,101.09,0.00,,order:O-202609-0444,
P-202609-0452,,2026-09-14T13:11:00,card,captured,67.29,2.25,2026-09-15,terminal:d6e8fc,
P-202609-0453,O-202609-0445,2026-09-14T13:20:00,card,captured,35.64,1.33,2026-09-15,order:O-202609-0445,
P-202609-0454,O-202609-0446,2026-09-14T13:23:00,card,captured,77.60,2.55,2026-09-15,order:O-202609-0446,
P-202609-0455,O-202609-0447,2026-09-14T13:42:00,card,captured,144.50,4.49,2026-09-15,order:O-202609-0447,contactless
P-202609-0456,O-202609-0448,2026-09-14T14:33:00,card,captured,110.16,3.49,2026-09-15,order:O-202609-0448,swipe
P-202609-0457,O-202609-0449,2026-09-14T14:59:00,card,captured,145.80,4.53,2026-09-15,order:O-202609-0449,
P-202609-0458,O-202609-0450,2026-09-14T15:19:00,cash,captured,144.72,0.00,,order:O-202609-0450,
P-202609-0459,O-202609-0451,2026-09-14T15:32:00,card,captured,93.96,3.02,2026-09-15,order:O-202609-0451,
P-202609-0460,O-202609-0452,2026-09-14T15:56:00,card,captured,36.99,1.37,2026-09-15,order:O-202609-0452,chip
P-202609-0461,O-202609-0453,2026-09-14T16:02:00,card,captured,61.24,2.08,2026-09-15,order:O-202609-0453,contactless
P-202609-0462,O-202609-0454,2026-09-14T16:24:00,card,captured,198.29,6.05,2026-09-15,order:O-202609-0454,swipe
P-202609-0463,O-202609-0455,2026-09-14T16:31:00,cash,captured,34.56,0.00,,order:O-202609-0455,
P-202609-0464,O-202609-0456,2026-09-14T16:41:00,cash,captured,81.97,0.00,,order:O-202609-0456,
P-202609-0465,O-202609-0457,2026-09-14T17:18:00,cash,captured,117.23,0.00,,order:O-202609-0457,
P-202609-0466,O-202609-0458,2026-09-14T17:33:00,card,captured,132.84,4.15,2026-09-15,order:O-202609-0458,
P-202609-0467,O-202609-0459,2026-09-14T17:40:00,card,captured,298.08,8.94,2026-09-15,order:O-202609-0459,
P-202609-0468,O-202609-0460,2026-09-14T17:58:00,card,captured,275.40,8.29,2026-09-15,order:O-202609-0460,
P-202609-0469,O-202609-0461,2026-09-15T07:18:00,card,captured,86.18,2.80,2026-09-16,order:O-202609-0461,contactless
P-202609-0470,O-202609-0462,2026-09-15T07:31:00,card,captured,56.97,1.95,2026-09-16,order:O-202609-0462,swipe
P-202609-0471,O-202609-0463,2026-09-15T07:53:00,card,captured,30.46,1.18,2026-09-16,order:O-202609-0463,
P-202609-0472,O-202609-0464,2026-09-15T08:10:00,card,captured,209.74,6.38,2026-09-16,order:O-202609-0464,
P-202609-0473,O-202609-0465,2026-09-15T08:26:00,card,captured,49.68,1.74,2026-09-16,order:O-202609-0465,chip
P-202609-0474,O-202609-0466,2026-09-15T08:31:00,card,captured,103.68,3.31,2026-09-16,order:O-202609-0466,
P-202609-0475,O-202609-0467,2026-09-15T08:56:00,cash,captured,47.52,0.00,,order:O-202609-0467,
P-202609-0476,O-202609-0468,2026-09-15T09:04:00,cash,captured,117.72,0.00,,order:O-202609-0468,
P-202609-0477,O-202609-0469,2026-09-15T09:21:00,cash,captured,137.16,0.00,,order:O-202609-0469,
P-202609-0478,O-202609-0470,2026-09-15T09:41:00,cash,captured,84.24,0.00,,order:O-202609-0470,
P-202609-0479,O-202609-0471,2026-09-15T10:00:00,card,captured,48.98,1.72,2026-09-16,order:O-202609-0471,
P-202609-0480,O-202609-0472,2026-09-15T10:03:00,card,captured,10.80,0.61,2026-09-16,order:O-202609-0472,swipe
P-202609-0481,O-202609-0473,2026-09-15T10:18:00,card,captured,143.64,4.47,2026-09-16,order:O-202609-0473,
P-202609-0482,O-202609-0474,2026-09-15T10:39:00,card,captured,194.40,5.94,2026-09-16,order:O-202609-0474,
P-202609-0483,O-202609-0475,2026-09-15T10:42:00,cash,captured,197.64,0.00,,order:O-202609-0475,
P-202609-0484,O-202609-0476,2026-09-15T10:57:00,card,captured,26.41,1.07,2026-09-16,order:O-202609-0476,contactless
P-202609-0485,O-202609-0477,2026-09-15T11:02:00,card,captured,5.40,0.46,2026-09-16,order:O-202609-0477,contactless
P-202609-0486,O-202609-0478,2026-09-15T11:25:00,card,captured,51.52,1.79,2026-09-16,order:O-202609-0478,
P-202609-0487,O-202609-0479,2026-09-15T11:42:00,cash,captured,106.92,0.00,,order:O-202609-0479,
P-202609-0488,O-202609-0480,2026-09-15T11:49:00,card,captured,35.64,1.33,2026-09-16,order:O-202609-0480,
P-202609-0489,O-202609-0481,2026-09-15T12:11:00,card,captured,178.42,5.47,2026-09-16,order:O-202609-0481,
P-202609-0490,O-202609-0482,2026-09-15T12:30:00,card,captured,136.73,4.27,2026-09-16,order:O-202609-0482,swipe
P-202609-0491,O-202609-0483,2026-09-15T12:30:00,card,captured,54.86,1.89,2026-09-16,order:O-202609-0483,contactless
P-202609-0492,O-202609-0484,2026-09-15T13:16:00,cash,captured,73.22,0.00,,order:O-202609-0484,
P-202609-0493,O-202609-0485,2026-09-15T13:35:00,card,captured,71.28,2.37,2026-09-16,order:O-202609-0485,swipe
P-202609-0494,O-202609-0486,2026-09-15T13:45:00,cash,captured,128.31,0.00,,order:O-202609-0486,
P-202609-0495,O-202609-0487,2026-09-15T14:01:00,cash,captured,150.77,0.00,,order:O-202609-0487,
P-202609-0496,O-202609-0488,2026-09-15T14:07:00,card,captured,343.44,10.26,2026-09-16,order:O-202609-0488,contactless
P-202609-0497,O-202609-0489,2026-09-15T14:21:00,card,captured,99.36,3.18,2026-09-16,order:O-202609-0489,
P-202609-0498,O-202609-0490,2026-09-15T14:25:00,cash,captured,141.86,0.00,,order:O-202609-0490,
P-202609-0499,O-202609-0491,2026-09-15T15:18:00,card,captured,116.64,3.68,2026-09-16,order:O-202609-0491,
P-202609-0500,O-202609-0492,2026-09-15T15:21:00,card,captured,96.28,3.09,2026-09-16,order:O-202609-0492,
P-202609-0501,O-202609-0493,2026-09-15T15:50:00,cash,captured,183.14,0.00,,order:O-202609-0493,
P-202609-0502,O-202609-0494,2026-09-15T16:05:00,card,captured,58.32,1.99,2026-09-16,order:O-202609-0494,contactless
P-202609-0503,O-202609-0495,2026-09-15T16:13:00,cash,captured,8.26,0.00,,order:O-202609-0495,
P-202609-0504,O-202609-0496,2026-09-15T16:28:00,cash,captured,72.25,0.00,,order:O-202609-0496,
P-202609-0505,O-202609-0497,2026-09-15T16:34:00,card,captured,239.76,7.25,2026-09-16,order:O-202609-0497,swipe
P-202609-0506,O-202609-0498,2026-09-15T17:00:00,cash,captured,9.72,0.00,,order:O-202609-0498,
P-202609-0507,O-202609-0499,2026-09-15T17:19:00,gift_card,captured,10.00,0.00,,order:O-202609-0499,
P-202609-0508,O-202609-0499,2026-09-15T17:20:00,card,captured,134.72,4.21,2026-09-16,order:O-202609-0499,
P-202609-0509,O-202609-0500,2026-09-15T17:26:00,cash,captured,34.56,0.00,,order:O-202609-0500,
P-202609-0510,O-202609-0501,2026-09-15T17:28:00,card,captured,125.07,3.93,2026-09-16,order:O-202609-0501,
P-202609-0511,O-202609-0502,2026-09-15T17:55:00,card,captured,344.09,10.28,2026-09-16,order:O-202609-0502,
P-202609-0512,O-202609-0503,2026-09-16T07:18:00,card,captured,71.12,2.36,2026-09-17,order:O-202609-0503,
P-202609-0513,O-202609-0504,2026-09-16T07:41:00,card,captured,55.08,1.90,2026-09-17,order:O-202609-0504,
P-202609-0514,,2026-09-16T08:38:00,card,captured,58.32,1.99,2026-09-17,order:O-202609-0505,
P-202609-0515,O-202609-0506,2026-09-16T09:17:00,card,captured,44.06,1.58,2026-09-17,order:O-202609-0506,contactless
P-202609-0516,O-202609-0507,2026-09-16T09:36:00,card,captured,78.79,2.58,2026-09-17,order:O-202609-0507,swipe
P-202609-0517,O-202609-0508,2026-09-16T10:13:00,cash,captured,177.55,0.00,,order:O-202609-0508,
P-202609-0518,O-202609-0509,2026-09-16T10:49:00,card,captured,298.46,8.96,2026-09-17,order:O-202609-0509,
P-202609-0519,O-202609-0510,2026-09-16T12:27:00,card,declined,267.84,0.00,,order:O-202609-0510,Card expired
P-202609-0520,O-202609-0511,2026-09-16T13:14:00,card,captured,33.86,1.28,2026-09-17,order:O-202609-0511,
P-202609-0521,O-202609-0512,2026-09-16T13:38:00,card,captured,68.04,2.27,2026-09-17,order:O-202609-0512,
P-202609-0522,O-202609-0513,2026-09-16T13:51:00,card,captured,16.20,0.77,2026-09-17,order:O-202609-0513,
P-202609-0523,O-202609-0515,2026-09-16T14:30:00,card,captured,55.08,1.90,2026-09-17,order:O-202609-0515,swipe
P-202609-0524,O-202609-0514,2026-09-16T14:30:00,card,captured,187.92,5.75,2026-09-17,order:O-202609-0514,contactless
P-202609-0525,O-202609-0516,2026-09-16T14:32:00,card,captured,349.92,10.45,2026-09-17,order:O-202609-0516,contactless
P-202609-0526,O-202609-0517,2026-09-16T15:27:00,card,captured,30.24,1.18,2026-09-17,order:O-202609-0517,
P-202609-0527,O-202609-0518,2026-09-16T15:37:00,cash,captured,68.04,0.00,,order:O-202609-0518,
P-202609-0528,O-202609-0519,2026-09-16T15:45:00,cash,captured,68.04,0.00,,order:O-202609-0519,
P-202609-0529,O-202609-0520,2026-09-16T15:53:00,card,captured,34.56,1.30,2026-09-17,order:O-202609-0520,swipe
P-202609-0530,O-202609-0521,2026-09-16T15:57:00,card,captured,162.65,5.02,2026-09-17,order:O-202609-0521,
P-202609-0531,O-202609-0522,2026-09-16T16:19:00,card,captured,329.08,9.84,2026-09-17,order:O-202609-0522,contactless
P-202609-0532,O-202609-0523,2026-09-16T16:41:00,card,captured,51.84,1.80,2026-09-17,order:O-202609-0523,swipe
P-202609-0533,O-202609-0525,2026-09-16T16:57:00,card,captured,38.88,1.43,2026-09-17,order:O-202609-0525,swipe
P-202609-0534,O-202609-0524,2026-09-16T16:58:00,card,captured,126.36,3.96,2026-09-17,order:O-202609-0524,
P-202609-0535,O-202609-0526,2026-09-16T17:21:00,card,captured,129.60,4.06,2026-09-17,order:O-202609-0526,
P-202609-0536,O-202609-0527,2026-09-16T17:45:00,card,declined,176.90,0.00,,order:O-202609-0527,Insufficient funds
P-202609-0537,O-202609-0528,2026-09-16T17:45:00,cash,captured,138.67,0.00,,order:O-202609-0528,
P-202609-0538,O-202609-0529,2026-09-17T07:04:00,card,captured,116.64,3.68,2026-09-18,order:O-202609-0529,swipe
P-202609-0539,O-202609-0530,2026-09-17T07:30:00,cash,captured,86.40,0.00,,order:O-202609-0530,
P-202609-0540,O-202609-0531,2026-09-17T08:10:00,card,captured,58.32,1.99,2026-09-18,order:O-202609-0531,contactless
P-202609-0541,,2026-09-17T08:53:00,card,captured,104.49,3.33,2026-09-18,order:O-202609-0532,chip
P-202609-0542,O-202609-0533,2026-09-17T09:32:00,card,captured,135.00,4.22,2026-09-18,order:O-202609-0533,chip
P-202609-0543,O-202609-0534,2026-09-17T09:35:00,card,captured,115.56,3.65,2026-09-18,order:O-202609-0534,swipe
P-202609-0544,O-202609-0535,2026-09-17T10:11:00,card,captured,38.88,1.43,2026-09-18,order:O-202609-0535,
P-202609-0545,O-202609-0536,2026-09-17T10:31:00,card,captured,55.40,1.91,2026-09-18,order:O-202609-0536,chip
P-202609-0546,O-202609-0537,2026-09-17T10:40:00,cash,captured,91.80,0.00,,order:O-202609-0537,
P-202609-0547,O-202609-0538,2026-09-17T10:52:00,cash,captured,259.20,0.00,,order:O-202609-0538,
P-202609-0548,O-202609-0540,2026-09-17T11:28:00,card,captured,25.92,1.05,2026-09-18,order:O-202609-0540,
P-202609-0549,O-202609-0539,2026-09-17T11:29:00,card,captured,22.68,0.96,2026-09-18,order:O-202609-0539,
P-202609-0550,O-202609-0541,2026-09-17T12:01:00,card,captured,30.13,1.17,2026-09-18,order:O-202609-0541,
P-202609-0551,O-202609-0542,2026-09-17T12:22:00,cash,captured,162.00,0.00,,order:O-202609-0542,
P-202609-0552,O-202609-0543,2026-09-17T12:37:00,card,captured,282.96,8.51,2026-09-18,order:O-202609-0543,
P-202609-0553,O-202609-0544,2026-09-17T12:48:00,card,captured,73.44,2.43,2026-09-18,order:O-202609-0544,contactless
P-202609-0554,O-202609-0545,2026-09-17T13:21:00,card,captured,46.66,1.65,2026-09-18,order:O-202609-0545,swipe
P-202609-0555,O-202609-0546,2026-09-17T13:28:00,cash,captured,32.83,0.00,,order:O-202609-0546,
P-202609-0556,O-202609-0548,2026-09-17T13:45:00,card,captured,166.32,5.12,2026-09-18,order:O-202609-0548,
P-202609-0557,O-202609-0547,2026-09-17T13:46:00,card,captured,167.62,5.16,2026-09-18,order:O-202609-0547,contactless
P-202609-0558,O-202609-0549,2026-09-17T14:07:00,card,captured,129.60,4.06,2026-09-18,order:O-202609-0549,swipe
P-202609-0559,O-202609-0550,2026-09-17T14:20:00,card,captured,32.40,1.24,2026-09-18,order:O-202609-0550,contactless
P-202609-0560,O-202609-0551,2026-09-17T15:01:00,card,captured,51.84,1.80,2026-09-18,order:O-202609-0551,chip
P-202609-0561,O-202609-0552,2026-09-17T15:20:00,card,captured,421.20,12.51,2026-09-18,order:O-202609-0552,chip
P-202609-0562,O-202609-0553,2026-09-17T15:40:00,cash,captured,145.80,0.00,,order:O-202609-0553,
P-202609-0563,,2026-09-17T15:57:00,card,captured,24.62,1.01,2026-09-18,order:O-202609-0554,
P-202609-0564,O-202609-0555,2026-09-17T15:58:00,card,captured,176.04,5.41,2026-09-18,order:O-202609-0555,contactless
P-202609-0565,O-202609-0556,2026-09-17T16:18:00,card,captured,84.24,2.74,2026-09-18,order:O-202609-0556,chip
P-202609-0566,O-202609-0557,2026-09-17T16:25:00,card,captured,80.35,2.63,2026-09-18,order:O-202609-0557,chip
P-202609-0567,O-202609-0558,2026-09-17T17:19:00,card,captured,34.56,1.30,2026-09-18,order:O-202609-0558,swipe
P-202609-0568,O-202609-0559,2026-09-17T17:51:00,card,captured,185.76,5.69,2026-09-18,order:O-202609-0559,
P-202609-0569,O-202609-0560,2026-09-18T07:11:00,card,captured,103.68,3.31,2026-09-21,order:O-202609-0560,chip
P-202609-0570,O-202609-0561,2026-09-18T07:33:00,card,captured,141.48,4.40,2026-09-21,order:O-202609-0561,chip
P-202609-0571,O-202609-0562,2026-09-18T07:37:00,card,captured,276.70,8.32,2026-09-21,order:O-202609-0562,contactless
P-202609-0572,O-202609-0563,2026-09-18T07:54:00,card,captured,174.37,5.36,2026-09-21,order:O-202609-0563,chip
P-202609-0573,O-202609-0564,2026-09-18T08:00:00,cash,captured,69.12,0.00,,order:O-202609-0564,
P-202609-0574,O-202609-0565,2026-09-18T08:17:00,card,captured,15.39,0.75,2026-09-21,order:O-202609-0565,
P-202609-0575,O-202609-0566,2026-09-18T08:22:00,cash,captured,47.52,0.00,,order:O-202609-0566,
P-202609-0576,O-202609-0567,2026-09-18T08:23:00,card,captured,172.80,5.31,2026-09-21,order:O-202609-0567,
P-202609-0577,O-202609-0568,2026-09-18T08:32:00,card,captured,88.13,2.86,2026-09-21,order:O-202609-0568,swipe
P-202609-0578,O-202609-0569,2026-09-18T08:35:00,card,captured,73.44,2.43,2026-09-21,order:O-202609-0569,
P-202609-0579,O-202609-0570,2026-09-18T08:50:00,cash,captured,193.32,0.00,,order:O-202609-0570,
P-202609-0580,O-202609-0572,2026-09-18T09:03:00,card,captured,267.84,8.07,2026-09-21,order:O-202609-0572,chip
P-202609-0581,,2026-09-18T09:04:00,card,captured,163.62,5.04,2026-09-21,order:O-202609-0571,
P-202609-0582,O-202609-0573,2026-09-18T09:08:00,card,captured,11.88,0.64,2026-09-21,order:O-202609-0573,
P-202609-0583,O-202609-0574,2026-09-18T09:25:00,card,captured,93.96,3.02,2026-09-21,order:O-202609-0574,
P-202609-0584,O-202609-0575,2026-09-18T09:27:00,card,captured,41.04,1.49,2026-09-21,order:O-202609-0575,contactless
P-202609-0585,O-202609-0576,2026-09-18T09:42:00,cash,captured,12.31,0.00,,order:O-202609-0576,
P-202609-0586,O-202609-0577,2026-09-18T10:13:00,card,captured,113.83,3.60,2026-09-21,order:O-202609-0577,chip
P-202609-0587,O-202609-0578,2026-09-18T10:23:00,cash,captured,27.54,0.00,,order:O-202609-0578,
P-202609-0588,O-202609-0579,2026-09-18T10:29:00,cash,captured,100.44,0.00,,order:O-202609-0579,
P-202609-0589,O-202609-0580,2026-09-18T10:54:00,card,captured,197.64,6.03,2026-09-21,order:O-202609-0580,
P-202609-0590,O-202609-0581,2026-09-18T10:55:00,card,captured,42.12,1.52,2026-09-21,order:O-202609-0581,
P-202609-0591,O-202609-0582,2026-09-18T11:20:00,card,captured,367.20,10.95,2026-09-21,order:O-202609-0582,swipe
P-202609-0592,O-202609-0583,2026-09-18T11:51:00,card,captured,33.48,1.27,2026-09-21,order:O-202609-0583,
P-202609-0593,O-202609-0584,2026-09-18T11:52:00,card,captured,113.40,3.59,2026-09-21,order:O-202609-0584,
P-202609-0594,O-202609-0585,2026-09-18T13:48:00,card,captured,64.80,2.18,2026-09-21,order:O-202609-0585,swipe
P-202609-0595,O-202609-0586,2026-09-18T14:00:00,card,captured,71.28,2.37,2026-09-21,order:O-202609-0586,contactless
P-202609-0596,O-202609-0587,2026-09-18T15:03:00,card,captured,326.16,9.76,2026-09-21,order:O-202609-0587,
P-202609-0597,O-202609-0588,2026-09-18T15:11:00,card,captured,145.80,4.53,2026-09-21,order:O-202609-0588,
P-202609-0598,O-202609-0589,2026-09-18T15:20:00,cash,captured,65.23,0.00,,order:O-202609-0589,
P-202609-0599,O-202609-0590,2026-09-18T15:43:00,card,captured,57.24,1.96,2026-09-21,order:O-202609-0590,contactless
P-202609-0600,O-202609-0591,2026-09-18T15:51:00,card,captured,127.44,4.00,2026-09-21,order:O-202609-0591,contactless
P-202609-0601,O-202609-0592,2026-09-18T16:16:00,cash,captured,72.79,0.00,,order:O-202609-0592,
P-202609-0602,O-202609-0593,2026-09-18T16:19:00,card,captured,9.72,0.58,2026-09-21,order:O-202609-0593,
P-202609-0603,O-202609-0594,2026-09-18T16:23:00,card,captured,64.72,2.18,2026-09-21,order:O-202609-0594,swipe
P-202609-0604,O-202609-0594,2026-09-18T16:23:00,card,captured,27.73,1.10,2026-09-21,order:O-202609-0594,contactless
P-202609-0605,O-202609-0595,2026-09-18T17:06:00,card,captured,38.88,1.43,2026-09-21,order:O-202609-0595,
P-202609-0606,O-202609-0596,2026-09-18T17:08:00,card,captured,52.65,1.83,2026-09-21,order:O-202609-0596,swipe
P-202609-0607,O-202609-0597,2026-09-18T17:23:00,card,captured,122.31,3.85,2026-09-21,order:O-202609-0597,contactless
P-202609-0608,O-202609-0598,2026-09-18T17:28:00,card,captured,86.40,2.81,2026-09-21,order:O-202609-0598,
P-202609-0609,O-202609-0600,2026-09-19T07:04:00,card,captured,19.44,0.86,2026-09-21,order:O-202609-0600,chip
P-202609-0610,O-202609-0599,2026-09-19T07:05:00,card,captured,141.48,4.40,2026-09-21,order:O-202609-0599,
P-202609-0611,O-202609-0601,2026-09-19T07:19:00,card,captured,40.45,1.47,2026-09-21,order:O-202609-0601,
P-202609-0612,O-202609-0602,2026-09-19T07:57:00,card,captured,57.24,1.96,2026-09-21,order:O-202609-0602,swipe
P-202609-0613,O-202609-0603,2026-09-19T08:25:00,card,captured,50.76,1.77,2026-09-21,order:O-202609-0603,swipe
P-202609-0614,O-202609-0604,2026-09-19T08:28:00,card,captured,126.25,3.96,2026-09-21,order:O-202609-0604,
P-202609-0615,O-202609-0605,2026-09-19T08:41:00,cash,captured,39.96,0.00,,order:O-202609-0605,
P-202609-0616,O-202609-0606,2026-09-19T09:05:00,card,captured,97.90,3.14,2026-09-21,order:O-202609-0606,contactless
P-202609-0617,O-202609-0607,2026-09-19T09:27:00,card,captured,82.08,2.68,2026-09-21,order:O-202609-0607,
P-202609-0618,O-202609-0608,2026-09-19T09:51:00,card,captured,172.80,5.31,2026-09-21,order:O-202609-0608,contactless
P-202609-0619,O-202609-0609,2026-09-19T09:55:00,card,captured,66.26,2.22,2026-09-21,order:O-202609-0609,swipe
P-202609-0620,O-202609-0610,2026-09-19T10:50:00,card,captured,311.04,9.32,2026-09-21,order:O-202609-0610,contactless
P-202609-0621,O-202609-0611,2026-09-19T11:16:00,card,captured,293.76,8.82,2026-09-21,order:O-202609-0611,
P-202609-0622,O-202609-0612,2026-09-19T11:20:00,card,captured,51.84,1.80,2026-09-21,order:O-202609-0612,contactless
P-202609-0623,O-202609-0613,2026-09-19T11:25:00,cash,captured,55.08,0.00,,order:O-202609-0613,
P-202609-0624,O-202609-0614,2026-09-19T11:37:00,cash,captured,55.08,0.00,,order:O-202609-0614,
P-202609-0625,O-202609-0615,2026-09-19T11:48:00,card,captured,87.48,2.84,2026-09-21,order:O-202609-0615,
P-202609-0626,O-202609-0616,2026-09-19T12:01:00,card,captured,109.78,3.48,2026-09-21,order:O-202609-0616,
P-202609-0627,O-202609-0617,2026-09-19T12:13:00,card,captured,69.12,2.30,2026-09-21,order:O-202609-0617,
P-202609-0628,O-202609-0618,2026-09-19T12:14:00,card,captured,154.87,4.79,2026-09-21,order:O-202609-0618,
P-202609-0629,O-202609-0619,2026-09-19T12:45:00,card,captured,311.04,9.32,2026-09-21,order:O-202609-0619,swipe
P-202609-0630,O-202609-0620,2026-09-19T12:52:00,cash,captured,136.08,0.00,,order:O-202609-0620,
P-202609-0631,O-202609-0621,2026-09-19T13:27:00,cash,captured,53.62,0.00,,order:O-202609-0621,
P-202609-0632,O-202609-0622,2026-09-19T14:12:00,card,captured,310.39,9.30,2026-09-21,order:O-202609-0622,
P-202609-0633,O-202609-0624,2026-09-19T14:48:00,card,captured,149.90,4.65,2026-09-21,order:O-202609-0624,chip
P-202609-0634,O-202609-0623,2026-09-19T14:49:00,card,captured,139.00,4.33,2026-09-21,order:O-202609-0623,
P-202609-0635,O-202609-0625,2026-09-19T15:20:00,card,declined,55.08,0.00,,order:O-202609-0625,Do not honor
P-202609-0636,O-202609-0625,2026-09-19T15:25:00,card,captured,55.08,1.90,2026-09-21,order:O-202609-0625,contactless
P-202609-0637,O-202609-0626,2026-09-19T15:58:00,card,captured,296.14,8.89,2026-09-21,order:O-202609-0626,contactless
P-202609-0638,O-202609-0627,2026-09-19T16:28:00,card,captured,42.77,1.54,2026-09-21,order:O-202609-0627,chip
P-202609-0639,O-202609-0628,2026-09-19T16:35:00,cash,captured,100.00,0.00,,order:O-202609-0628,
P-202609-0640,O-202609-0629,2026-09-19T17:13:00,cash,captured,194.40,0.00,,order:O-202609-0629,
P-202609-0641,O-202609-0630,2026-09-19T17:18:00,card,captured,295.81,8.88,2026-09-21,order:O-202609-0630,
P-202609-0642,O-202609-0631,2026-09-19T17:36:00,card,captured,138.89,4.33,2026-09-21,order:O-202609-0631,
P-202609-0643,O-202609-0632,2026-09-19T17:45:00,card,captured,38.88,1.43,2026-09-21,order:O-202609-0632,
P-202609-0644,O-202609-0633,2026-09-19T17:55:00,card,captured,58.32,1.99,2026-09-21,order:O-202609-0633,
P-202609-0645,O-202609-0634,2026-09-20T07:03:00,card,captured,97.69,3.13,2026-09-21,order:O-202609-0634,
P-202609-0646,O-202609-0635,2026-09-20T07:14:00,card,captured,30.83,1.19,2026-09-21,order:O-202609-0635,swipe
P-202609-0647,O-202609-0636,2026-09-20T07:59:00,card,captured,77.33,2.54,2026-09-21,order:O-202609-0636,
P-202609-0648,O-202609-0637,2026-09-20T08:08:00,cash,captured,63.02,0.00,,order:O-202609-0637,
P-202609-0649,O-202609-0638,2026-09-20T08:16:00,card,captured,57.57,1.97,2026-09-21,order:O-202609-0638,contactless
P-202609-0650,O-202609-0639,2026-09-20T08:20:00,card,captured,31.81,1.22,2026-09-21,order:O-202609-0639,chip
P-202609-0651,O-202609-0639,2026-09-20T08:21:00,gift_card,captured,25.00,0.00,,order:O-202609-0639,
P-202609-0652,O-202609-0640,2026-09-20T08:23:00,card,captured,184.68,5.66,2026-09-21,order:O-202609-0640,swipe
P-202609-0653,O-202609-0641,2026-09-20T08:29:00,card,captured,170.21,5.24,2026-09-21,order:O-202609-0641,
P-202609-0654,O-202609-0642,2026-09-20T08:40:00,cash,captured,288.36,0.00,,order:O-202609-0642,
P-202609-0655,O-202609-0643,2026-09-20T08:54:00,cash,captured,81.00,0.00,,order:O-202609-0643,
P-202609-0656,O-202609-0644,2026-09-20T09:41:00,gift_card,captured,25.00,0.00,,order:O-202609-0644,
P-202609-0657,O-202609-0644,2026-09-20T09:43:00,cash,captured,5.24,0.00,,order:O-202609-0644,
P-202609-0658,O-202609-0645,2026-09-20T10:12:00,cash,captured,52.97,0.00,,order:O-202609-0645,
P-202609-0659,O-202609-0646,2026-09-20T10:35:00,card,captured,42.12,1.52,2026-09-21,order:O-202609-0646,
P-202609-0660,O-202609-0647,2026-09-20T10:42:00,card,captured,174.32,5.36,2026-09-21,order:O-202609-0647,contactless
P-202609-0661,O-202609-0648,2026-09-20T10:45:00,card,captured,81.65,2.67,2026-09-21,order:O-202609-0648,contactless
P-202609-0662,O-202609-0649,2026-09-20T11:42:00,cash,captured,112.32,0.00,,order:O-202609-0649,
P-202609-0663,O-202609-0650,2026-09-20T12:13:00,cash,captured,46.17,0.00,,order:O-202609-0650,
P-202609-0664,O-202609-0651,2026-09-20T12:25:00,card,captured,103.68,3.31,2026-09-21,order:O-202609-0651,chip
P-202609-0665,O-202609-0652,2026-09-20T14:04:00,card,captured,103.68,3.31,2026-09-21,order:O-202609-0652,
P-202609-0666,O-202609-0653,2026-09-20T14:09:00,cash,captured,89.42,0.00,,order:O-202609-0653,
P-202609-0667,O-202609-0654,2026-09-20T14:10:00,card,captured,68.69,2.29,2026-09-21,order:O-202609-0654,chip
P-202609-0668,O-202609-0655,2026-09-20T14:24:00,card,captured,73.76,2.44,2026-09-21,order:O-202609-0655,contactless
P-202609-0669,O-202609-0656,2026-09-20T14:42:00,card,captured,126.36,3.96,2026-09-21,order:O-202609-0656,
P-202609-0670,O-202609-0657,2026-09-20T15:23:00,card,captured,55.73,1.92,2026-09-21,order:O-202609-0657,contactless
P-202609-0671,O-202609-0658,2026-09-20T15:40:00,card,captured,46.66,1.65,2026-09-21,order:O-202609-0658,
P-202609-0672,O-202609-0659,2026-09-20T15:40:00,cash,captured,314.93,0.00,,order:O-202609-0659,
P-202609-0673,O-202609-0660,2026-09-20T16:11:00,card,captured,65.88,2.21,2026-09-21,order:O-202609-0660,
P-202609-0674,O-202609-0661,2026-09-20T16:40:00,cash,captured,33.05,0.00,,order:O-202609-0661,
P-202609-0675,O-202609-0662,2026-09-20T17:42:00,card,captured,93.96,3.02,2026-09-21,order:O-202609-0662,contactless
P-202609-0676,O-202609-0663,2026-09-20T18:00:00,cash,captured,90.72,0.00,,order:O-202609-0663,
P-202609-0677,O-202609-0664,2026-09-21T07:09:00,card,captured,137.38,4.28,2026-09-22,order:O-202609-0664,
P-202609-0678,O-202609-0665,2026-09-21T07:12:00,card,captured,63.72,2.15,2026-09-22,order:O-202609-0665,
P-202609-0679,O-202609-0666,2026-09-21T07:20:00,card,captured,211.08,6.42,2026-09-22,order:O-202609-0666,swipe
P-202609-0680,O-202609-0667,2026-09-21T07:26:00,card,captured,335.66,10.03,2026-09-22,order:O-202609-0667,chip
P-202609-0681,O-202609-0668,2026-09-21T07:35:00,card,captured,128.41,4.02,2026-09-22,order:O-202609-0668,swipe
P-202609-0682,O-202609-0669,2026-09-21T07:58:00,cash,captured,137.21,0.00,,order:O-202609-0669,
P-202609-0683,O-202609-0670,2026-09-21T08:10:00,cash,captured,178.20,0.00,,order:O-202609-0670,
P-202609-0684,O-202609-0671,2026-09-21T10:08:00,cash,captured,92.88,0.00,,order:O-202609-0671,
P-202609-0685,O-202609-0672,2026-09-21T10:16:00,card,captured,251.21,7.59,2026-09-22,order:O-202609-0672,swipe
P-202609-0686,O-202609-0673,2026-09-21T10:37:00,card,captured,213.84,6.50,2026-09-22,order:O-202609-0673,swipe
P-202609-0687,O-202609-0674,2026-09-21T10:46:00,card,captured,96.55,3.10,2026-09-22,order:O-202609-0674,
P-202609-0688,O-202609-0676,2026-09-21T11:21:00,card,captured,272.16,8.19,2026-09-22,order:O-202609-0676,
P-202609-0689,O-202609-0675,2026-09-21T11:23:00,cash,captured,110.16,0.00,,order:O-202609-0675,
P-202609-0690,O-202609-0677,2026-09-21T11:23:00,cash,captured,145.37,0.00,,order:O-202609-0677,
P-202609-0691,O-202609-0679,2026-09-21T11:45:00,card,captured,46.87,1.66,2026-09-22,order:O-202609-0679,
P-202609-0792,O-202609-0778,2026-09-24T10:03:00,card,captured,33.05,1.26,2026-09-25,order:O-202609-0778,
P-202609-0692,O-202609-0678,2026-09-21T11:45:00,cash,captured,52.16,0.00,,order:O-202609-0678,
P-202609-0693,O-202609-0680,2026-09-21T12:10:00,card,captured,82.29,2.69,2026-09-22,order:O-202609-0680,swipe
P-202609-0694,O-202609-0681,2026-09-21T12:17:00,card,captured,44.28,1.58,2026-09-22,order:O-202609-0681,contactless
P-202609-0695,O-202609-0682,2026-09-21T12:21:00,cash,captured,150.99,0.00,,order:O-202609-0682,
P-202609-0696,O-202609-0683,2026-09-21T13:37:00,card,captured,117.72,3.71,2026-09-22,order:O-202609-0683,chip
P-202609-0697,O-202609-0684,2026-09-21T13:43:00,cash,captured,285.12,0.00,,order:O-202609-0684,
P-202609-0698,O-202609-0685,2026-09-21T14:06:00,card,captured,90.72,2.93,2026-09-22,order:O-202609-0685,swipe
P-202609-0699,O-202609-0686,2026-09-21T14:25:00,card,captured,66.42,2.23,2026-09-22,order:O-202609-0686,
P-202609-0700,O-202609-0687,2026-09-21T14:51:00,cash,captured,22.03,0.00,,order:O-202609-0687,
P-202609-0701,O-202609-0688,2026-09-21T15:24:00,card,captured,142.56,4.43,2026-09-22,order:O-202609-0688,
P-202609-0702,O-202609-0689,2026-09-21T16:01:00,cash,captured,126.36,0.00,,order:O-202609-0689,
P-202609-0703,O-202609-0690,2026-09-21T16:19:00,card,declined,246.24,0.00,,order:O-202609-0690,Card expired
P-202609-0704,O-202609-0690,2026-09-21T16:21:00,card,captured,246.24,7.44,2026-09-22,order:O-202609-0690,
P-202609-0705,O-202609-0691,2026-09-21T16:25:00,cash,captured,63.72,0.00,,order:O-202609-0691,
P-202609-0706,O-202609-0692,2026-09-21T16:38:00,card,captured,136.94,4.27,2026-09-22,order:O-202609-0692,
P-202609-0707,O-202609-0693,2026-09-21T17:17:00,cash,captured,218.38,0.00,,order:O-202609-0693,
P-202609-0708,O-202609-0694,2026-09-21T17:29:00,card,captured,98.50,3.16,2026-09-22,order:O-202609-0694,
P-202609-0709,O-202609-0695,2026-09-21T17:39:00,card,captured,127.66,4.00,2026-09-22,order:O-202609-0695,
P-202609-0710,O-202609-0696,2026-09-22T07:22:00,card,captured,44.28,1.58,2026-09-23,order:O-202609-0696,chip
P-202609-0711,O-202609-0697,2026-09-22T07:30:00,card,captured,124.58,3.91,2026-09-23,order:O-202609-0697,
P-202609-0712,O-202609-0698,2026-09-22T07:46:00,card,captured,249.80,7.54,2026-09-23,order:O-202609-0698,chip
P-202609-0713,O-202609-0699,2026-09-22T08:07:00,card,captured,170.42,5.24,2026-09-23,order:O-202609-0699,
P-202609-0714,O-202609-0700,2026-09-22T08:28:00,card,captured,116.64,3.68,2026-09-23,order:O-202609-0700,
P-202609-0715,O-202609-0701,2026-09-22T09:25:00,card,captured,9.72,0.58,2026-09-23,order:O-202609-0701,chip
P-202609-0716,O-202609-0702,2026-09-22T09:34:00,card,captured,154.54,4.78,2026-09-23,order:O-202609-0702,
P-202609-0717,O-202609-0703,2026-09-22T09:48:00,cash,captured,78.62,0.00,,order:O-202609-0703,
P-202609-0718,O-202609-0704,2026-09-22T10:03:00,card,captured,16.20,0.77,2026-09-23,order:O-202609-0704,
P-202609-0719,O-202609-0705,2026-09-22T10:06:00,cash,captured,233.28,0.00,,order:O-202609-0705,
P-202609-0720,O-202609-0706,2026-09-22T10:12:00,card,captured,255.31,7.70,2026-09-23,order:O-202609-0706,swipe
P-202609-0721,O-202609-0707,2026-09-22T10:15:00,card,captured,326.16,9.76,2026-09-23,order:O-202609-0707,swipe
P-202609-0722,O-202609-0708,2026-09-22T10:16:00,cash,captured,272.16,0.00,,order:O-202609-0708,
P-202609-0723,O-202609-0709,2026-09-22T10:55:00,card,captured,99.36,3.18,2026-09-23,order:O-202609-0709,chip
P-202609-0724,O-202609-0710,2026-09-22T12:20:00,card,captured,86.40,2.81,2026-09-23,order:O-202609-0710,
P-202609-0725,O-202609-0711,2026-09-22T13:12:00,card,captured,125.71,3.95,2026-09-23,order:O-202609-0711,chip
P-202609-0726,O-202609-0712,2026-09-22T13:32:00,cash,captured,311.04,0.00,,order:O-202609-0712,
P-202609-0727,O-202609-0713,2026-09-22T13:51:00,card,captured,196.56,6.00,2026-09-23,order:O-202609-0713,chip
P-202609-0728,O-202609-0714,2026-09-22T13:54:00,card,captured,92.18,2.97,2026-09-23,order:O-202609-0714,
P-202609-0729,O-202609-0715,2026-09-22T14:30:00,card,captured,212.98,6.48,2026-09-23,order:O-202609-0715,
P-202609-0730,O-202609-0716,2026-09-22T14:34:00,card,captured,192.24,5.87,2026-09-23,order:O-202609-0716,
P-202609-0731,O-202609-0718,2026-09-22T14:59:00,cash,captured,52.49,0.00,,order:O-202609-0718,
P-202609-0732,O-202609-0717,2026-09-22T14:59:00,cash,captured,146.34,0.00,,order:O-202609-0717,
P-202609-0733,O-202609-0719,2026-09-22T15:29:00,card,captured,21.82,0.93,2026-09-23,order:O-202609-0719,
P-202609-0734,O-202609-0720,2026-09-22T15:51:00,card,captured,248.40,7.50,2026-09-23,order:O-202609-0720,contactless
P-202609-0735,O-202609-0721,2026-09-22T15:57:00,card,captured,212.98,6.48,2026-09-23,order:O-202609-0721,swipe
P-202609-0736,O-202609-0722,2026-09-22T16:05:00,card,captured,82.08,2.68,2026-09-23,order:O-202609-0722,swipe
P-202609-0737,O-202609-0723,2026-09-22T16:16:00,cash,captured,24.68,0.00,,order:O-202609-0723,
P-202609-0738,O-202609-0724,2026-09-22T17:08:00,card,captured,74.52,2.46,2026-09-23,order:O-202609-0724,
P-202609-0739,O-202609-0725,2026-09-22T17:24:00,card,captured,108.86,3.46,2026-09-23,order:O-202609-0725,chip
P-202609-0740,O-202609-0726,2026-09-22T17:51:00,card,captured,51.84,1.80,2026-09-23,order:O-202609-0726,chip
P-202609-0741,O-202609-0727,2026-09-23T07:27:00,card,captured,70.20,2.34,2026-09-24,order:O-202609-0727,
P-202609-0742,O-202609-0728,2026-09-23T07:31:00,card,captured,48.82,1.72,2026-09-24,order:O-202609-0728,
P-202609-0743,O-202609-0729,2026-09-23T07:39:00,card,captured,34.34,1.30,2026-09-24,order:O-202609-0729,swipe
P-202609-0744,O-202609-0730,2026-09-23T07:42:00,card,captured,120.53,3.80,2026-09-24,order:O-202609-0730,
P-202609-0745,O-202609-0731,2026-09-23T08:06:00,card,captured,149.04,4.62,2026-09-24,order:O-202609-0731,swipe
P-202609-0746,O-202609-0732,2026-09-23T08:51:00,card,captured,56.21,1.93,2026-09-24,order:O-202609-0732,contactless
P-202609-0747,O-202609-0733,2026-09-23T09:01:00,card,captured,51.19,1.78,2026-09-24,order:O-202609-0733,
P-202609-0748,O-202609-0734,2026-09-23T09:26:00,card,captured,113.40,3.59,2026-09-24,order:O-202609-0734,
P-202609-0749,O-202609-0735,2026-09-23T09:41:00,card,captured,335.83,10.04,2026-09-24,order:O-202609-0735,contactless
P-202609-0750,O-202609-0736,2026-09-23T10:07:00,cash,captured,279.72,0.00,,order:O-202609-0736,
P-202609-0751,O-202609-0738,2026-09-23T10:30:00,card,captured,254.02,7.67,2026-09-24,order:O-202609-0738,
P-202609-0752,O-202609-0737,2026-09-23T10:30:00,cash,captured,137.86,0.00,,order:O-202609-0737,
P-202609-0753,O-202609-0739,2026-09-23T10:35:00,card,captured,11.88,0.64,2026-09-24,order:O-202609-0739,
P-202609-0754,O-202609-0740,2026-09-23T11:01:00,card,captured,86.24,2.80,2026-09-24,order:O-202609-0740,
P-202609-0755,O-202609-0741,2026-09-23T12:18:00,card,captured,8.26,0.54,2026-09-24,order:O-202609-0741,contactless
P-202609-0756,O-202609-0742,2026-09-23T12:25:00,card,captured,139.32,4.34,2026-09-24,order:O-202609-0742,
P-202609-0757,O-202609-0743,2026-09-23T12:27:00,cash,captured,129.60,0.00,,order:O-202609-0743,
P-202609-0758,O-202609-0744,2026-09-23T12:28:00,card,captured,224.21,6.80,2026-09-24,order:O-202609-0744,
P-202609-0759,O-202609-0745,2026-09-23T12:46:00,card,captured,84.24,2.74,2026-09-24,order:O-202609-0745,contactless
P-202609-0760,O-202609-0746,2026-09-23T12:48:00,card,captured,181.44,5.56,2026-09-24,order:O-202609-0746,
P-202609-0761,O-202609-0747,2026-09-23T13:03:00,card,captured,19.44,0.86,2026-09-24,order:O-202609-0747,chip
P-202609-0762,O-202609-0748,2026-09-23T13:04:00,cash,captured,197.64,0.00,,order:O-202609-0748,
P-202609-0763,O-202609-0749,2026-09-23T13:37:00,card,captured,72.31,2.40,2026-09-24,order:O-202609-0749,contactless
P-202609-0764,O-202609-0750,2026-09-23T14:35:00,cash,captured,22.03,0.00,,order:O-202609-0750,
P-202609-0765,O-202609-0752,2026-09-23T14:46:00,card,captured,127.76,4.01,2026-09-24,order:O-202609-0752,swipe
P-202609-0766,O-202609-0751,2026-09-23T14:47:00,cash,captured,100.87,0.00,,order:O-202609-0751,
P-202609-0767,O-202609-0753,2026-09-23T14:49:00,card,captured,71.50,2.37,2026-09-24,order:O-202609-0753,contactless
P-202609-0768,O-202609-0754,2026-09-23T15:20:00,cash,captured,17.50,0.00,,order:O-202609-0754,
P-202609-0769,O-202609-0755,2026-09-23T15:47:00,card,captured,46.66,1.65,2026-09-24,order:O-202609-0755,
P-202609-0770,O-202609-0756,2026-09-23T15:53:00,card,captured,335.34,10.02,2026-09-24,order:O-202609-0756,
P-202609-0771,O-202609-0757,2026-09-23T17:04:00,card,captured,46.66,1.65,2026-09-24,order:O-202609-0757,
P-202609-0772,O-202609-0759,2026-09-23T17:06:00,card,captured,79.92,2.62,2026-09-24,order:O-202609-0759,
P-202609-0773,O-202609-0758,2026-09-23T17:08:00,card,captured,289.44,8.69,2026-09-24,order:O-202609-0758,
P-202609-0774,O-202609-0760,2026-09-23T17:26:00,card,captured,84.67,2.76,2026-09-24,order:O-202609-0760,swipe
P-202609-0775,O-202609-0761,2026-09-23T17:29:00,card,captured,77.76,2.56,2026-09-24,order:O-202609-0761,contactless
P-202609-0776,O-202609-0762,2026-09-23T18:03:00,card,captured,154.60,4.78,2026-09-24,order:O-202609-0762,chip
P-202609-0777,O-202609-0763,2026-09-24T07:05:00,cash,captured,165.56,0.00,,order:O-202609-0763,
P-202609-0778,O-202609-0764,2026-09-24T07:51:00,card,captured,168.48,5.19,2026-09-25,order:O-202609-0764,
P-202609-0779,O-202609-0765,2026-09-24T08:08:00,card,captured,112.75,3.57,2026-09-25,order:O-202609-0765,
P-202609-0780,O-202609-0766,2026-09-24T08:13:00,card,captured,13.77,0.70,2026-09-25,order:O-202609-0766,
P-202609-0781,O-202609-0767,2026-09-24T08:17:00,card,captured,131.98,4.13,2026-09-25,order:O-202609-0767,
P-202609-0782,O-202609-0768,2026-09-24T08:24:00,card,captured,122.63,3.86,2026-09-25,order:O-202609-0768,
P-202609-0783,O-202609-0769,2026-09-24T08:30:00,card,captured,129.60,4.06,2026-09-25,order:O-202609-0769,chip
P-202609-0784,O-202609-0770,2026-09-24T08:43:00,card,captured,95.26,3.06,2026-09-25,order:O-202609-0770,
P-202609-0785,O-202609-0771,2026-09-24T08:48:00,card,captured,369.79,11.02,2026-09-25,order:O-202609-0771,
P-202609-0786,O-202609-0772,2026-09-24T08:50:00,card,captured,152.17,4.71,2026-09-25,order:O-202609-0772,contactless
P-202609-0787,O-202609-0773,2026-09-24T08:54:00,card,captured,22.68,0.96,2026-09-25,order:O-202609-0773,chip
P-202609-0788,O-202609-0774,2026-09-24T09:02:00,card,captured,297.76,8.94,2026-09-25,order:O-202609-0774,
P-202609-0789,O-202609-0775,2026-09-24T09:06:00,card,captured,16.20,0.77,2026-09-25,order:O-202609-0775,
P-202609-0790,O-202609-0776,2026-09-24T09:48:00,card,captured,54.00,1.87,2026-09-25,order:O-202609-0776,swipe
P-202609-0791,O-202609-0777,2026-09-24T09:55:00,cash,captured,99.36,0.00,,order:O-202609-0777,
P-202609-0792,O-202609-0778,2026-09-24T10:03:00,card,captured,33.05,1.26,2026-09-25,order:O-202609-0778,
P-202609-0793,O-202609-0779,2026-09-24T10:09:00,card,captured,196.13,5.99,2026-09-25,order:O-202609-0779,
P-202609-0794,O-202609-0780,2026-09-24T10:42:00,card,captured,65.66,2.20,2026-09-25,order:O-202609-0780,swipe
P-202609-0795,O-202609-0781,2026-09-24T11:21:00,cash,captured,70.15,0.00,,order:O-202609-0781,
P-202609-0796,O-202609-0782,2026-09-24T12:02:00,card,captured,108.53,3.45,2026-09-25,order:O-202609-0782,
P-202609-0797,O-202609-0783,2026-09-24T12:17:00,cash,captured,259.20,0.00,,order:O-202609-0783,
P-202609-0798,O-202609-0784,2026-09-24T12:19:00,card,captured,29.16,1.15,2026-09-25,order:O-202609-0784,chip
P-202609-0799,O-202609-0785,2026-09-24T12:33:00,card,captured,70.47,2.34,2026-09-25,order:O-202609-0785,contactless
P-202609-0800,O-202609-0786,2026-09-24T12:45:00,card,captured,97.74,3.13,2026-09-25,order:O-202609-0786,
P-202609-0801,O-202609-0788,2026-09-24T12:49:00,card,captured,146.12,4.54,2026-09-25,order:O-202609-0788,contactless
P-202609-0802,O-202609-0787,2026-09-24T12:49:00,card,captured,116.53,3.68,2026-09-25,order:O-202609-0787,
P-202609-0803,O-202609-0789,2026-09-24T13:04:00,card,captured,90.07,2.91,2026-09-25,order:O-202609-0789,
P-202609-0804,O-202609-0790,2026-09-24T13:50:00,card,captured,63.72,2.15,2026-09-25,order:O-202609-0790,contactless
P-202609-0805,O-202609-0791,2026-09-24T14:03:00,card,captured,68.04,2.27,2026-09-25,order:O-202609-0791,
P-202609-0806,O-202609-0792,2026-09-24T14:59:00,card,captured,64.15,2.16,2026-09-25,order:O-202609-0792,
P-202609-0807,O-202609-0793,2026-09-24T15:11:00,card,captured,44.06,1.58,2026-09-25,order:O-202609-0793,
P-202609-0808,O-202609-0794,2026-09-24T15:54:00,card,captured,47.52,1.68,2026-09-25,order:O-202609-0794,
P-202609-0809,O-202609-0795,2026-09-24T16:05:00,card,captured,330.37,9.88,2026-09-25,order:O-202609-0795,
P-202609-0810,O-202609-0796,2026-09-24T16:50:00,cash,captured,157.25,0.00,,order:O-202609-0796,
P-202609-0811,O-202609-0797,2026-09-24T17:34:00,card,captured,82.94,2.71,2026-09-25,order:O-202609-0797,
P-202609-0812,O-202609-0799,2026-09-24T17:48:00,card,captured,281.88,8.47,2026-09-25,order:O-202609-0799,swipe
P-202609-0813,O-202609-0798,2026-09-24T17:49:00,card,captured,141.37,4.40,2026-09-25,order:O-202609-0798,
P-202609-0814,O-202609-0800,2026-09-25T07:08:00,card,captured,179.77,5.51,2026-09-28,order:O-202609-0800,swipe
P-202609-0815,O-202609-0801,2026-09-25T07:14:00,cash,captured,151.63,0.00,,order:O-202609-0801,
P-202609-0816,O-202609-0802,2026-09-25T07:24:00,card,captured,80.36,2.63,2026-09-28,order:O-202609-0802,contactless
P-202609-0817,O-202609-0803,2026-09-25T07:33:00,cash,captured,304.56,0.00,,order:O-202609-0803,
P-202609-0818,O-202609-0804,2026-09-25T08:02:00,card,captured,78.30,2.57,2026-09-28,order:O-202609-0804,chip
P-202609-0819,O-202609-0805,2026-09-25T08:05:00,card,captured,187.88,5.75,2026-09-28,order:O-202609-0805,swipe
P-202609-0820,O-202609-0805,2026-09-25T08:08:00,gift_card,captured,15.00,0.00,,order:O-202609-0805,
P-202609-0821,O-202609-0806,2026-09-25T09:09:00,card,captured,75.16,2.48,2026-09-28,order:O-202609-0806,swipe
P-202609-0822,O-202609-0807,2026-09-25T09:25:00,card,captured,60.48,2.05,2026-09-28,order:O-202609-0807,swipe
P-202609-0823,O-202609-0808,2026-09-25T09:42:00,card,captured,81.65,2.67,2026-09-28,order:O-202609-0808,chip
P-202609-0824,O-202609-0809,2026-09-25T10:21:00,card,captured,84.67,2.76,2026-09-28,order:O-202609-0809,
P-202609-0825,O-202609-0810,2026-09-25T10:28:00,card,captured,435.24,12.92,2026-09-28,order:O-202609-0810,swipe
P-202609-0826,O-202609-0811,2026-09-25T10:31:00,card,captured,130.90,4.10,2026-09-28,order:O-202609-0811,
P-202609-0827,O-202609-0812,2026-09-25T10:57:00,card,captured,38.88,1.43,2026-09-28,order:O-202609-0812,
P-202609-0828,O-202609-0813,2026-09-25T11:08:00,card,captured,96.12,3.09,2026-09-28,order:O-202609-0813,
P-202609-0829,O-202609-0813,2026-09-25T11:10:00,card,captured,96.12,3.09,2026-09-28,order:O-202609-0813,swipe
P-202609-0830,O-202609-0814,2026-09-25T11:17:00,card,captured,36.94,1.37,2026-09-28,order:O-202609-0814,swipe
P-202609-0831,O-202609-0815,2026-09-25T11:21:00,card,captured,111.94,3.55,2026-09-28,order:O-202609-0815,
P-202609-0832,O-202609-0816,2026-09-25T11:41:00,cash,captured,21.60,0.00,,order:O-202609-0816,
P-202609-0833,O-202609-0817,2026-09-25T12:00:00,card,captured,231.98,7.03,2026-09-28,order:O-202609-0817,contactless
P-202609-0834,O-202609-0818,2026-09-25T12:09:00,cash,captured,129.93,0.00,,order:O-202609-0818,
P-202609-0835,O-202609-0819,2026-09-25T12:13:00,card,captured,66.10,2.22,2026-09-28,order:O-202609-0819,contactless
P-202609-0836,O-202609-0820,2026-09-25T13:11:00,cash,captured,290.52,0.00,,order:O-202609-0820,
P-202609-0837,O-202609-0821,2026-09-25T13:28:00,card,captured,69.12,2.30,2026-09-28,order:O-202609-0821,
P-202609-0838,O-202609-0822,2026-09-25T13:32:00,card,captured,136.62,4.26,2026-09-28,order:O-202609-0822,
P-202609-0839,O-202609-0823,2026-09-25T13:43:00,card,captured,128.74,4.03,2026-09-28,order:O-202609-0823,
P-202609-0840,O-202609-0824,2026-09-25T13:58:00,card,captured,152.28,4.72,2026-09-28,order:O-202609-0824,contactless
P-202609-0841,O-202609-0825,2026-09-25T14:29:00,card,captured,80.41,2.63,2026-09-28,order:O-202609-0825,chip
P-202609-0842,O-202609-0827,2026-09-25T14:34:00,cash,captured,42.12,0.00,,order:O-202609-0827,
P-202609-0843,O-202609-0828,2026-09-25T14:35:00,card,captured,96.34,3.09,2026-09-28,order:O-202609-0828,contactless
P-202609-0844,O-202609-0826,2026-09-25T14:37:00,cash,captured,48.60,0.00,,order:O-202609-0826,
P-202609-0845,O-202609-0829,2026-09-25T15:08:00,card,captured,45.36,1.62,2026-09-28,order:O-202609-0829,swipe
P-202609-0846,O-202609-0830,2026-09-25T15:13:00,cash,captured,89.64,0.00,,order:O-202609-0830,
P-202609-0847,O-202609-0831,2026-09-25T15:16:00,card,captured,63.72,2.15,2026-09-28,order:O-202609-0831,
P-202609-0848,O-202609-0832,2026-09-25T15:37:00,card,captured,46.87,1.66,2026-09-28,order:O-202609-0832,
P-202609-0849,O-202609-0832,2026-09-25T15:38:00,card,captured,104.33,3.33,2026-09-28,order:O-202609-0832,chip
P-202609-0850,O-202609-0833,2026-09-25T16:15:00,card,captured,49.68,1.74,2026-09-28,order:O-202609-0833,
P-202609-0851,O-202609-0834,2026-09-25T16:15:00,card,captured,51.84,1.80,2026-09-28,order:O-202609-0834,
P-202609-0852,O-202609-0835,2026-09-25T16:59:00,card,captured,102.81,3.28,2026-09-28,order:O-202609-0835,
P-202609-0853,O-202609-0836,2026-09-26T07:46:00,card,captured,187.27,5.73,2026-09-28,order:O-202609-0836,
P-202609-0854,O-202609-0837,2026-09-26T07:58:00,card,captured,108.00,3.43,2026-09-28,order:O-202609-0837,swipe
P-202609-0855,O-202609-0838,2026-09-26T08:06:00,cash,captured,90.72,0.00,,order:O-202609-0838,
P-202609-0856,O-202609-0839,2026-09-26T08:18:00,cash,captured,116.64,0.00,,order:O-202609-0839,
P-202609-0857,O-202609-0840,2026-09-26T08:25:00,card,captured,335.88,10.04,2026-09-28,order:O-202609-0840,chip
P-202609-0858,O-202609-0842,2026-09-26T08:44:00,cash,captured,137.16,0.00,,order:O-202609-0842,
P-202609-0859,O-202609-0841,2026-09-26T08:45:00,card,captured,136.56,4.26,2026-09-28,order:O-202609-0841,chip
P-202609-0860,O-202609-0843,2026-09-26T08:49:00,cash,captured,68.04,0.00,,order:O-202609-0843,
P-202609-0861,,2026-09-26T09:06:00,card,captured,52.70,1.83,2026-09-28,order:O-202609-0844,contactless
P-202609-0862,O-202609-0845,2026-09-26T09:27:00,card,captured,328.32,9.82,2026-09-28,order:O-202609-0845,contactless
P-202609-0863,O-202609-0846,2026-09-26T09:31:00,card,captured,78.73,2.58,2026-09-28,order:O-202609-0846,chip
P-202609-0864,O-202609-0847,2026-09-26T09:34:00,card,captured,70.63,2.35,2026-09-28,order:O-202609-0847,contactless
P-202609-0865,O-202609-0848,2026-09-26T09:45:00,card,captured,104.76,3.34,2026-09-28,order:O-202609-0848,swipe
P-202609-0866,O-202609-0849,2026-09-26T09:56:00,cash,captured,115.18,0.00,,order:O-202609-0849,
P-202609-0867,O-202609-0850,2026-09-26T10:03:00,card,captured,38.56,1.42,2026-09-28,order:O-202609-0850,chip
P-202609-0868,O-202609-0851,2026-09-26T10:07:00,cash,captured,159.99,0.00,,order:O-202609-0851,
P-202609-0869,O-202609-0852,2026-09-26T10:44:00,card,captured,54.97,1.89,2026-09-28,order:O-202609-0852,
P-202609-0870,O-202609-0853,2026-09-26T11:19:00,cash,captured,174.42,0.00,,order:O-202609-0853,
P-202609-0871,O-202609-0854,2026-09-26T11:33:00,card,captured,227.34,6.89,2026-09-28,order:O-202609-0854,
P-202609-0872,O-202609-0855,2026-09-26T11:36:00,gift_card,captured,10.00,0.00,,order:O-202609-0855,
P-202609-0873,O-202609-0855,2026-09-26T11:37:00,card,captured,344.99,10.30,2026-09-28,order:O-202609-0855,swipe
P-202609-0874,O-202609-0856,2026-09-26T11:46:00,card,captured,327.24,9.79,2026-09-28,order:O-202609-0856,
P-202609-0875,O-202609-0857,2026-09-26T11:59:00,card,captured,71.93,2.39,2026-09-28,order:O-202609-0857,contactless
P-202609-0876,O-202609-0858,2026-09-26T12:13:00,card,captured,71.93,2.39,2026-09-28,order:O-202609-0858,contactless
P-202609-0877,O-202609-0859,2026-09-26T12:24:00,card,captured,121.18,3.81,2026-09-28,order:O-202609-0859,swipe
P-202609-0878,O-202609-0860,2026-09-26T12:24:00,card,captured,328.32,9.82,2026-09-28,order:O-202609-0860,chip
P-202609-0879,O-202609-0861,2026-09-26T12:46:00,cash,captured,152.28,0.00,,order:O-202609-0861,
P-202609-0880,O-202609-0862,2026-09-26T13:06:00,card,captured,155.52,4.81,2026-09-28,order:O-202609-0862,chip
P-202609-0881,O-202609-0863,2026-09-26T13:13:00,card,captured,65.66,2.20,2026-09-28,order:O-202609-0863,
P-202609-0882,O-202609-0864,2026-09-26T13:19:00,card,captured,138.35,4.31,2026-09-28,order:O-202609-0864,chip
P-202609-0883,O-202609-0865,2026-09-26T13:30:00,cash,captured,79.70,0.00,,order:O-202609-0865,
P-202609-0884,O-202609-0866,2026-09-26T13:53:00,card,captured,25.92,1.05,2026-09-28,order:O-202609-0866,
P-202609-0885,O-202609-0867,2026-09-26T14:00:00,cash,captured,61.56,0.00,,order:O-202609-0867,
P-202609-0886,O-202609-0868,2026-09-26T14:02:00,card,captured,24.62,1.01,2026-09-28,order:O-202609-0868,
P-202609-0887,O-202609-0869,2026-09-26T14:21:00,card,captured,293.76,8.82,2026-09-28,order:O-202609-0869,contactless
P-202609-0354,O-202609-0349,2026-09-11T17:03:00,cash,captured,81.65,0.00,,order:O-202609-0349,
P-202609-0888,O-202609-0870,2026-09-26T14:52:00,card,captured,69.12,2.30,2026-09-28,order:O-202609-0870,swipe
P-202609-0889,O-202609-0872,2026-09-26T15:00:00,card,captured,61.94,2.10,2026-09-28,order:O-202609-0872,
P-202609-0890,O-202609-0871,2026-09-26T15:01:00,cash,captured,404.35,0.00,,order:O-202609-0871,
P-202609-0891,O-202609-0873,2026-09-26T15:12:00,card,captured,311.04,9.32,2026-09-28,order:O-202609-0873,
P-202609-0892,O-202609-0874,2026-09-26T15:13:00,card,captured,29.16,1.15,2026-09-28,order:O-202609-0874,swipe
P-202609-0893,O-202609-0875,2026-09-26T15:18:00,cash,captured,68.04,0.00,,order:O-202609-0875,
P-202609-0894,O-202609-0876,2026-09-26T16:13:00,cash,captured,380.70,0.00,,order:O-202609-0876,
P-202609-0895,O-202609-0877,2026-09-26T16:17:00,card,captured,32.40,1.24,2026-09-28,order:O-202609-0877,contactless
P-202609-0896,O-202609-0878,2026-09-26T16:22:00,card,captured,220.32,6.69,2026-09-28,order:O-202609-0878,contactless
P-202609-0897,O-202609-0879,2026-09-26T16:37:00,card,captured,71.50,2.37,2026-09-28,order:O-202609-0879,swipe
P-202609-0898,O-202609-0880,2026-09-26T16:48:00,card,captured,32.40,1.24,2026-09-28,order:O-202609-0880,
P-202609-0899,O-202609-0881,2026-09-26T16:50:00,card,captured,199.80,6.09,2026-09-28,order:O-202609-0881,
P-202609-0900,O-202609-0882,2026-09-26T17:38:00,card,captured,339.12,10.13,2026-09-28,order:O-202609-0882,
P-202609-0901,O-202609-0883,2026-09-27T07:34:00,cash,captured,19.44,0.00,,order:O-202609-0883,
P-202609-0902,O-202609-0884,2026-09-27T08:00:00,card,captured,19.44,0.86,2026-09-28,order:O-202609-0884,chip
P-202609-0903,O-202609-0885,2026-09-27T09:18:00,card,captured,58.32,1.99,2026-09-28,order:O-202609-0885,contactless
P-202609-0904,O-202609-0886,2026-09-27T10:15:00,card,captured,51.84,1.80,2026-09-28,order:O-202609-0886,swipe
P-202609-0905,O-202609-0887,2026-09-27T10:32:00,cash,captured,88.56,0.00,,order:O-202609-0887,
P-202609-0906,O-202609-0888,2026-09-27T11:34:00,card,captured,90.72,2.93,2026-09-28,order:O-202609-0888,
P-202609-0907,O-202609-0889,2026-09-27T11:38:00,card,captured,165.89,5.11,2026-09-28,order:O-202609-0889,
P-202609-0908,O-202609-0890,2026-09-27T11:39:00,card,captured,140.18,4.37,2026-09-28,order:O-202609-0890,
P-202609-0909,O-202609-0891,2026-09-27T11:47:00,cash,captured,41.80,0.00,,order:O-202609-0891,
P-202609-0910,O-202609-0892,2026-09-27T11:52:00,card,captured,38.88,1.43,2026-09-28,order:O-202609-0892,contactless
P-202609-0911,O-202609-0893,2026-09-27T11:53:00,card,captured,146.88,4.56,2026-09-28,order:O-202609-0893,chip
P-202609-0912,O-202609-0894,2026-09-27T12:00:00,card,captured,9.72,0.58,2026-09-28,order:O-202609-0894,
P-202609-0913,O-202609-0895,2026-09-27T12:06:00,card,captured,77.76,2.56,2026-09-28,order:O-202609-0895,
P-202609-0914,O-202609-0896,2026-09-27T12:33:00,cash,captured,122.79,0.00,,order:O-202609-0896,
P-202609-0915,O-202609-0897,2026-09-27T14:44:00,card,captured,56.59,1.94,2026-09-28,order:O-202609-0897,contactless
P-202609-0916,O-202609-0898,2026-09-27T15:14:00,card,captured,79.92,2.62,2026-09-28,order:O-202609-0898,
P-202609-0917,O-202609-0899,2026-09-27T15:59:00,card,captured,233.28,7.07,2026-09-28,order:O-202609-0899,
P-202609-0918,O-202609-0900,2026-09-27T16:08:00,card,captured,86.40,2.81,2026-09-28,order:O-202609-0900,swipe
P-202609-0919,O-202609-0901,2026-09-27T16:27:00,card,captured,31.32,1.21,2026-09-28,order:O-202609-0901,
P-202609-0920,O-202609-0902,2026-09-27T16:34:00,card,captured,83.92,2.73,2026-09-28,order:O-202609-0902,
P-202609-0921,O-202609-0903,2026-09-27T17:23:00,card,captured,92.88,2.99,2026-09-28,order:O-202609-0903,
P-202609-0922,O-202609-0904,2026-09-27T17:40:00,card,captured,50.76,1.77,2026-09-28,order:O-202609-0904,swipe
P-202609-0923,O-202609-0905,2026-09-28T08:10:00,card,captured,122.26,3.85,2026-09-29,order:O-202609-0905,
P-202609-0924,O-202609-0906,2026-09-28T08:34:00,card,captured,149.47,4.63,2026-09-29,order:O-202609-0906,
P-202609-0925,O-202609-0907,2026-09-28T08:47:00,card,captured,119.88,3.78,2026-09-29,order:O-202609-0907,
P-202609-0926,O-202609-0908,2026-09-28T09:06:00,card,captured,139.32,4.34,2026-09-29,order:O-202609-0908,
P-202609-0927,O-202609-0909,2026-09-28T09:34:00,card,captured,170.26,5.24,2026-09-29,order:O-202609-0909,swipe
P-202609-0928,O-202609-0910,2026-09-28T09:40:00,card,captured,86.94,2.82,2026-09-29,order:O-202609-0910,chip
P-202609-0929,O-202609-0911,2026-09-28T09:43:00,card,captured,21.60,0.93,2026-09-29,order:O-202609-0911,
P-202609-0930,O-202609-0912,2026-09-28T09:59:00,card,captured,58.32,1.99,2026-09-29,order:O-202609-0912,
P-202609-0931,O-202609-0913,2026-09-28T10:16:00,card,captured,45.36,1.62,2026-09-29,order:O-202609-0913,contactless
P-202609-0932,O-202609-0914,2026-09-28T10:18:00,card,captured,49.25,1.73,2026-09-29,order:O-202609-0914,
P-202609-0933,O-202609-0915,2026-09-28T11:14:00,card,captured,169.45,5.21,2026-09-29,order:O-202609-0915,swipe
P-202609-0934,O-202609-0916,2026-09-28T11:32:00,card,captured,90.50,2.92,2026-09-29,order:O-202609-0916,
P-202609-0935,O-202609-0917,2026-09-28T11:39:00,card,captured,259.20,7.82,2026-09-29,order:O-202609-0917,
P-202609-0936,O-202609-0918,2026-09-28T12:13:00,cash,captured,117.61,0.00,,order:O-202609-0918,
P-202609-0937,O-202609-0919,2026-09-28T12:20:00,card,captured,38.88,1.43,2026-09-29,order:O-202609-0919,chip
P-202609-0938,O-202609-0920,2026-09-28T12:32:00,card,captured,79.87,2.62,2026-09-29,order:O-202609-0920,
P-202609-0939,O-202609-0921,2026-09-28T13:30:00,cash,captured,192.67,0.00,,order:O-202609-0921,
P-202609-0940,O-202609-0922,2026-09-28T13:34:00,cash,captured,388.80,0.00,,order:O-202609-0922,
P-202609-0941,O-202609-0923,2026-09-28T13:41:00,card,captured,271.08,8.16,2026-09-29,order:O-202609-0923,
P-202609-0380,O-202609-0375,2026-09-12T12:16:00,card,captured,86.40,2.81,2026-09-14,order:O-202609-0375,contactless
P-202609-0942,O-202609-0924,2026-09-28T14:02:00,card,captured,216.00,6.56,2026-09-29,order:O-202609-0924,contactless
P-202609-0943,O-202609-0925,2026-09-28T14:16:00,card,captured,22.03,0.94,2026-09-29,order:O-202609-0925,swipe
P-202609-0944,O-202609-0926,2026-09-28T14:24:00,card,captured,78.41,2.57,2026-09-29,order:O-202609-0926,chip
P-202609-0945,O-202609-0927,2026-09-28T14:39:00,cash,captured,48.60,0.00,,order:O-202609-0927,
P-202609-0946,O-202609-0928,2026-09-28T14:50:00,card,captured,343.66,10.27,2026-09-29,order:O-202609-0928,contactless
P-202609-0947,O-202609-0928,2026-09-28T14:52:00,card,captured,343.66,10.27,2026-09-29,order:O-202609-0928,contactless
P-202609-0948,O-202609-0929,2026-09-28T14:59:00,card,captured,182.74,5.60,2026-09-29,order:O-202609-0929,
P-202609-0949,O-202609-0930,2026-09-28T16:08:00,card,captured,64.15,2.16,2026-09-29,order:O-202609-0930,chip
P-202609-0950,O-202609-0931,2026-09-28T16:11:00,card,captured,58.32,1.99,2026-09-29,order:O-202609-0931,chip
P-202609-0951,O-202609-0932,2026-09-28T16:19:00,card,captured,87.48,2.84,2026-09-29,order:O-202609-0932,
P-202609-0952,O-202609-0933,2026-09-28T16:23:00,card,captured,98.50,3.16,2026-09-29,order:O-202609-0933,
P-202609-0953,O-202609-0934,2026-09-28T16:59:00,cash,captured,160.70,0.00,,order:O-202609-0934,
P-202609-0954,O-202609-0935,2026-09-28T17:33:00,card,captured,285.12,8.57,2026-09-29,order:O-202609-0935,
P-202609-0955,O-202609-0936,2026-09-28T17:50:00,card,captured,46.44,1.65,2026-09-29,order:O-202609-0936,swipe
P-202609-0956,O-202609-0937,2026-09-28T17:57:00,card,captured,91.58,2.96,2026-09-29,order:O-202609-0937,
P-202609-0957,O-202609-0938,2026-09-29T08:00:00,card,captured,42.77,1.54,2026-09-30,order:O-202609-0938,chip
P-202609-0958,O-202609-0939,2026-09-29T08:17:00,card,captured,63.67,2.15,2026-09-30,order:O-202609-0939,chip
P-202609-0959,O-202609-0940,2026-09-29T08:27:00,card,captured,116.64,3.68,2026-09-30,order:O-202609-0940,
P-202609-0960,O-202609-0941,2026-09-29T08:56:00,card,captured,328.75,9.83,2026-09-30,order:O-202609-0941,swipe
P-202609-0961,O-202609-0942,2026-09-29T09:00:00,cash,captured,25.00,0.00,,order:O-202609-0942,
P-202609-0962,O-202609-0943,2026-09-29T09:11:00,card,captured,90.72,2.93,2026-09-30,order:O-202609-0943,
P-202609-0963,O-202609-0944,2026-09-29T09:18:00,card,captured,95.80,3.08,2026-09-30,order:O-202609-0944,
P-202609-0964,O-202609-0945,2026-09-29T09:41:00,card,captured,137.16,4.28,2026-09-30,order:O-202609-0945,chip
P-202609-0965,O-202609-0946,2026-09-29T10:05:00,card,captured,95.47,3.07,2026-09-30,order:O-202609-0946,swipe
P-202609-0966,O-202609-0947,2026-09-29T10:10:00,cash,captured,101.90,0.00,,order:O-202609-0947,
P-202609-0967,O-202609-0948,2026-09-29T10:22:00,card,captured,128.95,4.04,2026-09-30,order:O-202609-0948,
P-202609-0968,O-202609-0949,2026-09-29T10:50:00,card,captured,121.23,3.82,2026-09-30,order:O-202609-0949,
P-202609-0969,O-202609-0950,2026-09-29T11:05:00,card,captured,57.24,1.96,2026-09-30,order:O-202609-0950,
P-202609-0970,O-202609-0951,2026-09-29T11:13:00,card,captured,115.56,3.65,2026-09-30,order:O-202609-0951,
P-202609-0971,O-202609-0952,2026-09-29T12:13:00,card,captured,129.60,4.06,2026-09-30,order:O-202609-0952,contactless
P-202609-0972,O-202609-0953,2026-09-29T13:30:00,card,captured,120.96,3.81,2026-09-30,order:O-202609-0953,swipe
P-202609-0973,O-202609-0954,2026-09-29T13:50:00,card,captured,19.44,0.86,2026-09-30,order:O-202609-0954,chip
P-202609-0974,O-202609-0955,2026-09-29T13:52:00,cash,captured,14.58,0.00,,order:O-202609-0955,
P-202609-0975,O-202609-0956,2026-09-29T13:59:00,cash,captured,35.64,0.00,,order:O-202609-0956,
P-202609-0976,O-202609-0957,2026-09-29T14:55:00,card,captured,315.36,9.45,2026-09-30,order:O-202609-0957,
P-202609-0977,O-202609-0959,2026-09-29T15:01:00,cash,captured,198.18,0.00,,order:O-202609-0959,
P-202609-0978,O-202609-0958,2026-09-29T15:02:00,cash,captured,10.80,0.00,,order:O-202609-0958,
P-202609-0979,O-202609-0960,2026-09-29T15:03:00,card,captured,137.16,4.28,2026-09-30,order:O-202609-0960,
P-202609-0980,O-202609-0961,2026-09-29T15:13:00,cash,captured,173.01,0.00,,order:O-202609-0961,
P-202609-0981,O-202609-0962,2026-09-29T15:28:00,cash,captured,70.63,0.00,,order:O-202609-0962,
P-202609-0982,O-202609-0963,2026-09-29T15:50:00,card,captured,76.25,2.51,2026-09-30,order:O-202609-0963,
P-202609-0983,O-202609-0964,2026-09-29T16:02:00,card,captured,97.74,3.13,2026-09-30,order:O-202609-0964,contactless
P-202609-0984,O-202609-0965,2026-09-29T17:13:00,card,captured,51.52,1.79,2026-09-30,order:O-202609-0965,
P-202609-0985,O-202609-0966,2026-09-29T17:58:00,card,captured,259.20,7.82,2026-09-30,order:O-202609-0966,contactless
P-202609-0986,O-202609-0967,2026-09-30T07:58:00,card,captured,22.68,0.96,2026-10-01,order:O-202609-0967,contactless
P-202609-0987,O-202609-0968,2026-09-30T08:20:00,card,captured,29.16,1.15,2026-10-01,order:O-202609-0968,contactless
P-202609-0988,O-202609-0969,2026-09-30T08:21:00,cash,captured,22.57,0.00,,order:O-202609-0969,
P-202609-0989,O-202609-0970,2026-09-30T09:21:00,card,captured,88.13,2.86,2026-10-01,order:O-202609-0970,chip
P-202609-0990,O-202609-0971,2026-09-30T09:49:00,card,captured,89.42,2.89,2026-10-01,order:O-202609-0971,contactless
P-202609-0991,O-202609-0972,2026-09-30T10:00:00,card,captured,259.20,7.82,2026-10-01,order:O-202609-0972,chip
P-202609-0992,O-202609-0973,2026-09-30T10:03:00,card,captured,127.98,4.01,2026-10-01,order:O-202609-0973,contactless
P-202609-0993,O-202609-0974,2026-09-30T10:07:00,card,captured,259.20,7.82,2026-10-01,order:O-202609-0974,
P-202609-0994,O-202609-0975,2026-09-30T10:13:00,card,captured,47.52,1.68,2026-10-01,order:O-202609-0975,
P-202609-0995,O-202609-0976,2026-09-30T10:27:00,cash,captured,69.12,0.00,,order:O-202609-0976,
P-202609-0996,O-202609-0977,2026-09-30T10:56:00,card,captured,327.24,9.79,2026-10-01,order:O-202609-0977,swipe
P-202609-0997,O-202609-0978,2026-09-30T11:24:00,card,captured,104.65,3.33,2026-10-01,order:O-202609-0978,
P-202609-0998,O-202609-0979,2026-09-30T11:41:00,cash,captured,84.24,0.00,,order:O-202609-0979,
P-202609-0999,O-202609-0980,2026-09-30T11:51:00,cash,captured,37.80,0.00,,order:O-202609-0980,
P-202609-1000,O-202609-0981,2026-09-30T12:26:00,card,captured,90.72,2.93,2026-10-01,order:O-202609-0981,
P-202609-1001,O-202609-0982,2026-09-30T12:38:00,card,captured,62.04,2.10,2026-10-01,order:O-202609-0982,swipe
P-202609-1002,O-202609-0983,2026-09-30T12:39:00,card,captured,116.48,3.68,2026-10-01,order:O-202609-0983,
P-202609-1003,O-202609-0984,2026-09-30T12:46:00,cash,captured,71.28,0.00,,order:O-202609-0984,
P-202609-1004,O-202609-0985,2026-09-30T13:02:00,card,captured,113.40,3.59,2026-10-01,order:O-202609-0985,contactless
P-202609-1005,O-202609-0986,2026-09-30T13:24:00,cash,captured,105.84,0.00,,order:O-202609-0986,
P-202609-1006,O-202609-0987,2026-09-30T13:40:00,card,captured,95.36,3.07,2026-10-01,order:O-202609-0987,contactless
P-202609-1007,O-202609-0988,2026-09-30T13:46:00,card,captured,78.84,2.59,2026-10-01,order:O-202609-0988,chip
P-202609-1008,O-202609-0989,2026-09-30T14:00:00,card,captured,281.88,8.47,2026-10-01,order:O-202609-0989,swipe
P-202609-1009,O-202609-0990,2026-09-30T14:03:00,card,captured,130.46,4.08,2026-10-01,order:O-202609-0990,contactless
P-202609-1010,O-202609-0991,2026-09-30T14:37:00,card,captured,208.22,6.34,2026-10-01,order:O-202609-0991,contactless
P-202609-1011,O-202609-0992,2026-09-30T15:08:00,card,captured,101.52,3.24,2026-10-01,order:O-202609-0992,
P-202609-1012,O-202609-0993,2026-09-30T15:37:00,card,captured,93.31,3.01,2026-10-01,order:O-202609-0993,
P-202609-1013,O-202609-0994,2026-09-30T16:15:00,card,captured,129.60,4.06,2026-10-01,order:O-202609-0994,
P-202609-1014,O-202609-0995,2026-09-30T16:59:00,card,captured,121.50,3.82,2026-10-01,order:O-202609-0995,
P-202609-1015,O-202609-0996,2026-09-30T17:24:00,card,captured,110.70,3.51,2026-10-01,order:O-202609-0996,
P-202609-1016,O-202609-0997,2026-09-30T17:36:00,card,captured,257.26,7.76,2026-10-01,order:O-202609-0997,chip
P-202609-1017,O-202609-0998,2026-09-30T17:37:00,card,captured,152.28,4.72,2026-10-01,order:O-202609-0998,swipe
P-202609-1018,O-202609-0999,2026-09-30T17:40:00,card,captured,194.40,5.94,2026-10-01,order:O-202609-0999,
P-202609-1019,O-202609-1000,2026-09-30T17:57:00,card,captured,108.22,3.44,2026-10-01,order:O-202609-1000,chip
